Subcategory,ITEM_DESC,SOURCE,ITEM,Subcategory2
Admin Fees,OTHER CHARGES (ADMIN & PROCESSING FEES/MISC EXP),Contract,8074,
Admin Fees,ADMINISTRATION FEE,Contract,8211,
Admin Fees,LABOR,Contract,8257,
Admin Fees,PILOT SUPPLIES,Contract,8013,
Admin Fees,PROCESSING FEE,Contract,8100,
Admin Fees,ADMIN FEE SERVICES,Contract,ADMINPROCFEE,
Admin Fees,THIRD PARTY CHARGES,Contract,TAX,
Admin Fees,ADMIN FEE OF 15,Retail,2ADMIN15,
Admin Fees,THIRD PARTY CHARGES,Contract,TAX-ADJ-928,
Admin Fees,ADMINISTRATION FEE,Contract,,
Admin Fees,3RD PARTY-ADMIN FEE - EA,Contract,8017,
Admin Fees,ADMIN FEE (SERVICES),Contract,ADMINPROCFEE,
Admin Fees,ADMINISTRATION FEE - EA,Contract,8083,
Admin Fees,ADMINISTRATIVE FEE - EA,Contract,829,
Admin Fees,RISK MANAGEMENT FEE EA,Contract,8003,
Admin Fees,VENDOR ADMIN FEE,Contract,8303,
Admin Fees,VENDOR ADMINISTRATIVE FEE (AGENT),Retail,2AGT,
Admin Fees,THIRD PARTY CHARGES-HST TAX,Retail,,
Admin Fees,VENDOR ADMINISTRATIVE FEE (AGENT),Retail,,
Admin Fees,*VENDOR ADMINISTRATIVE FEE (3RD PARTY),Retail,,
Admin Fees,*VENDOR ADMINISTRATIVE FEE (3RD PARTY)-15%,Retail,,
Admin Fees,*VENDOR ADMINISTRATIVE FEE (3RD PARTY),Retail,,
Admin Fees,OTHER CHARGES (ADMIN & PROCESSING FEES/MISC EXP),Retail,,
Admin Fees,*ADMINISTRATIVE FEE,Retail,,
Admin Fees,*VENDOR ADMINISTRATIVE FEE (3RD PARTY),Retail,,
Admin Fees,ADMINISTRATIVE FEE,Retail,2ADMIN,
Admin Fees,MISC NON-TAXABLE,Retail,2MISCNT,
Admin Fees,MISCELLANEOUS,Retail,2MISC,
Admin Fees,SUPERVISION FEES,Retail,2SV,
Admin Fees,*ADMINISTRATIVE FEE-TVSA,Retail,,
Admin Fees,PILOT SERVICES,Retail,2PILS,
Admin Fees,*ADMINISTRATIVE FEE,Services,2ADMIN,
Admin Fees,*VENDOR ADMINISTRATIVE FEE (3RD PARTY),Services,2VAD,
Admin Fees,*VENDOR ADMINISTRATIVE FEE (3RD PARTY)-15%,Services,2VAD,
Admin Fees,*VENDOR ADMINISTRATIVE FEE (AGENT),Services,2AGT,
Admin Fees,*VENDOR ADMINISTRATIVE FEE (AGENT),Services,7AGT,
Admin Fees,ADMIN FEES,Services,2ADMIN,
Admin Fees,ADMIN FEES,Services,7ADMIN,
Admin Fees,*ADMINISTRATIVE FEE-+ 15%,Services,2ADMIN,
Admin Fees,*ADMINISTRATIVE FEE-10%,Services,2ADMIN,
Admin Fees,*ADMINISTRATIVE FEE-15%,Services,2ADMIN,
Admin Fees,*ADMINISTRATIVE FEE-15%,Services,2ADMIN,
Admin Fees,*ADMINISTRATIVE FEE-6%,Services,2ADMIN,
Admin Fees,*ADMINISTRATIVE FEE-ADMINISTRATION & COMMUNICATION FEES,Services,2ADMIN,
Admin Fees,*ADMINISTRATIVE FEE-ADMINISTRATION / COMMUNICATION FEE,Services,2ADMIN,
Admin Fees,*ADMINISTRATIVE FEE-EURO JET,Services,2ADMIN,
Admin Fees,*ADMINISTRATIVE FEE-EURO JET,Services,2ADMIN,
Admin Fees,*ADMINISTRATIVE FEE-HOTEL PORTO SANTO,Services,2ADMIN,
Admin Fees,*ADMINISTRATIVE FEE-MEXICO,Services,2ADMIN,
Admin Fees,*ADMINISTRATIVE FEE-MKJS,Services,2ADMIN,
Admin Fees,*ADMINISTRATIVE FEE-MKJS ADMIN,Services,2ADMIN,
Admin Fees,*ADMINISTRATIVE FEE-MKJS ADMINISTRATIVE FEES,Services,2ADMIN,
Admin Fees,*ADMINISTRATIVE FEE-TGPY,Services,2ADMIN,
Admin Fees,*AIRPORT FEES-ADMIN FEES,Services,2AC,
Admin Fees,*AIRPORT FEES-ADMINISTRATION CHARGE FOR 4 PASS,Services,2AC,
Admin Fees,*AIRPORT FEES-ADMINISTRATOR,Services,2AC,
Admin Fees,*AIRPORT FEES-TRANSFER/ADMINISTRATION/COMMUNICATION,Services,2AC,
Admin Fees,*COMMUNICATION-& ADMIN FEES,Services,2CO,
Admin Fees,*COMMUNICATION-ADMIN FEES & COMMUNICATION,Services,2CO,
Admin Fees,*COMMUNICATION-ADMINISTRATION & COMMUNICATION,Services,2CO,
Admin Fees,*COMMUNICATION-ADMINISTRATION & COMMUNICATION FEE,Services,2CO,
Admin Fees,*COMMUNICATION-ADMINISTRATION / COMMUNICATION,Services,2CO,
Admin Fees,*FUEL COORD FEE-FUEL ADMIN FEE,Services,2FC,
Admin Fees,*PASSENGER TAXES-JANUARY/MONTHLY ADMIN FEE,Services,2PXTAX,
Admin Fees,*VENDOR ADMINISTRATIVE FEE,Services,7VAD,
Admin Fees,*VENDOR ADMINISTRATIVE FEE (3RD PARTY)-15% ADMINISTRATION FEE,Services,2VAD,
Admin Fees,*VENDOR ADMINISTRATIVE FEE (3RD PARTY)-20%,Services,2VAD,
Admin Fees,*VENDOR ADMINISTRATIVE FEE (3RD PARTY)-3RD PARTY,Services,2VAD,
Admin Fees,*VENDOR ADMINISTRATIVE FEE (3RD PARTY)-EXP FEE,Services,2VAD,
Admin Fees,*VENDOR ADMINISTRATIVE FEE (3RD PARTY)-GROSS RECEIPT FEE,Services,2VAD,
Admin Fees,*VENDOR ADMINISTRATIVE FEE (3RD PARTY)-MEXICO,Services,2VAD,
Admin Fees,*VENDOR ADMINISTRATIVE FEE (3RD PARTY)-MKBS,Services,2VAD,
Admin Fees,*VENDOR ADMINISTRATIVE FEE (3RD PARTY)-MKJS,Services,2VAD,
Admin Fees,*VENDOR ADMINISTRATIVE FEE (3RD PARTY)-MKJS ADMIN,Services,2VAD,
Admin Fees,*VENDOR ADMINISTRATIVE FEE (3RD PARTY)-SERVICE CHARGE,Services,2VAD,
Admin Fees,*VENDOR ADMINISTRATIVE FEE (3RD PARTY)-TBPB,Services,2VAD,
Admin Fees,*VENDOR ADMINISTRATIVE FEE (3RD PARTY)-TBPB SERVICE CHARGE,Services,2VAD,
Admin Fees,*VENDOR ADMINISTRATIVE FEE (3RD PARTY)-TBPB SERVICE CHARGE,Services,2VAD,
Admin Fees,*VENDOR ADMINISTRATIVE FEE (3RD PARTY)-TFFF,Services,2VAD,
Admin Fees,*VENDOR ADMINISTRATIVE FEE (3RD PARTY)-TFFF ADMIN,Services,2VAD,
Admin Fees,*VENDOR ADMINISTRATIVE FEE (3RD PARTY)-TGPY,Services,2VAD,
Admin Fees,*VENDOR ADMINISTRATIVE FEE (3RD PARTY)-TLPL,Services,2VAD,
Admin Fees,*VENDOR ADMINISTRATIVE FEE (3RD PARTY)-TUPJ,Services,2VAD,
Admin Fees,*VENDOR ADMINISTRATIVE FEE (3RD PARTY)-TVSA ADMIN,Services,2VAD,
Admin Fees,*VENDOR ADMINISTRATIVE FEE (3RD PARTY)-TVSC,Services,2VAD,
Admin Fees,*VENDOR ADMINISTRATIVE FEE (3RD PARTY)-TVSC ADMIN,Services,2VAD,
Admin Fees,*VENDOR ADMINISTRATIVE FEE (AGENT)-& COORDINATION FEES,Services,2AGT,
Admin Fees,*VENDOR ADMINISTRATIVE FEE (AGENT)-OMAN,Services,2AGT,
Admin Fees,VENDOR ADMINISTRATIVE FEE (3RD PARTY),Services,2VAD,
Admin Fees,*ADMINISTRATIVE FEE-TVSC,Services,,
Admin Fees,*BANK CHARGES,Services,2BKCH,
Admin Fees,*BANK CHARGES-CREDIT CARD BANK FEE,Services,2BKCH,
Admin Fees,*BANK CHARGES-EXCHANGE RATE,Services,2BKCH,
Admin Fees,*BANK CHARGES-EXCHANGE RATE - USD / PESOS,Services,2BKCH,
Admin Fees,*BANK CHARGES-OMAN,Services,2BKCH,
Admin Fees,*BANK CHARGES-TRANSFER FEE,Services,2BKCH,
Admin Fees,*BANK CHARGES-WIRE FEE,Services,2BKCH,
Admin Fees,*BANK FEE,Services,7BKFE,
Admin Fees,*BELT LOADER-QTY 4,Services,2BELO,
Admin Fees,*CAA FEE-BENIN,Services,2CAAF,
Admin Fees,*CAA FEE-CAMBODIA,Services,2CAAF,
Admin Fees,*CAA FEE-CIVIL AVIATION AUTHORITY,Services,2CAAF,
Admin Fees,*CAA FEE-CIVIL AVIATION AUTHORITY TAX,Services,2CAAF,
Admin Fees,*CAA FEE-COTE D IVORE,Services,2CAAF,
Admin Fees,"*CAA FEE-COTE D""IVOIRE",Services,2CAAF,
Admin Fees,*CAA FEE-COTE D'IVOIRE,Services,2CAAF,
Admin Fees,*CAA FEE-COTE D'IVOIRE X2,Services,2CAAF,
Admin Fees,*CAA FEE-INBOUND,Services,2CAAF,
Admin Fees,*CAA FEE-IVORY COAST,Services,2CAAF,
Admin Fees,*CAA FEE-IVORY COAST,Services,2CAAF,
Admin Fees,*CAA FEE-MAURITANIA,Services,2CAAF,
Admin Fees,*CAA FEE-OUTBOUND,Services,2CAAF,
Admin Fees,*CAA FEE-PACA CHARGES 2016 TO CURRENT,Services,2CAAF,
Admin Fees,*CAA FEE-PAKISTAN,Services,2CAAF,
Admin Fees,*CAA FEE-PROCESSING FEE,Services,2CAAF,
Admin Fees,*CAA FEE-SAUDI ARABIA,Services,2CAAF,
Admin Fees,*CAA FEE-SAUDI ARABIA,Services,2CAAF,
Admin Fees,*CAA FEE-SIERRA LEONE,Services,2CAAF,
Admin Fees,*CAA FEES (CIVIL AVIATION AUTHORITY FEES),Services,7CAAF,
Admin Fees,*CAA FEES (CIVIL AVIATION AUTHORITY FEES)-BELGIUM,Services,7CAAF,
Admin Fees,*CAA FEES (CIVIL AVIATION AUTHORITY FEES)-INTERNATIONALIZATION,Services,7CAAF,
Admin Fees,*CAA FEES (CIVIL AVIATION AUTHORITY FEES)-SAUDI ARABIA,Services,7CAAF,
Admin Fees,*CAA FEES (CIVIL AVIATION AUTHORITY FEES)-VSAT FEE,Services,7CAAF,
Admin Fees,*CALL OUT FEE-CALLOUT/AFTERHOURS,Services,2COF,
Admin Fees,*CANCELLATION FEES-BELARUS,Services,2HY,
Admin Fees,*CANCELLATION FEES-CANCELLATION FEE 11.02.2020,Services,2HY,
Admin Fees,*CANCELLATION FEES-CAR CANCELLATION,Services,2HY,
Admin Fees,*CANCELLATION FEES-FLIGHT,Services,2HY,
Admin Fees,*CANCELLATION FEES-FLIGHT CANCELLED,Services,7HY,
Admin Fees,*CANCELLATION FEES-LATE CANCELLATION FEE,Services,7HY,
Admin Fees,*CANCELLATION FEES-OVERFLIGHT - URGENT - LAO PEOPLES DEMOCRATIC REPUBLIC,Services,2HY,
Admin Fees,*CANCELLATION FEES-PAKISTAN,Services,2HY,
Admin Fees,*CANCELLATION FEES-REPUBLIC OF KOREA,Services,2HY,
Admin Fees,*CANCELLATION FEES-RUSSIAN FEDERATION,Services,2HY,
Admin Fees,*CANCELLATION FEES-SHORT NOTICE,Services,2HY,
Admin Fees,*CANCELLATION FEES-TRANSPORTATION,Services,2HY,
Admin Fees,*CANCELLATION FEES-TURKMENISTAN,Services,2HY,
Admin Fees,"*CANCELLATION FEES-VEGY,VEBN,VEKO,VEBN,VAUD,VIJP,VIDP",Services,2HY,
Admin Fees,*CAA FEE,Services,,
Hangar Services,APU/GPU CHARGES,Retail,2APU,
APIS,APIS COORDINATION -ARRIVAL-COLOMBIA,Services,1APIS,
APIS,APIS COORDINATION -ARRIVAL-REVISION-UNITED STATES,Services,1APIS,
APIS,APIS COORDINATION -CARICOM-SAINT VINCENT AND THE GRENADINES,Services,1APIS,
APIS,APIS COORDINATION -CHARTER-DEPARTURE-COLOMBIA,Services,1APIS,
APIS,APIS COORDINATION -CHARTER-DEPARTURE-UNITED STATES,Services,1APIS,
APIS,APIS COORDINATION -CHARTER-DEPARTURE-UNITED STATES,Services,1APIS,
APIS,APIS COORDINATION -CHARTER-REVISION-UNITED STATES,Services,1APIS,
APIS,APIS COORDINATION -COLOMBIA-ARRIVAL-COLOMBIA,Services,1APIS,
APIS,APIS COORDINATION -COLOMBIA-DEPARTURE-COLOMBIA,Services,1APIS,
APIS,APIS COORDINATION -DEPARTURE-COLOMBIA,Services,1APIS,
APIS,APIS COORDINATION -ARRIVAL-COLOMBIA,Services,,
APIS,APIS COORDINATION -CHARTER-DEPARTURE-COLOMBIA,Services,,
APIS,APIS COORDINATION -CHARTER-DEPARTURE-COLOMBIA,Services,,
APIS,APIS COORDINATION -CHARTER-DEPARTURE-COLOMBIA,Services,,
APIS,APIS COORDINATION -CHARTER-DEPARTURE-COLOMBIA,Services,,
APIS,APIS COORDINATION -CHARTER-DEPARTURE-COLOMBIA,Services,,
APIS,APIS COORDINATION -CHARTER-DEPARTURE-UNITED STATES,Services,,
APIS,APIS COORDINATION -CHARTER-DEPARTURE-UNITED STATES,Services,,
APIS,APIS COORDINATION -CHARTER-REVISION-UNITED STATES,Services,,
APIS,APIS COORDINATION -CHARTER-REVISION-UNITED STATES,Services,,
APIS,APIS COORDINATION -COLOMBIA-ARRIVAL-COLOMBIA,Services,,
APIS,APIS COORDINATION -COLOMBIA-ARRIVAL-COLOMBIA,Services,,
APIS,APIS COORDINATION -COLOMBIA-ARRIVAL-COLOMBIA,Services,,
APIS,APIS COORDINATION -COLOMBIA-ARRIVAL-COLOMBIA,Services,,
APIS,APIS COORDINATION -COLOMBIA-DEPARTURE-COLOMBIA,Services,,
APIS,APIS COORDINATION -COLOMBIA-DEPARTURE-COLOMBIA,Services,,
APIS,APIS COORDINATION -COLOMBIA-DEPARTURE-COLOMBIA,Services,,
APIS,APIS COORDINATION -COLOMBIA-DEPARTURE-COLOMBIA,Services,,
APIS,APIS COORDINATION -COLOMBIA-DEPARTURE-COLOMBIA,Services,,
APIS,APIS COORDINATION -DEPARTURE-COLOMBIA,Services,,
APIS,APIS COORDINATION -CARICOM-SAINT VINCENT AND THE GRENADINES,Services,,
APIS,APIS COORDINATION -CARICOM-SAINT VINCENT AND THE GRENADINES,Services,,
APIS,APIS COORDINATION -ARRIVAL-REVISION-UNITED STATES,Services,,
APIS,*APIS NOTIFICATIONS-IN/OUT,Services,2APIS,
APIS,APIS CARICOM,Services,1APIS,
APIS,APIS CARICOM-ANTIGUA AND BARBUDA,Services,1APIS,
APIS,APIS CARICOM-BARBADOS,Services,1APIS,
APIS,APIS CARICOM-CAYMAN ISLANDS,Services,1APIS,
APIS,APIS CARICOM-CAYMAN ISLANDS-DEPARTURE,Services,1APIS,
APIS,APIS CARICOM-GRENADA,Services,1APIS,
APIS,APIS CARICOM-GUYANA,Services,1APIS,
APIS,APIS CARICOM-JAMAICA,Services,1APIS,
APIS,APIS CARICOM-REVISION-BARBADOS,Services,1APIS,
APIS,APIS CARICOM-REVISION-CAYMAN ISLANDS,Services,1APIS,
APIS,APIS CARICOM-REVISION-JAMAICA,Services,1APIS,
APIS,APIS CARICOM-REVISION-SAINT VINCENT ARRIVAL,Services,1APIS,
APIS,APIS CARICOM-REVISION-SAINT VINCENT DEPARTURE,Services,1APIS,
APIS,APIS CARICOM-SAINT KITTS AND NEVIS,Services,1APIS,
APIS,APIS CARICOM-SAINT LUCIA,Services,1APIS,
APIS,APIS CARICOM-SAINT VINCENT AND THE GRENADINES,Services,1APIS,
APIS,APIS CARICOM-SAINT VINCENT ARRIVAL,Services,1APIS,
APIS,APIS CARICOM-SAINT VINCENT DEPARTURE,Services,1APIS,
APIS,APIS CARICOM-TRINIDAD AND TOBAGO,Services,1APIS,
APIS,APIS COORDINATION -ARRIVAL-MEXICO,Services,1APIS,
APIS,APIS COORDINATION -ARRIVAL-UNITED STATES,Services,1APIS,
APIS,APIS COORDINATION -CARICOM -REVISION-CAYMAN ISLANDS,Services,1APIS,
APIS,APIS COORDINATION -CARICOM -REVISION-SAINT VINCENT AND THE GRENADINES,Services,1APIS,
APIS,APIS COORDINATION -CARICOM-CAYMAN ISLANDS,Services,1APIS,
APIS,APIS COORDINATION -CHARTER-ARRIVAL-UNITED STATES,Services,1APIS,
APIS,APIS COORDINATION -DEPARTURE-MEXICO,Services,1APIS,
APIS,APIS COORDINATION -DEPARTURE-REVISION-UNITED STATES,Services,1APIS,
APIS,APIS COORDINATION -DEPARTURE-UNITED STATES,Services,1APIS,
APIS,APIS COORDINATION -MEXICO-ARRIVAL-MEXICO,Services,1APIS,
APIS,APIS COORDINATION -MEXICO-DEPARTURE-MEXICO,Services,1APIS,
APIS,APIS COORDINATION -PRIVATE-ARRIVAL,Services,1APIS,
APIS,APIS COORDINATION -PRIVATE-ARRIVAL-REVISION-UNITED STATES,Services,1APIS,
APIS,APIS COORDINATION -PRIVATE-DEPARTURE-REVISION-MEXICO,Services,1APIS,
APIS,APIS COORDINATION-CHARTER-ARRIVAL,Services,1APIS,
APIS,APIS COORDINATION-CHARTER-ARRIVAL-PUERTO RICO,Services,1APIS,
APIS,APIS COORDINATION-CHARTER-ARRIVAL-UNITED STATES,Services,1APIS,
APIS,APIS COORDINATION-CHARTER-DEPARTURE,Services,1APIS,
APIS,APIS COORDINATION-CHARTER-DEPARTURE-COLOMBIA,Services,1APIS,
APIS,APIS COORDINATION-CHARTER-DEPARTURE-MEXICO,Services,1APIS,
APIS,APIS COORDINATION-CHARTER-DEPARTURE-PUERTO RICO,Services,1APIS,
APIS,APIS COORDINATION-CHARTER-DEPARTURE-UNITED STATES,Services,1APIS,
APIS,APIS COORDINATION-CHARTER-DEPARTURE-UNITED STATES VIRGIN ISLANDS,Services,1APIS,
APIS,APIS COORDINATION-CHARTER-REVISION,Services,1APIS,
APIS,APIS COORDINATION-CHARTER-REVISION-COLOMBIA,Services,1APIS,
APIS,APIS COORDINATION-CHARTER-REVISION-MEXICO,Services,1APIS,
APIS,APIS COORDINATION-CHARTER-REVISION-UNITED STATES,Services,1APIS,
APIS,APIS COORDINATION-COLOMBIA-ARRIVAL-COLOMBIA,Services,1APIS,
APIS,APIS COORDINATION-COLOMBIA-DEPARTURE-COLOMBIA,Services,1APIS,
APIS,APIS COORDINATION-MEXICO-ARRIVAL,Services,1APIS,
APIS,APIS COORDINATION-MEXICO-ARRIVAL-MEXICO,Services,1APIS,
APIS,APIS COORDINATION-MEXICO-DEPARTURE,Services,1APIS,
APIS,APIS COORDINATION-MEXICO-DEPARTURE-MEXICO,Services,1APIS,
APIS,APIS COORDINATION-MEXICO-DEPARTURE-UNITED STATES,Services,1APIS,
APIS,APIS COORDINATION-PRIVATE-ARRIVAL,Services,1APIS,
APIS,APIS COORDINATION-PRIVATE-ARRIVAL-FINLAND,Services,1APIS,
APIS,APIS COORDINATION-PRIVATE-ARRIVAL-GUAM,Services,1APIS,
APIS,APIS COORDINATION-PRIVATE-ARRIVAL-MEXICO,Services,1APIS,
APIS,APIS COORDINATION-PRIVATE-ARRIVAL-PUERTO RICO,Services,1APIS,
APIS,APIS COORDINATION-PRIVATE-ARRIVAL-REVISION,Services,1APIS,
APIS,APIS COORDINATION-PRIVATE-ARRIVAL-REVISION-COLOMBIA,Services,1APIS,
APIS,APIS COORDINATION-PRIVATE-ARRIVAL-REVISION-FINLAND,Services,1APIS,
APIS,APIS COORDINATION-PRIVATE-ARRIVAL-REVISION-MEXICO,Services,1APIS,
APIS,APIS COORDINATION-PRIVATE-ARRIVAL-REVISION-PUERTO RICO,Services,1APIS,
APIS,APIS COORDINATION-PRIVATE-ARRIVAL-REVISION-UNITED ARAB EMIRATES,Services,1APIS,
APIS,APIS COORDINATION-PRIVATE-ARRIVAL-REVISION-UNITED STATES,Services,1APIS,
APIS,APIS COORDINATION-PRIVATE-ARRIVAL-REVISION-UNITED STATES,Services,1APIS,
APIS,APIS COORDINATION-PRIVATE-ARRIVAL-UNITED ARAB EMIRATES,Services,1APIS,
APIS,APIS COORDINATION-PRIVATE-ARRIVAL-UNITED ARAB EMIRATES.,Services,1APIS,
APIS,APIS COORDINATION-PRIVATE-ARRIVAL-UNITED STATES,Services,1APIS,
APIS,APIS COORDINATION-PRIVATE-DEPARTURE,Services,1APIS,
APIS,APIS COORDINATION-PRIVATE-DEPARTURE-FINLAND,Services,1APIS,
APIS,APIS COORDINATION-PRIVATE-DEPARTURE-GUAM,Services,1APIS,
APIS,APIS COORDINATION-PRIVATE-DEPARTURE-MEXICO,Services,1APIS,
APIS,APIS COORDINATION-PRIVATE-DEPARTURE-PUERTO RICO,Services,1APIS,
APIS,APIS COORDINATION-PRIVATE-DEPARTURE-UNITED ARAB EMIRATES,Services,1APIS,
APIS,APIS COORDINATION-PRIVATE-DEPARTURE-UNITED ARAB EMIRATES.,Services,1APIS,
APIS,APIS COORDINATION-PRIVATE-DEPARTURE-UNITED STATES,Services,1APIS,
APIS,APIS COORDINATION-PRIVATE-DEPARTURE-UNITED STATES,Services,1APIS,
APIS,APIS COORDINATIONPRIVATE-DEPARTURE-REVISION,Services,1APIS,
APIS,APIS COORDINATIONPRIVATE-DEPARTURE-REVISION-MEXICO,Services,1APIS,
APIS,APIS COORDINATIONPRIVATE-DEPARTURE-REVISION-MEXICO,Services,1APIS,
APIS,APIS COORDINATIONPRIVATE-DEPARTURE-REVISION-UNITED STATES,Services,1APIS,
APIS,APIS COORDINATIONPRIVATE-DEPARTURE-REVISION-UNITED STATES,Services,1APIS,
APIS,APIS COORDINATIONPRIVATE-DEPARTURE-REVISION-UNITED STATES NO DELIVERY,Services,1APIS,
APIS,APIS NOTIFICATIONS-UNITED STATES,Services,6APIS,
APIS,CANPASS-CANADA,Services,1CAPA,
APIS,CANPASS-REVISION-CANADA,Services,1CAPAR,
Flight Plans,*APU/GPU CHARGES,Services,2APU,
Avgas,AVGAS,Contract,AVGAS,
Catering,CATERING,Contract,837,
Catering,DISHES,Contract,8357,
Catering,DISHWASHING SERVICE,Contract,8069,
Catering,IN-FLIGHT CATERING DISPOSAL,Contract,8073,
Catering,CATERING,Retail,2CA,
Catering,*CATERING-ICE & DELIVERY,Retail,,
Catering,TABLE LINENS ON AIRCRAFT,Retail,2LIN,
Catering,*CATERING,Services,2CA,
Catering,*CATERING,Services,7CA,
Catering,*AIRPORT FEES-CATERING,Services,2AC,
Catering,*AGENT HANDLING-CATERING,Services,2AH,
Catering,*CATERING-CATERING HANDLING,Services,2CA,
Catering,*CATERING-HANDLING,Services,2CA,
Catering,*CATERING-ICE & HANDLING,Services,2CA,
Catering,*CATERING-HANDLER HOTEL & MEALS,Services,2CA,
Catering,*CATERING-HOTEL,Services,2CA,
Catering,*CATERING COORDINATION FEE (3RD PARTY),Services,2CA,
Catering,*CATERING COORDINATION FEE (3RD PARTY)-CATERING DELIVERY,Services,2CA,
Catering,*CATERING COORDINATION FEE (3RD PARTY)-DELIVERY,Services,2CA,
Catering,*CATERING COORDINATION FEE (3RD PARTY)-DELIVERY,Services,2CA,
Catering,*CATERING COORDINATION FEE (3RD PARTY)-FBO,Services,2CA,
Catering,*CATERING SETUPS,Services,2CA,
Catering,*CATERING SETUPS-FBO,Services,2CA,
Catering,*CATERING-& DELIVERY,Services,2CA,
Catering,*CATERING-& DELIVERY,Services,2CA,
Catering,*CATERING-& DELIVERY FEE,Services,2CA,
Catering,*CATERING-& LAUNDRY,Services,2CA,
Catering,*CATERING-2.5%,Services,2CA,
Catering,*CATERING-3 ICE,Services,2CA,
Catering,*CATERING-7.7%,Services,2CA,
Catering,*CATERING-ABSOLUTE TASTE INFLIGHT BY GATE GOURMET,Services,2CA,
Catering,*CATERING-AIR CULINAIRE,Services,2CA,
Catering,*CATERING-ATLANTIC AVIATION PHL,Services,2CA,
Catering,*CATERING-BOND WAREHOUSE FEE FOR CATERING BAGS,Services,2CA,
Catering,*CATERING-BOTTLE WATER/SOFT DRINKS,Services,2CA,
Catering,*CATERING-BY SAMSAON,Services,2CA,
Catering,*CATERING-CANCELLATION FEE,Services,2CA,
Catering,*CATERING-CATERING / HIGH LOADER SERVICE,Services,2CA,
Catering,*CATERING-CATERING / ICE,Services,2CA,
Catering,*CATERING-CATERING / ICE,Services,2CA,
Catering,*CATERING-CATERING AND ICE,Services,2CA,
Catering,*CATERING-CATERING DISBURSEMENT,Services,2CA,
Catering,*CATERING-CATERING REQUIREMENTS,Services,2CA,
Catering,*CATERING-CATERING TRANSPO,Services,2CA,
Catering,*CATERING-COFFEE,Services,2CA,
Catering,*CATERING-COFFEE & ICE,Services,2CA,
Catering,*CATERING-COFFEE & ICE & HOT WATER,Services,2CA,
Catering,*CATERING-COFFEE / HOT WATER / ICE,Services,2CA,
Catering,*CATERING-COFFEE / ICE,Services,2CA,
Catering,"*CATERING-COFFEE, WATER, ICE",Services,2CA,
Catering,*CATERING-COFFEE/HOT WATER & ICE,Services,2CA,
Catering,*CATERING-COFFEE/ICE,Services,2CA,
Catering,*CATERING-COFFEE/ICE/HOT WATER,Services,2CA,
Catering,*CATERING-COFFEE/ICE/TEA,Services,2CA,
Catering,*CATERING-COMMISSION,Services,2CA,
Catering,*CATERING-DELIVERING SERVICE,Services,2CA,
Catering,*CATERING-DELIVERY,Services,2CA,
Catering,*CATERING-DELIVERY,Services,2CA,
Catering,*CATERING-DELIVERY FEE,Services,2CA,
Catering,*CATERING-DISBURSEMENT ON ICE CUBE,Services,2CA,
Catering,*CATERING-DNATA US INFLIGHT CATERING,Services,2CA,
Catering,*CATERING-DRINKING WATER,Services,2CA,
Catering,*CATERING-DRINKING WATER SERVICE,Services,2CA,
Catering,*CATERING-EXTRA SERVICE ICE,Services,2CA,
Catering,*CATERING-FLIGHT POSTPONED - SHORT NOTICE,Services,2CA,
Catering,*CATERING-FOOD & DELIVERY,Services,2CA,
Catering,*CATERING-FOUR SEASONS AVIATION CATERING,Services,2CA,
Catering,*CATERING-FRILLS CATERING,Services,2CA,
Catering,*CATERING-GODDARD CATERING GROUP,Services,2CA,
Catering,*CATERING-HIGH FLYING FOOD LTD,Services,2CA,
Catering,*CATERING-HOT WATER,Services,2CA,
Catering,*CATERING-HOT WATER & ICE,Services,2CA,
Catering,*CATERING-HOT WATER/ICE,Services,2CA,
Catering,*CATERING-ICE,Services,2CA,
Catering,*CATERING-ICE,Services,2CA,
Catering,*CATERING-ICE & COFEE,Services,2CA,
Catering,*CATERING-ICE & COFFEE,Services,2CA,
Catering,*CATERING-ICE & COFFEE,Services,2CA,
Catering,*CATERING-ICE & HOT WATER & COFFEE,Services,2CA,
Catering,*CATERING-ICE & MILK,Services,2CA,
Catering,*CATERING-ICE / COFFEE,Services,2CA,
Catering,*CATERING-ICE CUBES,Services,2CA,
Catering,*CATERING-ICE CUBES & TRANSPORT,Services,2CA,
Catering,*CATERING-ICE CUBES/COFFEE,Services,2CA,
Catering,*CATERING-ICE SUPPLY,Services,2CA,
Catering,"*CATERING-ICE, CATERING & MILK ",Services,2CA,
Catering,*CATERING-ICE/COFFEE,Services,2CA,
Catering,*CATERING-ICE/RFRI STORAGE,Services,2CA,
Catering,*CATERING-ICECUBES/COFFEE,Services,2CA,
Catering,*CATERING-ICED,Services,2CA,
Catering,*CATERING-ICW,Services,2CA,
Catering,*CATERING-IN FLIGHT,Services,2CA,
Catering,*CATERING-IN FLIGHT CATERING - STILL WATER&  SOFT DRINKS,Services,2CA,
Catering,*CATERING-IN FLIGHT CATERING STILL WATER & SOFT DRINKS,Services,2CA,
Catering,*CATERING-IN-FLIGHT,Services,2CA,
Catering,*CATERING-IN-FLIGHT CATERING,Services,2CA,
Catering,*CATERING-IN-FLIGHT CATERING,Services,2CA,
Catering,*CATERING-INCL ARRANGEMENT,Services,2CA,
Catering,*CATERING-INCL COLLECTION,Services,2CA,
Catering,*CATERING-INCL DELIVERY,Services,2CA,
Catering,*CATERING-INCL MEAL PICKUP,Services,2CA,
Catering,*CATERING-INCL TRANSPORT,Services,2CA,
Catering,*CATERING-INCLUDING TABLE FLOWERS,Services,2CA,
Catering,*CATERING-KINCAID GRILL,Services,2CA,
Catering,*CATERING-LARGE ICE BAG,Services,2CA,
Catering,*CATERING-MINERAL WATER/ICE,Services,2CA,
Catering,*CATERING-NAMIBIA FLIGHT SUPPORT,Services,2CA,
Catering,*CATERING-NON FLIGHT CATERING (HIGH FLYING FOODS) & ICE,Services,2CA,
Catering,*CATERING-ON BOARD DELIVERY,Services,2CA,
Catering,*CATERING-ORANGE JUICE,Services,2CA,
Catering,*CATERING-PRIVATE CATERING,Services,2CA,
Catering,*CATERING-REF STORAGE/ICE,Services,2CA,
Catering,*CATERING-REPLENISHMENT OF DRINKING WATER,Services,2CA,
Catering,*CATERING-ROKAF,Services,2CA,
Catering,*CATERING-SAMSON,Services,2CA,
Catering,*CATERING-SERVICE 1,Services,2CA,
Catering,*CATERING-SERVICE 2,Services,2CA,
Catering,*CATERING-SNACK BOX & STILL WATER,Services,2CA,
Catering,*CATERING-SOFT DRINKS / BOTTLED WATER,Services,2CA,
Catering,*CATERING-STILL WATER  & SOFT DRINKS,Services,2CA,
Catering,*CATERING-SUPPLY TO AIRCRAFT,Services,2CA,
Catering,*CATERING-TRANSPORTATION,Services,2CA,
Catering,*CATERING-UPLIFT,Services,2CA,
Catering,*CATERING-WATER,Services,2CA,
Catering,*CATERING-WATER & ICE,Services,2CA,
Catering,*CATERING-WATER- 6 STILL WATERS,Services,2CA,
Catering,*CATERING-WET ICE,Services,2CA,
Catering,*CATERING-WET ICE/COFFEE,Services,2CA,
Catering,*CATERING-WINE,Services,2CA,
Catering,*WASTE DISPOSAL-CATERING DISPOSAL,Services,2TC,Jet Fuel
Catering,*WASTE DISPOSAL-IN FLIGHT CATERING DISPOSAL,Services,2TC,Jet Fuel
Catering,*WASTE DISPOSAL-INFLIGHT CATERING,Services,2TC,Jet Fuel
Catering,*WASTE DISPOSAL-INTERNATIONAL,Services,2TC,Jet Fuel
Catering,*WASTE DISPOSAL-INTERNATIONAL WASTE DISPOSAL,Services,2TC,Jet Fuel
Catering,*WASTE DISPOSAL-RACINE COMMERCIAL AIRPORT / INTN'L TRASH REMOVAL,Services,2TC,Jet Fuel
Customs,CUSTOMS FEE,Contract,8530,
Customs,CUSTOMS DUTY - EA,Contract,8018,
Customs,CUSTOMS FEE - EA,Contract,853,
Customs,IMMIGRATION,Retail,2CU,
Customs,FBO CUSTM CODE/SEE RCPT,Retail,2FBO,
Customs,HEALTH AUTH FEES,Retail,2HAF,
Customs,TOURIST CARDS,Retail,2TOUR,
Customs,VISA CHARGE,Retail,2VISA,
Customs,*CUSTOMS,Services,7CUS,
Customs,*CUSTOMS FEE,Services,2CUS,
Customs,CUSTOMS FEE,Services,2CUS,
Customs,IMMIGRATION,Services,2CU,
Customs,*IMMIGRATION,Services,,
Customs,*IMMIGRATION-MIGRATORY SERVICE TAX,Services,,
Customs,*BAGGAGE TRACTOR,Services,2BH,
Customs,*BAGGAGE TRACTOR-TROLLEY,Services,2BH,
Customs,*COORDINATION FEE-CUSTOMS & MIGRATION,Services,2GR,
Customs,*COORDINATION FEE-IMMIGRATION & CUSTOMS FOR ARRIVAL/DEPARTURE,Services,2GR,
Customs,*COORDINATION FEE-IMMIGRATION/CUSTOMS,Services,2GR,
Customs,*CREW SERVICES-BRITISH AIRWAYS / V. MANERA / EXTRA BAGGAGE,Services,2CRSVC,
Customs,*CUSTOMS AND IMMIGRATION,Services,7CU,
Customs,*CUSTOMS AND IMMIGRATION-CREW,Services,7CU,
Customs,*CUSTOMS AND IMMIGRATION-PROCESSING FEE & AQIS,Services,7CU,
Customs,*CUSTOMS FEE-& HEALTH,Services,2CUS,
Customs,*CUSTOMS FEE-& IMMIGRATION,Services,2CUS,
Customs,*CUSTOMS FEE-& IMMIGRATION,Services,2CUS,
Customs,*CUSTOMS FEE-& IMMIGRATIONS,Services,2CUS,
Customs,"*CUSTOMS FEE-, IMMIGRATION, QUARANTINE",Services,2CUS,
Customs,*CUSTOMS FEE-ARR / DEP,Services,2CUS,
Customs,*CUSTOMS FEE-ARRIVAL & DEPARTURE,Services,2CUS,
Customs,*CUSTOMS FEE-ATTENDANCE,Services,2CUS,
Customs,*CUSTOMS FEE-ATTENDANCE AND CLEARANCE CHARGES,Services,2CUS,
Customs,*CUSTOMS FEE-BDA GOVT,Services,2CUS,
Customs,*CUSTOMS FEE-BDA GOVT CUSTOMS FEE,Services,2CUS,
Customs,*CUSTOMS FEE-BORDER AUTHORITIES CHARGE,Services,2CUS,
Customs,*CUSTOMS FEE-BORDER CROSSING TAX,Services,2CUS,
Customs,*CUSTOMS FEE-BORDER FORCE,Services,2CUS,
Customs,*CUSTOMS FEE-CAYMAN APIS,Services,2CUS,
Customs,*CUSTOMS FEE-CAYMAN APIS IN/OUT,Services,2CUS,
Customs,*CUSTOMS FEE-CIP CHARGES,Services,2CUS,
Customs,*CUSTOMS FEE-CIQ,Services,2CUS,
Customs,*CUSTOMS FEE-CIQ ARRIVAL & DEPARTURE,Services,2CUS,
Customs,*CUSTOMS FEE-CIQ ARRIVAL/DEPARTURE,Services,2CUS,
Customs,*CUSTOMS FEE-CIQ ASSISTANCE,Services,2CUS,
Customs,*CUSTOMS FEE-CIQ ASSISTANCE FEE,Services,2CUS,
Customs,*CUSTOMS FEE-CIQ FACILITIES,Services,2CUS,
Customs,*CUSTOMS FEE-CIQ FACILITIES,Services,2CUS,
Customs,*CUSTOMS FEE-CLEARANCE,Services,2CUS,
Customs,*CUSTOMS FEE-CLEARANCE & PARKING,Services,2CUS,
Customs,*CUSTOMS FEE-CUSTOM ATTENDANCE / FLIGHT CLEARANCE CHARGES,Services,2CUS,
Customs,*CUSTOMS FEE-CUSTOMS & IMMIGRATION,Services,2CUS,
Customs,*CUSTOMS FEE-CUSTOMS AGENT FEE FOR FILING BILL OF ENTRY FOR FUEL DUTY,Services,2CUS,
Customs,*CUSTOMS FEE-CUSTOMS ARRIVAL SURCHARGE,Services,2CUS,
Customs,*CUSTOMS FEE-CUSTOMS ATTENDANCE / FLIGHT CLEARANCE CHARGES,Services,2CUS,
Customs,*CUSTOMS FEE-CUSTOMS OVERTIME,Services,2CUS,
Customs,*CUSTOMS FEE-CUSTOMS PAPERWORK FOR CATERING,Services,2CUS,
Customs,*CUSTOMS FEE-CUSTOMS PAPERWORK FOR CATERING,Services,2CUS,
Customs,*CUSTOMS FEE-CUSTOMS SURCHARGE ARRIVAL ? DEPARTURE SURCHARGE,Services,2CUS,
Customs,*CUSTOMS FEE-CUSTOMS-PROCESSING,Services,2CUS,
Customs,*CUSTOMS FEE-CUSTOMS/IMMIGRATION,Services,2CUS,
Customs,*CUSTOMS FEE-DECAL / B55411,Services,2CUS,
Customs,*CUSTOMS FEE-DECAL / B66666,Services,2CUS,
Customs,*CUSTOMS FEE-DECAL / DTOPS,Services,2CUS,
Customs,*CUSTOMS FEE-DECAL /DTOPS,Services,2CUS,
Customs,*CUSTOMS FEE-DECAL/ B66666,Services,2CUS,
Customs,*CUSTOMS FEE-DECAL/DTOPS,Services,2CUS,
Customs,*CUSTOMS FEE-DTOPS / DECAL,Services,2CUS,
Customs,*CUSTOMS FEE-DTOPS / DECAL / B00777,Services,2CUS,
Customs,*CUSTOMS FEE-FOR SHIPMENT OF MONITOR/ OUTLINE AIRSHOW,Services,2CUS,
Customs,*CUSTOMS FEE-FOREIGN OPERATOR'S FEE,Services,2CUS,
Customs,*CUSTOMS FEE-GOVERNMENT TAX,Services,2CUS,
Customs,*CUSTOMS FEE-H.M. CUSTOM ATTENDANCE / FLIGHT CLEARANCE CHARGES,Services,2CUS,
Customs,*CUSTOMS FEE-HOLIDAY,Services,2CUS,
Customs,*CUSTOMS FEE-IGM/EGM FEE FOR INTERNATIONAL ARRIVALS,Services,2CUS,
Customs,*CUSTOMS FEE-IMMIGRATION,Services,2CUS,
Customs,*CUSTOMS FEE-IMMIGRATION OVERTIME,Services,2CUS,
Customs,*CUSTOMS FEE-IMMIGRATION REVENUE,Services,2CUS,
Customs,*CUSTOMS FEE-IMMIGRATIONS,Services,2CUS,
Customs,*CUSTOMS FEE-INTERNATIONAL DEPARTURE,Services,2CUS,
Customs,*CUSTOMS FEE-INWARD/OUTWARD,Services,2CUS,
Customs,*CUSTOMS FEE-INWARD/OUTWARD,Services,2CUS,
Customs,*CUSTOMS FEE-MIGRATIONS INTERNATIONAL,Services,2CUS,
Customs,*CUSTOMS FEE-MULTIPLE ENTRY PERMITS,Services,2CUS,
Customs,*CUSTOMS FEE-NATIONAL TREASURY PALAU / CUSTOMS OVERTIME IMMIGRATION,Services,2CUS,
Customs,*CUSTOMS FEE-NEPZA,Services,2CUS,
Customs,*CUSTOMS FEE-O.I.R.S.A R/085042,Services,2CUS,
Customs,*CUSTOMS FEE-ON FUEL ON BOARD ON ARRIVAL,Services,2CUS,
Customs,*CUSTOMS FEE-OUTWARD,Services,2CUS,
Customs,*CUSTOMS FEE-OVERTIME,Services,2CUS,
Customs,*CUSTOMS FEE-OVERTIME CHRGS,Services,2CUS,
Customs,*CUSTOMS FEE-OVERTIME CHRGS QUARANTINE,Services,2CUS,
Customs,*CUSTOMS FEE-RECOVERY FEE,Services,2CUS,
Customs,*CUSTOMS FEE-SUNDAY ARRIVAL SURCHARGE,Services,2CUS,
Customs,*CUSTOMS FEE-UK BORDER FORCE CHARGE,Services,2CUS,
Customs,*CUSTOMS FEE-UK BORDER FORCE SERVICES,Services,2CUS,
Customs,*CUSTOMS FEE-UK BORDER FORCE SERVICVES,Services,2CUS,
Customs,*CUSTOMS FEE-UKBK FEE,Services,2CUS,
Customs,*CUSTOMS FEE-UNITED KINGDOM BORDER FORCE SERV,Services,2CUS,
Customs,*CUSTOMS-EXPORT,Services,7CUS,
Customs,*IMMIGRATION-& CUSTOMS,Services,2CU,
Customs,*IMMIGRATION-& CUSTOMS,Services,2CU,
Customs,*IMMIGRATION-& CUSTOMS ARRIVAL/DEPARTURE,Services,2CU,
Customs,*IMMIGRATION-& CUSTOMS ARRIVAL/DEPARTURE,Services,2CU,
Customs,*IMMIGRATION-CUSTOMS & IMMIGRATION,Services,2CU,
Customs,*IMMIGRATION-CUSTOMS & IMMIGRATION,Services,2CU,
Customs,*IMMIGRATION-CUSTOMS AND IMMIGRATION PROCEDURES,Services,2CU,
Customs,*IMMIGRATION-IMMIGRATION & CUSTOMS & COORDINATION ARR/DEP,Services,2CU,
Customs,*OVERTIME FEE-CUSTOMS,Services,2OVR,
Customs,*OVERTIME FEE-CUSTOMS,Services,2OVR,
Customs,*OVERTIME FEE-CUSTOMS & IMMIGRATION,Services,2OVR,
Customs,*OVERTIME FEE-CUSTOMS OVERTIME,Services,2OVR,
Customs,*OVERTIME FEE-CUSTOMS/IMMIGRATION,Services,2OVR,
Customs,*OVERTIME FEE-GOVERNMENT (CUSTOMS),Services,2OVR,
Customs,*OVERTIME FEE-GOVERNMENT CUSTOMS,Services,2OVR,
Customs,*OVERTIME FEE-IMMIGRATION OVERTIME/CUSTOMS,Services,2OVR,
Customs,*PASSENGER TAXES-CUSTOMS DEPARTURE TAX,Services,2PXTAX,
Customs,*SECURITY SCREENING-BAGGAGE,Services,2SE,
Customs,*SECURITY-AIRPORT CUSTOMS CLEARANCE AT FBO & SECURITY FEES,Services,2SE,
Customs,CUSTOMS ADVISORY (U.S. OR CANADA)-UNITED STATES,Services,6AD,
Customs,CUSTOMS RIGHTS,Services,6CR,
Customs,CUSTOMS RIGHTS-BRAZIL,Services,6CR,
Customs,CUSTOMS SETUP,Services,1CUSU,
Customs,CUSTOMS SETUP-FVCZ,Services,1CUSU,
Customs,U.S. CUSTOMS DECAL,Services,1USCD,
Customs,*IMMIGRATION-/AGRICULTURE,Services,2CU,
Customs,*IMMIGRATION-ARRIVAL/DEPARTURE,Services,2CU,
Customs,*IMMIGRATION-ATTENDANCE,Services,2CU,
Customs,*IMMIGRATION-CREW & PASSENGER ARRIVAL & DEPARTURE,Services,2CU,
Customs,*IMMIGRATION-DNI,Services,2CU,
Customs,*IMMIGRATION-DSM,Services,2CU,
Customs,*IMMIGRATION-DSME,Services,2CU,
Customs,*IMMIGRATION-IMMIGRATION AND MIGRATORY SERVICE TAX,Services,2CU,
Customs,*IMMIGRATION-IMMIGRATION SUPPORT SERVICE,Services,2CU,
Customs,*IMMIGRATION-INBOUND,Services,2CU,
Customs,*IMMIGRATION-INBOUND/OUTBOUND,Services,2CU,
Customs,*IMMIGRATION-MIGGRATORY SERVICE TAX / NON IMMIGRANT FEE,Services,2CU,
Customs,*IMMIGRATION-MIGRATORY,Services,2CU,
Customs,*IMMIGRATION-MIGRATORY,Services,2CU,
Customs,*IMMIGRATION-MIGRATORY SERVICE,Services,2CU,
Customs,*IMMIGRATION-MIGRATORY SERVICE FEE,Services,2CU,
Customs,*IMMIGRATION-MIGRATORY SERVICE TAX,Services,2CU,
Customs,*IMMIGRATION-MIGRATORY SERVICE TAX / NON IMMIGRANT FEE,Services,2CU,
Customs,*IMMIGRATION-NON IMMIGRANT,Services,2CU,
Customs,*IMMIGRATION-NON IMMIGRANT,Services,2CU,
Customs,*IMMIGRATION-NON IMMIGRANT FEE,Services,2CU,
Customs,*IMMIGRATION-NON IMMIGRANT FEE,Services,2CU,
Customs,*IMMIGRATION-NON IMMIGRATION,Services,2CU,
Customs,*IMMIGRATION-NON IMMIGRATION FEE,Services,2CU,
Customs,*IMMIGRATION-NON IMMIGRATION FEE,Services,2CU,
Customs,*IMMIGRATION-NON-IMMIGRANT,Services,2CU,
Customs,*IMMIGRATION-NON-IMMIGRANT FEE,Services,2CU,
Customs,*IMMIGRATION-OUTBOUND,Services,2CU,
Customs,*IMMIGRATION-OVERTIME,Services,2CU,
Customs,*IMMIGRATION-OVERTIME CHRGS,Services,2CU,
Customs,*IMMIGRATION-PENALTY,Services,2CU,
Customs,*IMMIGRATION-SUPPORT SERVICE,Services,2CU,
Customs,*IMMIGRATION-SUPPORT SERVICE,Services,2CU,
Customs,*IMMIGRATION-UK BORDER FORCE SERVICES,Services,2CU,
Customs,*TOURIST CARDS-DEVELOPMENT FEE,Services,2TOUR,Customs
Customs,*TOURIST CARDS-PASSENGERS - DEPARTURE,Services,2TOUR,Customs
Customs,*TOURIST CARDS-TOURIST FEE,Services,2TOUR,Customs
Customs,*VISA CHARGE-5%,Services,2VISA,Customs
Customs,*VISA CHARGE-CREW,Services,2VISA,Customs
Customs,*VISA CHARGE-CREW VISA,Services,2VISA,Customs
Customs,*VISA CHARGE-CREW VISAS,Services,2VISA,Customs
Customs,*VISA CHARGE-ENTRANCE CARDS,Services,2VISA,Customs
Customs,*VISA CHARGE-LOST VISA,Services,2VISA,Customs
Customs,*VISA CHARGE-MR BOTHA,Services,2VISA,Customs
Customs,*VISA CHARGE-MR MARTIN ROSSOUW,Services,2VISA,Customs
Customs,*VISA CHARGE-SAUDI VISA / S. BERNSTEIN,Services,2VISA,Customs
Customs,*VISA CHARGE-SCHENGEN,Services,2VISA,Customs
Customs,*VISA STAMP FEE,Services,2VISA,Customs
Customs,CUSTOM DECAL COORDINATION,Services,1CUSU,Customs
Customs,CUSTOM DECAL COORIDNATION,Services,1CUSU,Customs
Customs,CUSTOMS COORDINATION -US ARRIVAL-UNITED STATES,Services,,
Deice,DE-ICE TYPE I,Contract,8311,
Deice,DE-ICE TYPE IV,Contract,8314,
Deice,DEICING/ANTI-ICING FLUID,Contract,8160,
Deice,DEICING/ANTI-ICING FLUID - EA,Contract,8560,
Deice,DEICE APPLICATION FEE,Retail,2DIAPFE,
Deice,DEICE DISCOUNT,Retail,2DIDISC,
Deice,DEICING,Retail,2DI,
Deice,TKS DEICING,Retail,2TKDI,
Deice,TYPE 4 DEICING,Retail,2TY4DI,
Deice,*LANDING FEES-DE-ICING,Services,2LA,
Deice,*DEICING - FLUID TYPE 1,Services,2DI,Jet Fuel
Deice,*DEICING - FLUID TYPE 1-QTY 62.04,Services,2DI,Jet Fuel
Deice,*DEICING - FLUID TYPE 2,Services,2DI,Jet Fuel
Deice,*DEICING - FLUID TYPE 2-75%,Services,2DI,Jet Fuel
Deice,*DEICING-ADIC,Services,2DI,Jet Fuel
Deice,*DEICING-AEROMAG/AV AIRPRO,Services,2DI,Jet Fuel
Deice,*DEICING-ANTI ICING FLUID,Services,2DI,Jet Fuel
Deice,*DEICING-CHARGE PER CALL OUT,Services,2DI,Jet Fuel
Deice,*DEICING-CHARGE PER LITERS,Services,2DI,Jet Fuel
Deice,*DEICING-DE-ICING/FLUID,Services,2DI,Jet Fuel
Deice,*DEICING-DEICING LIQUID,Services,2DI,Jet Fuel
Deice,*DEICING-HOT WATER,Services,2DI,Jet Fuel
Deice,*DEICING-INCLUDES SET UP FEES,Services,2DI,Jet Fuel
Deice,*DEICING-LANDING,Services,2DI,Jet Fuel
Deice,*DEICING-LANDING CHARGE,Services,2DI,Jet Fuel
Deice,*DEICING-LANDING DEICING FEE,Services,2DI,Jet Fuel
Deice,*DEICING-MANPOWER,Services,2DI,Jet Fuel
Deice,*DEICING-STATION,Services,2DI,Jet Fuel
Deice,*DEICING-WATER,Services,2DI,Jet Fuel
Document Packages,*AIRLINE TICKETS,Services,2AT,
Document Packages,*AIRLINE TICKETS,Services,7AT,
Document Packages,*AGENT RELOCATION-COMMERCIAL FLIGHT TICKET,Services,2AGREL,
Document Packages,*AIRLINE TICKETS-AIRLINE TICKET - LUN-JNB-LUN C KAOMA NEW TICKET,Services,2AT,
Document Packages,*AIRLINE TICKETS-AIRLINE TICKET JNB-LUN T MAHONE,Services,2AT,
Document Packages,*AIRLINE TICKETS-AIRLINE TICKET JNB-LUN-JNB B.A.LILLEBO,Services,2AT,
Document Packages,*AIRLINE TICKETS-AIRLINE TICKET JNB-LUN-JNB L HUTCHEON,Services,2AT,
Document Packages,*AIRLINE TICKETS-AIRLINE TICKET JNB-LUN-JNB M CALLOW,Services,2AT,
Document Packages,*AIRLINE TICKETS-AIRLINE TICKET LUN- JNB B.A ROGERS,Services,2AT,
Document Packages,*AIRLINE TICKETS-AIRLINE TICKET LUN-JNB-LUN E MAUTA,Services,2AT,
Document Packages,*AIRLINE TICKETS-AIRLINE TICKET LUN-JNB-LUN-C FERREIRA,Services,2AT,
Document Packages,*AIRLINE TICKETS-AIRLINE TICKET- LUN-JNB-LUN C KAOMA,Services,2AT,
Document Packages,*AIRLINE TICKETS-C KAOMA,Services,2AT,
Document Packages,*AIRLINE TICKETS-C KAOME,Services,2AT,
Document Packages,*AIRLINE TICKETS-D. KRUGER / SERVICE FEE,Services,2AT,
Document Packages,*AIRLINE TICKETS-D. KRUGER / SERVICE FEES,Services,2AT,
Document Packages,*AIRLINE TICKETS-DATE CHANGE - FM ROSS,Services,2AT,
Document Packages,*AIRLINE TICKETS-E KALOMBE,Services,2AT,
Document Packages,*AIRLINE TICKETS-E MAUTA,Services,2AT,
Document Packages,*AIRLINE TICKETS-EJ KALOMBE,Services,2AT,
Document Packages,*AIRLINE TICKETS-FM ROSS,Services,2AT,
Document Packages,*AIRLINE TICKETS-FROSCH  AMERICAN AIRLINES / M. VILLEZCAS,Services,2AT,
Document Packages,*AIRLINE TICKETS-FROSCH AIR EUROPA LINEAS / V. MANERA,Services,2AT,
Document Packages,*AIRLINE TICKETS-FROSCH AMERICAN AIRLINES / J. SPEIGEL,Services,2AT,
Document Packages,*AIRLINE TICKETS-FROSCH AMERICAN AIRLINES / M. FRUMOSU,Services,2AT,
Document Packages,*AIRLINE TICKETS-FROSCH AMERICAN AIRLINES / M. PUCCI,Services,2AT,
Document Packages,*AIRLINE TICKETS-FROSCH AMERICAN AIRLINES / M. VILLEZCAS,Services,2AT,
Document Packages,*AIRLINE TICKETS-FROSCH AMERICAN AIRLINES / M. VILLEZCAS / SERVICE FEE,Services,2AT,
Document Packages,*AIRLINE TICKETS-FROSCH AMERICAN AIRLINES / R. SMAGLIK,Services,2AT,
Document Packages,*AIRLINE TICKETS-FROSCH BRITISH AIRWAYS / J. OLIVEIRA,Services,2AT,
Document Packages,*AIRLINE TICKETS-FROSCH BRITISH AIRWAYS / M. FRUMOSU,Services,2AT,
Document Packages,*AIRLINE TICKETS-FROSCH BRITISH AIRWAYS / M. PUCCI,Services,2AT,
Document Packages,*AIRLINE TICKETS-FROSCH BRITISH AIRWAYS / R. SMAGLIK,Services,2AT,
Document Packages,*AIRLINE TICKETS-FROSCH BRITISH AIRWAYS / V. HERNANDO MANERA,Services,2AT,
Document Packages,*AIRLINE TICKETS-FROSCH BRITISH AIRWAYS / V. MANERA,Services,2AT,
Document Packages,*AIRLINE TICKETS-FROSCH BRITISH AIRWAYS / V. MANERO,Services,2AT,
Document Packages,*AIRLINE TICKETS-FROSCH CONDOR FLUGDIENST / SERVICE FEE,Services,2AT,
Document Packages,*AIRLINE TICKETS-FROSCH CONDOR FLUGDIENST / V. MANERA,Services,2AT,
Document Packages,*AIRLINE TICKETS-FROSCH DELTA AIRLINES / D. KRUGER,Services,2AT,
Document Packages,*AIRLINE TICKETS-FROSCH DELTA AIRLINES / M. FRUMOSU,Services,2AT,
Document Packages,*AIRLINE TICKETS-FROSCH DELTA AIRLINES / M. VILLEZCAS,Services,2AT,
Document Packages,*AIRLINE TICKETS-FROSCH DELTA AIRLINES / M. VILLEZCAS / SERVICE FEE,Services,2AT,
Document Packages,*AIRLINE TICKETS-FROSCH DEUTSCHE LUFTHANSA / R. BLADES,Services,2AT,
Document Packages,"*AIRLINE TICKETS-FROSCH DEUTSCHE LUFTHANSA / R. BLADES, SERVICE FEE",Services,2AT,
Document Packages,*AIRLINE TICKETS-FROSCH DEUTSCHE LUFTHANSA / V. MANERA,Services,2AT,
Document Packages,*AIRLINE TICKETS-FROSCH EMIRATES / J. DE OLIVEIRA,Services,2AT,
Document Packages,*AIRLINE TICKETS-FROSCH EMIRATES / J. SPIEGEL,Services,2AT,
Document Packages,*AIRLINE TICKETS-FROSCH EMIRATES / R. BLADES,Services,2AT,
Document Packages,*AIRLINE TICKETS-FROSCH ETIHAD AIRWAYS / R. SMAGLIK,Services,2AT,
Document Packages,*AIRLINE TICKETS-FROSCH IBERIA LINEAS / V. MANERA,Services,2AT,
Document Packages,*AIRLINE TICKETS-FROSCH SAUDI ARABIAN AIRLINES / M. FRUMOSU,Services,2AT,
Document Packages,*AIRLINE TICKETS-FROSCH SOUTH AFRICAN AIRWAYS / D. KRUGER,Services,2AT,
Document Packages,*AIRLINE TICKETS-FROSCH TAP PORTUGAL / D. KRUGER,Services,2AT,
Document Packages,*AIRLINE TICKETS-FROSCH TAP PORTUGAL / M. PUCCI,Services,2AT,
Document Packages,*AIRLINE TICKETS-FROSCH TURKISH AIRLINES / H. KHAN,Services,2AT,
Document Packages,*AIRLINE TICKETS-FROSCH TURKISH AIRLINES / V. MANERA,Services,2AT,
Document Packages,*AIRLINE TICKETS-FROSCH UNITED AIRLINES / H. KHAN,Services,2AT,
Document Packages,*AIRLINE TICKETS-FROSCH UNITED AIRLINES / J. SPIEGEL,Services,2AT,
Document Packages,*AIRLINE TICKETS-FROSCH UNITED AIRLINES / R. BLADES,Services,2AT,
Document Packages,*AIRLINE TICKETS-FROSCH UNITED AIRLINES / R. SMAGLIK,Services,2AT,
Document Packages,*AIRLINE TICKETS-FROSCH VIRGIN ATLANTIC AIRWAYS / M. FRUMOSU,Services,2AT,
Document Packages,*AIRLINE TICKETS-FROSH AMERICAN AIRLINES / M. VILLEZCAS,Services,2AT,
Document Packages,*AIRLINE TICKETS-G ROBINSON,Services,2AT,
Document Packages,*AIRLINE TICKETS-H MUKUNTE,Services,2AT,
Document Packages,*AIRLINE TICKETS-H MUKUNTZ,Services,2AT,
Document Packages,*AIRLINE TICKETS-H. KHAN / SERVICE FEE,Services,2AT,
Document Packages,*AIRLINE TICKETS-H. KHAN / SERVICE FEES,Services,2AT,
Document Packages,*AIRLINE TICKETS-HANDLER,Services,2AT,
Document Packages,*AIRLINE TICKETS-J MULENGA,Services,2AT,
Document Packages,*AIRLINE TICKETS-J VAN NIEKERK - DATE CHANGE,Services,2AT,
Document Packages,*AIRLINE TICKETS-J VAN NIRKERK,Services,2AT,
Document Packages,*AIRLINE TICKETS-J. DE OLIVEIRA / SERVICE FEES,Services,2AT,
Document Packages,*AIRLINE TICKETS-J. OLIVEIRA / SERVICE FEE,Services,2AT,
Document Packages,*AIRLINE TICKETS-J. SPEIGEL / SERVICE FEE,Services,2AT,
Document Packages,*AIRLINE TICKETS-J. SPIEGEL / SERVICE FEE,Services,2AT,
Document Packages,*AIRLINE TICKETS-J. SPIEGEL / SERVICE FEES,Services,2AT,
Document Packages,*AIRLINE TICKETS-K MASANGA,Services,2AT,
Document Packages,*AIRLINE TICKETS-KL CHIWELE,Services,2AT,
Document Packages,*AIRLINE TICKETS-M KASANGA,Services,2AT,
Document Packages,*AIRLINE TICKETS-M. FRUMOSU / SERVICE FEE,Services,2AT,
Document Packages,*AIRLINE TICKETS-M. PUCCI / SERVICE FEE,Services,2AT,
Document Packages,*AIRLINE TICKETS-M. PUCCI / SERVICE FEE,Services,2AT,
Document Packages,*AIRLINE TICKETS-M. PUCCI / SERVICE FEES,Services,2AT,
Document Packages,*AIRLINE TICKETS-M. PUCCI / SERVICE FEES (2),Services,2AT,
Document Packages,*AIRLINE TICKETS-M. VILLEZCAS / SERVICE FEE,Services,2AT,
Document Packages,*AIRLINE TICKETS-M. VILLEZCAS / SERVICE FEES,Services,2AT,
Document Packages,*AIRLINE TICKETS-N CHIKUMBU,Services,2AT,
Document Packages,*AIRLINE TICKETS-O PHIRI,Services,2AT,
Document Packages,*AIRLINE TICKETS-P HINE,Services,2AT,
Document Packages,*AIRLINE TICKETS-P SINYINZA,Services,2AT,
Document Packages,*AIRLINE TICKETS-PJ WHITTALL,Services,2AT,
Document Packages,*AIRLINE TICKETS-R. BLADES / SERVICE FEE,Services,2AT,
Document Packages,*AIRLINE TICKETS-R. SMAGLIK / SERVICE FEE,Services,2AT,
Document Packages,*AIRLINE TICKETS-S CHIAYUKA - TIME CHANGE  - TRIP CANCELLED FLIGHT DATE TBA,Services,2AT,
Document Packages,*AIRLINE TICKETS-S CHIYUKA  - TRIP CANCELLED FLIGHT DATE TBA,Services,2AT,
Document Packages,*AIRLINE TICKETS-S CHIYUKA - DATE CHANGE  - TRIP CANCELLED FLIGHT DATE TBA,Services,2AT,
Document Packages,*AIRLINE TICKETS-S CHIZUKA - TRIP CANCELLED FLIGHT DATE TBA,Services,2AT,
Document Packages,*AIRLINE TICKETS-T MAHONE - DATE CHANGE,Services,2AT,
Document Packages,*AIRLINE TICKETS-TE BIEMBA,Services,2AT,
Document Packages,*AIRLINE TICKETS-V. MANERA / SERVICE FEE,Services,2AT,
Document Packages,*AIRLINE TICKETS-V. MANERA / SERVICE FEES,Services,2AT,
Document Packages,*AIRLINE TICKETS-V. MANERO / SERVICE FEE,Services,2AT,
Document Packages,*COMMISSION FEE-TICKET SALES,Services,2CSF,
Document Packages,GENERAL DECLARATIONS -DEPARTURE,Services,,
Document Packages,GENERAL DECLARATIONS -DEPARTURE -REVISION,Services,,
Document Packages,GENERAL DECLARATIONS -ARRIVAL,Services,,
Facility Fee,A.S.A. STORAGE FEE,Contract,8063,
Facility Fee,INFRASTRUCTURE FEE,Contract,8153,
Facility Fee,INFRASTRUCTURE FEE,Contract,8831,
Facility Fee,INFRASTRUCTURE FEE - EA,Contract,8077,
Facility Fee,INFRASTRUCTURE FEE - EA,Contract,8831,
Facility Fee,AIRPORT TAX,Contract,,
Facility Fee,*AIRPORT FEES-AIRPORT TAX,Contract,,
Facility Fee,AIRPORT FACILITY FEE - EA,Contract,8524,
Facility Fee,AIRPORT FEE - EA,Contract,8352,
Facility Fee,AIRPORT FEE - PER FLIGHT EA,Contract,8204,
Facility Fee,AIRPORT INFRASTRUCTURE CHARGE,Contract,8474,
Facility Fee,FACILITIES FEE,Contract,8122,
Facility Fee,FBO AIRPORT SERVICE FEE - EA,Contract,8392,
Facility Fee,GROUND POWER UNIT,Contract,862,
Facility Fee,GROUND POWER UNIT - EA,Contract,8188,
Facility Fee,GROUND SUPPORT EQUIPMENT,Contract,8072,
Facility Fee,GROUND TRANSPORTATION,Contract,8286,
Facility Fee,IVA ON AIRPORT FEE,Contract,TAX,
Facility Fee,TRASH COLLECTION,Retail,,
Facility Fee,OVERNIGHT FEE,Retail,,
Facility Fee,OVERNIGHT FEE,Retail,,
Facility Fee,OVERNIGHT FEE,Retail,,
Facility Fee,CALL OUT FEE,Retail,,
Facility Fee,CALL OUT FEE,Retail,,
Facility Fee,OVERNIGHT FEE,Retail,,
Facility Fee,TERMINAL SERVICES,Retail,,
Facility Fee,CALL OUT FEE,Retail,,
Facility Fee,AIRPORT CHARGES,Retail,2AC,
Facility Fee,AIRPORT FLOW FEE (NON-FUEL),Retail,2APNF,
Facility Fee,FACILITY USE FEE,Retail,2FF,
Facility Fee,USER FEE,Retail,2UF,
Facility Fee,AIRCRAFT RENTAL,Retail,2AR,
Facility Fee,INFRASTRUCTURE,Retail,2INFR,
Facility Fee,*AIRPORT FEES,Services,2AC,
Facility Fee,*AIRPORT FEES,Services,7AC,
Facility Fee,*AIRPORT FEES-PNP EXIT CLEARANCE,Services,2AC,
Facility Fee,*FACILITY FEE,Services,2FF,
Facility Fee,*AIRPORT FEES,Services,,
Facility Fee,*AIRPORT FEES-AIRPORT TAX,Services,2AC,
Facility Fee,*AGENT DISBURSEMENTS-10% ON AIRPORT FEES,Services,2AD,
Facility Fee,*AIRPORT FEES- LANDING & NAVIGATION FEES,Services,2AC,
Facility Fee,*AIRPORT FEES-& NAVIGATION FEES,Services,2AC,
Facility Fee,*AIRPORT FEES-3RD PARTY CHARGES,Services,2AC,
Facility Fee,*AIRPORT FEES-3RD PARTY CHARGES,Services,2AC,
Facility Fee,*AIRPORT FEES-ACCESS CONTROL TO AIRSIDE AREAS,Services,2AC,
Facility Fee,*AIRPORT FEES-ACCESS CONTROL TO AIRSIDE AREAS,Services,2AC,
Facility Fee,*AIRPORT FEES-ADDITIONAL LANDING,Services,2AC,
Facility Fee,*AIRPORT FEES-ADDITIONAL LND FEES,Services,2AC,
Facility Fee,*AIRPORT FEES-ADF FLIGHT LIVE ARRIVAL/ C17 FERRY OUT INTERNATIONAL,Services,2AC,
Facility Fee,*AIRPORT FEES-AERODROME,Services,2AC,
Facility Fee,*AIRPORT FEES-AFIS FEE,Services,2AC,
Facility Fee,*AIRPORT FEES-AFTER HOURS LIGHTING,Services,2AC,
Facility Fee,*AIRPORT FEES-AGRICULTURE,Services,2AC,
Facility Fee,*AIRPORT FEES-AIR BRIDGE,Services,2AC,
Facility Fee,*AIRPORT FEES-AIR DEFENSE NOTIFICATION CLEARANCE,Services,2AC,
Facility Fee,*AIRPORT FEES-AIRFIELD USAGE,Services,2AC,
Facility Fee,*AIRPORT FEES-AIRFIELD USAGE CHARGE,Services,2AC,
Facility Fee,*AIRPORT FEES-AIRFIELD USE,Services,2AC,
Facility Fee,*AIRPORT FEES-AIRFIELD USE CHARGE,Services,2AC,
Facility Fee,*AIRPORT FEES-AIRPORT BOARDING TAX,Services,2AC,
Facility Fee,*AIRPORT FEES-AIRPORT BOARDING TZX,Services,2AC,
Facility Fee,*AIRPORT FEES-AIRPORT BUILDING,Services,2AC,
Facility Fee,*AIRPORT FEES-AIRPORT BUILDING,Services,2AC,
Facility Fee,*AIRPORT FEES-AIRPORT BUILDING CHARGE,Services,2AC,
Facility Fee,*AIRPORT FEES-AIRPORT BUILDING CHARGE,Services,2AC,
Facility Fee,*AIRPORT FEES-AIRPORT CHARGES,Services,2AC,
Facility Fee,*AIRPORT FEES-AIRPORT DEVELOPMENT,Services,2AC,
Facility Fee,*AIRPORT FEES-AIRPORT DEVELOPMENT FEE,Services,2AC,
Facility Fee,*AIRPORT FEES-AIRPORT HAND,Services,2AC,
Facility Fee,*AIRPORT FEES-AIRPORT IMPROVEMENT,Services,2AC,
Facility Fee,*AIRPORT FEES-AIRPORT IMPROVEMENT,Services,2AC,
Facility Fee,*AIRPORT FEES-AIRPORT IMPROVEMENT FEE,Services,2AC,
Facility Fee,*AIRPORT FEES-AIRPORT IMPROVEMENT FEE,Services,2AC,
Facility Fee,*AIRPORT FEES-AIRPORT IMPROVEMENT FEES,Services,2AC,
Facility Fee,*AIRPORT FEES-AIRPORT LEVY,Services,2AC,
Facility Fee,*AIRPORT FEES-AIRPORT OPENING,Services,2AC,
Facility Fee,*AIRPORT FEES-AIRPORT PARTICIPATION,Services,2AC,
Facility Fee,*AIRPORT FEES-AIRPORT PARTICIPATION,Services,2AC,
Facility Fee,*AIRPORT FEES-AIRPORT PAX,Services,2AC,
Facility Fee,*AIRPORT FEES-AIRPORT SURCHARGE,Services,2AC,
Facility Fee,*AIRPORT FEES-AIRPORT SURCHARGE 6%,Services,2AC,
Facility Fee,*AIRPORT FEES-AIRPORT TRANSFER FEE,Services,2AC,
Facility Fee,*AIRPORT FEES-AIRPORT USAGE,Services,2AC,
Facility Fee,*AIRPORT FEES-AIRPORT USAGE,Services,2AC,
Facility Fee,*AIRPORT FEES-AIRPORT USAGE FEES,Services,2AC,
Facility Fee,*AIRPORT FEES-AIRPORT USAGE FEES,Services,2AC,
Facility Fee,*AIRPORT FEES-AIRPORT USER FEE,Services,2AC,
Facility Fee,*AIRPORT FEES-AIRPORT USER FEE,Services,2AC,
Facility Fee,*AIRPORT FEES-AIRSIDE COACHES,Services,2AC,
Facility Fee,*AIRPORT FEES-AIRSPACE FLYBY FEE,Services,2AC,
Facility Fee,*AIRPORT FEES-AIRSPACE FLYBY FEE,Services,2AC,
Facility Fee,*AIRPORT FEES-ANA,Services,2AC,
Facility Fee,*AIRPORT FEES-ANA SA/NAV SA,Services,2AC,
Facility Fee,*AIRPORT FEES-ANGOLA,Services,2AC,
Facility Fee,*AIRPORT FEES-APIS,Services,2AC,
Facility Fee,*AIRPORT FEES-APIS IN/ OUT,Services,2AC,
Facility Fee,*AIRPORT FEES-APPROACH FEE,Services,7AC,
Facility Fee,*AIRPORT FEES-APPRON & SECURITY,Services,2AC,
Facility Fee,*AIRPORT FEES-APRON,Services,2AC,
Facility Fee,*AIRPORT FEES-APRON,Services,2AC,
Facility Fee,*AIRPORT FEES-APRON & SECURITY,Services,2AC,
Facility Fee,*AIRPORT FEES-APRON ACCESS,Services,2AC,
Facility Fee,*AIRPORT FEES-APRON COORD. & AFFILIATED SVCS,Services,2AC,
Facility Fee,*AIRPORT FEES-APRON FEE,Services,2AC,
Facility Fee,*AIRPORT FEES-AQIS,Services,2AC,
Facility Fee,*AIRPORT FEES-ARRANGEMENT FEES,Services,2AC,
Facility Fee,*AIRPORT FEES-ARRIVAL,Services,2AC,
Facility Fee,*AIRPORT FEES-ARRIVAL TAX,Services,2AC,
Facility Fee,*AIRPORT FEES-ARRIVAL/DEPARTURE,Services,2AC,
Facility Fee,*AIRPORT FEES-AST SERVICE CHARGE,Services,2AC,
Facility Fee,*AIRPORT FEES-ATC,Services,2AC,
Facility Fee,*AIRPORT FEES-ATC,Services,2AC,
Facility Fee,*AIRPORT FEES-ATC LANDING & TAKEOFF,Services,2AC,
Facility Fee,*AIRPORT FEES-ATC LANDING CHARGE,Services,2AC,
Facility Fee,*AIRPORT FEES-ATC SERV,Services,2AC,
Facility Fee,*AIRPORT FEES-ATC SERVICES,Services,2AC,
Facility Fee,*AIRPORT FEES-ATC TAKE OFF,Services,2AC,
Facility Fee,*AIRPORT FEES-ATC/AIRWAYS/AERODROME,Services,2AC,
Facility Fee,*AIRPORT FEES-BADGE ARRANGEMENTS,Services,2AC,
Facility Fee,*AIRPORT FEES-BASIC RATE CHARGE,Services,2AC,
Facility Fee,*AIRPORT FEES-BASIC SERVICE,Services,2AC,
Facility Fee,*AIRPORT FEES-BOOKING FEE,Services,2AC,
Facility Fee,*AIRPORT FEES-BUILDING CHARGE,Services,2AC,
Facility Fee,*AIRPORT FEES-BUILDING CHARGE _ DEPARTURE,Services,2AC,
Facility Fee,*AIRPORT FEES-BUILDING FEES - ARRIVAL,Services,2AC,
Facility Fee,*AIRPORT FEES-C.A.D. D.P. I/11256,Services,2AC,
Facility Fee,*AIRPORT FEES-CAA,Services,2AC,
Facility Fee,*AIRPORT FEES-CANON,Services,2AC,
Facility Fee,*AIRPORT FEES-CANON,Services,2AC,
Facility Fee,*AIRPORT FEES-CAPITAL IMPROVEMENT,Services,2AC,
Facility Fee,*AIRPORT FEES-CAPITAL IMPROVEMENT SURCHARGE,Services,2AC,
Facility Fee,*AIRPORT FEES-CARD FEE,Services,2AC,
Facility Fee,*AIRPORT FEES-CAYMAN ISLANDS,Services,2AC,
Facility Fee,*AIRPORT FEES-CBP,Services,2AC,
Facility Fee,*AIRPORT FEES-CCS,Services,2AC,
Facility Fee,*AIRPORT FEES-CHARTER,Services,2AC,
Facility Fee,*AIRPORT FEES-CIP CHARGES,Services,2AC,
Facility Fee,*AIRPORT FEES-CLA,Services,2AC,
Facility Fee,*AIRPORT FEES-CLEARANCE CHARGES,Services,2AC,
Facility Fee,*AIRPORT FEES-COMMISSION,Services,2AC,
Facility Fee,*AIRPORT FEES-COMMON USE,Services,2AC,
Facility Fee,*AIRPORT FEES-COMMON USE FEE,Services,2AC,
Facility Fee,*AIRPORT FEES-COMPENSATION,Services,2AC,
Facility Fee,*AIRPORT FEES-COMPENSATION CHARGE,Services,2AC,
Facility Fee,*AIRPORT FEES-COMPENSATION CHARGE,Services,2AC,
Facility Fee,*AIRPORT FEES-COMPREHENSIVE SERVICE,Services,2AC,
Facility Fee,*AIRPORT FEES-COMPREHENSIVE SERVICE,Services,2AC,
Facility Fee,*AIRPORT FEES-COMPREHENSIVE SERVICES,Services,2AC,
Facility Fee,*AIRPORT FEES-CONCESSION,Services,2AC,
Facility Fee,*AIRPORT FEES-CONCESSION FEE,Services,2AC,
Facility Fee,*AIRPORT FEES-CONCOURSE FEE,Services,2AC,
Facility Fee,*AIRPORT FEES-CONCOURSE FEE,Services,2AC,
Facility Fee,*AIRPORT FEES-COST OF AIR NAVIGATION & LANDING,Services,2AC,
Facility Fee,*AIRPORT FEES-DELAY,Services,2AC,
Facility Fee,*AIRPORT FEES-DEPARTURE,Services,2AC,
Facility Fee,"*AIRPORT FEES-DEPARTURE TAX AIRPORT, DEVELOPMENTAL FEE",Services,2AC,
Facility Fee,*AIRPORT FEES-DEPARTURE TAX AND DEVELOPMENT FEE,Services,2AC,
Facility Fee,*AIRPORT FEES-DEVELOPMENT,Services,2AC,
Facility Fee,*AIRPORT FEES-DEVELOPMENT,Services,2AC,
Facility Fee,*AIRPORT FEES-DEVELOPMENT FEE,Services,2AC,
Facility Fee,*AIRPORT FEES-DEVELOPMENT FEE - $15 PER PAX IN/OUT,Services,2AC,
Facility Fee,*AIRPORT FEES-DISBURSEMENT,Services,2AC,
Facility Fee,*AIRPORT FEES-EARLY ARRIVAL,Services,2AC,
Facility Fee,*AIRPORT FEES-EXTRA OPENING CHARGE,Services,2AC,
Facility Fee,*AIRPORT FEES-EXTRA SERVICE,Services,2AC,
Facility Fee,*AIRPORT FEES-FACILITATION CHARGE,Services,2AC,
Facility Fee,*AIRPORT FEES-FACILITATION FEE,Services,2AC,
Facility Fee,*AIRPORT FEES-FACILITY FEE,Services,2AC,
Facility Fee,*AIRPORT FEES-FBO,Services,2AC,
Facility Fee,*AIRPORT FEES-FBO,Services,2AC,
Facility Fee,*AIRPORT FEES-FBO - TERMINAL FEE IN-OUT,Services,2AC,
Facility Fee,*AIRPORT FEES-FBO - TERMINAL IN-OUT,Services,2AC,
Facility Fee,*AIRPORT FEES-FBO BASIC SERVICE CHARGE,Services,2AC,
Facility Fee,*AIRPORT FEES-FBO BASIC SERVICE FEE,Services,2AC,
Facility Fee,*AIRPORT FEES-FBO FEE,Services,2AC,
Facility Fee,*AIRPORT FEES-FBO MEETING ROOM,Services,2AC,
Facility Fee,*AIRPORT FEES-FBO PAX FEES AND TRANSPORTATION,Services,2AC,
Facility Fee,*AIRPORT FEES-FBO SERVICE CHARGE,Services,2AC,
Facility Fee,*AIRPORT FEES-FLIGHT BRIEF,Services,2AC,
Facility Fee,*AIRPORT FEES-FLIGHT SETUP REVISION,Services,2AC,
Facility Fee,*AIRPORT FEES-FLIIGHT SETUP REVISION,Services,2AC,
Facility Fee,*AIRPORT FEES-FLYBY,Services,2AC,
Facility Fee,*AIRPORT FEES-FRANCHISE,Services,2AC,
Facility Fee,*AIRPORT FEES-FRANCHISE,Services,2AC,
Facility Fee,*AIRPORT FEES-FRANCHISE FEE,Services,2AC,
Facility Fee,*AIRPORT FEES-FRANCHISE FEE,Services,2AC,
Facility Fee,*AIRPORT FEES-FRANCHISE FEES,Services,2AC,
Facility Fee,*AIRPORT FEES-FRANCHISE FEES,Services,2AC,
Facility Fee,*AIRPORT FEES-FUEL DUTY,Services,2AC,
Facility Fee,*AIRPORT FEES-GAT SERVICE,Services,2AC,
Facility Fee,*AIRPORT FEES-GAT VIP MANAGEMENT,Services,2AC,
Facility Fee,*AIRPORT FEES-GOV'T FEES,Services,2AC,
Facility Fee,*AIRPORT FEES-GOVERNMENT INSPECTION FEE,Services,2AC,
Facility Fee,*AIRPORT FEES-GOVERNMENTAL INSPECTION FEE,Services,2AC,
Facility Fee,*AIRPORT FEES-GOVERNTMENT TAX,Services,2AC,
Facility Fee,*AIRPORT FEES-GUN TAXES,Services,2AC,
Facility Fee,*AIRPORT FEES-GUN TAXES PAYMENT SERVICES @ TRANSPORTATION,Services,2AC,
Facility Fee,*AIRPORT FEES-HALL 4 GATE CHARGE (PAX),Services,2AC,
Facility Fee,*AIRPORT FEES-HC DISC OTHER,Services,2AC,
Facility Fee,*AIRPORT FEES-HC DISK OTHER,Services,2AC,
Facility Fee,*AIRPORT FEES-IGM/EGM,Services,2AC,
Facility Fee,*AIRPORT FEES-ILLUMINATION FEE,Services,2AC,
Facility Fee,*AIRPORT FEES-ILLUMINATION FEE,Services,2AC,
Facility Fee,*AIRPORT FEES-IMPROVEMENT,Services,2AC,
Facility Fee,*AIRPORT FEES-IMPROVEMENT,Services,2AC,
Facility Fee,*AIRPORT FEES-IMPROVEMENT,Services,2AC,
Facility Fee,*AIRPORT FEES-IMPROVEMENT FEE,Services,2AC,
Facility Fee,*AIRPORT FEES-INFRASTRUCTURE,Services,2AC,
Facility Fee,*AIRPORT FEES-INFRASTRUCTURE,Services,2AC,
Facility Fee,*AIRPORT FEES-INFRASTRUCTURE CHARGE AIRSIDE,Services,2AC,
Facility Fee,*AIRPORT FEES-INFRASTRUCTURE FEE,Services,2AC,
Facility Fee,*AIRPORT FEES-INFRASTRUCTURE FEE,Services,2AC,
Facility Fee,*AIRPORT FEES-INFRASTRUCTURE FEE - PASSENGER,Services,2AC,
Facility Fee,*AIRPORT FEES-INFRASTRUCTURE FEES,Services,2AC,
Facility Fee,*AIRPORT FEES-INFRASTRUCTURE/SECURITY,Services,2AC,
Facility Fee,*AIRPORT FEES-INTERNATIONAL,Services,2AC,
Facility Fee,*AIRPORT FEES-INTERNATIONAL ARRIVAL/DEPARTURE PURCHASE,Services,2AC,
Facility Fee,*AIRPORT FEES-INTERNATIONAL NEWSPAPERS,Services,2AC,
Facility Fee,*AIRPORT FEES-INTERNATIONAL PROCESSING FEE,Services,2AC,
Facility Fee,*AIRPORT FEES-INTERNATIONAL PROCESSING FEE,Services,2AC,
Facility Fee,*AIRPORT FEES-INTERNATIONAL TOURIST TAX,Services,2AC,
Facility Fee,*AIRPORT FEES-JCC FEE,Services,2AC,
Facility Fee,*AIRPORT FEES-LAND WEIGHT,Services,2AC,
Facility Fee,*AIRPORT FEES-LANDING & NAVIGATION,Services,2AC,
Facility Fee,*AIRPORT FEES-LANDING & NAVIGATION,Services,2AC,
Facility Fee,*AIRPORT FEES-LANDING & NAVIGATION FEES,Services,2AC,
Facility Fee,*AIRPORT FEES-LANDING & NAVIGATION FEES,Services,2AC,
Facility Fee,*AIRPORT FEES-LANDING & NAVIGATIONS,Services,2AC,
Facility Fee,*AIRPORT FEES-LANDING -NAVIGATION -ASF-UDF,Services,2AC,
Facility Fee,*AIRPORT FEES-LANDING /NAVIGATION,Services,2AC,
Facility Fee,"*AIRPORT FEES-LANDING, AIR TRAFFIC CONTROL, NAVIGATION",Services,2AC,
Facility Fee,"*AIRPORT FEES-LANDING, AIR TRAFFIC, NAVIGATION",Services,2AC,
Facility Fee,*AIRPORT FEES-LANDING- NAVIGATION,Services,2AC,
Facility Fee,*AIRPORT FEES-LANDING- NAVIGATION- PSF-UDF,Services,2AC,
Facility Fee,*AIRPORT FEES-LANDING/NAVIGATIOM,Services,2AC,
Facility Fee,*AIRPORT FEES-LANDING/NAVIGATION,Services,2AC,
Facility Fee,*AIRPORT FEES-LANDING/NAVIGATION,Services,2AC,
Facility Fee,*AIRPORT FEES-LANDING/NAVIGATION/ASF/PSF/X-RAY,Services,2AC,
Facility Fee,*AIRPORT FEES-LANDING/NAVIGATION/ASF/UDF,Services,2AC,
Facility Fee,*AIRPORT FEES-LANDING/NAVIGATION/PSF,Services,2AC,
Facility Fee,*AIRPORT FEES-LANDING/NAVIGATION/PSF/ASF,Services,2AC,
Facility Fee,*AIRPORT FEES-LANDING/NAVIGATION/PSF/ASF/X-RAY,Services,2AC,
Facility Fee,*AIRPORT FEES-LANDING/NAVIGATION/PSF/UDF,Services,2AC,
Facility Fee,*AIRPORT FEES-LANDING/NAVIGATION/PSF/UDF/,Services,2AC,
Facility Fee,*AIRPORT FEES-LANDING/NAVIGATION/PSF/X-RAY,Services,2AC,
Facility Fee,*AIRPORT FEES-LANDING/NAVIGATION/UDF,Services,2AC,
Facility Fee,*AIRPORT FEES-LANDING/NAVIGATIONPSF/ASF/X-RAY,Services,2AC,
Facility Fee,*AIRPORT FEES-LEVY,Services,2AC,
Facility Fee,*AIRPORT FEES-LICENSE FEE FOR DECEMBER 2019,Services,2AC,
Facility Fee,*AIRPORT FEES-LINENS,Services,2AC,
Facility Fee,*AIRPORT FEES-LIPAD AUTHORITIES MEETING REPRESENTATION,Services,2AC,
Facility Fee,*AIRPORT FEES-LSU,Services,2AC,
Facility Fee,*AIRPORT FEES-MANAGEMENT FEE,Services,2AC,
Facility Fee,*AIRPORT FEES-MANPOWER,Services,2AC,
Facility Fee,*AIRPORT FEES-MANPOWER CHARGE,Services,2AC,
Facility Fee,*AIRPORT FEES-MASS PORT GA FEE,Services,2AC,
Facility Fee,*AIRPORT FEES-MEETING/SURVEY & INSEPCTION,Services,2AC,
Facility Fee,*AIRPORT FEES-MEMBER STATE FEES,Services,2AC,
Facility Fee,*AIRPORT FEES-MPPA TAX,Services,2AC,
Facility Fee,*AIRPORT FEES-MULTISERVICE FEE,Services,2AC,
Facility Fee,*AIRPORT FEES-MUNICIPAL FEES,Services,2AC,
Facility Fee,*AIRPORT FEES-NATIONAL TREASURY PALAU / AIRFIELD USE,Services,2AC,
Facility Fee,*AIRPORT FEES-NEXT START,Services,2AC,
Facility Fee,*AIRPORT FEES-NIGHT CHARGE,Services,2AC,
Facility Fee,*AIRPORT FEES-NIGHT SURCHARGE,Services,2AC,
Facility Fee,*AIRPORT FEES-NON FUEL FEE,Services,2AC,
Facility Fee,*AIRPORT FEES-NON IMMIGRANT FEE,Services,2AC,
Facility Fee,*AIRPORT FEES-NOX CHARGES,Services,2AC,
Facility Fee,*AIRPORT FEES-NOX FEES,Services,2AC,
Facility Fee,*AIRPORT FEES-NOX FEES,Services,2AC,
Facility Fee,*AIRPORT FEES-NOX LEVY,Services,2AC,
Facility Fee,*AIRPORT FEES-OIRSA,Services,2AC,
Facility Fee,*AIRPORT FEES-OPERATING FEE,Services,2AC,
Facility Fee,*AIRPORT FEES-OPERATING FEES,Services,2AC,
Facility Fee,*AIRPORT FEES-OPERATION CHARGE,Services,2AC,
Facility Fee,*AIRPORT FEES-OPERATIONAL,Services,2AC,
Facility Fee,*AIRPORT FEES-OPERATIONAL SETUP,Services,2AC,
Facility Fee,*AIRPORT FEES-OPERATIONAL SETUPS,Services,2AC,
Facility Fee,*AIRPORT FEES-OPERATIONS,Services,2AC,
Facility Fee,*AIRPORT FEES-OPERATIONS,Services,2AC,
Facility Fee,*AIRPORT FEES-OPERATIONS FEE,Services,2AC,
Facility Fee,*AIRPORT FEES-OPERATIONS SURCHARGE,Services,2AC,
Facility Fee,"*AIRPORT FEES-OTHER SERVICES - TECH ASSISTANCE, FUEL SUPPLY, & TRASH REMOVAL",Services,7AC,
Facility Fee,"*AIRPORT FEES-OTHER SERVICES - TECH, ASSISTANCE & CORRECTIONS",Services,7AC,
Facility Fee,*AIRPORT FEES-OVERNIGHT FEE,Services,2AC,
Facility Fee,*AIRPORT FEES-OVERTIME NIGHTFEE,Services,2AC,
Facility Fee,*AIRPORT FEES-OVERTIME TWR,Services,2AC,
Facility Fee,*AIRPORT FEES-P.S.F.C.,Services,2AC,
Facility Fee,*AIRPORT FEES-PACT RCPT:2736-2739,Services,2AC,
Facility Fee,*AIRPORT FEES-PAF MEETING REPRESENTAITON,Services,2AC,
Facility Fee,*AIRPORT FEES-PARTICIPATION,Services,2AC,
Facility Fee,*AIRPORT FEES-PARTICIPATION,Services,2AC,
Facility Fee,*AIRPORT FEES-PARTICIPATION FEE,Services,2AC,
Facility Fee,*AIRPORT FEES-PASSENGER AVIATION SERVICE FEE,Services,2AC,
Facility Fee,*AIRPORT FEES-PASSES,Services,2AC,
Facility Fee,*AIRPORT FEES-PAX,Services,2AC,
Facility Fee,*AIRPORT FEES-PAX OUT,Services,2AC,
Facility Fee,"*AIRPORT FEES-PAX TAX, DEPARTURE GENERAL AVIATION TERMINAL SERVICE CHARGE, PASSENGER SECURITY ",Services,2AC,
Facility Fee,*AIRPORT FEES-PBS,Services,2AC,
Facility Fee,*AIRPORT FEES-PEAK TIME SURCHARGE,Services,2AC,
Facility Fee,*AIRPORT FEES-PER TURN USAGE FEE,Services,2AC,
Facility Fee,*AIRPORT FEES-PERFECT LAND PACKAGE,Services,2AC,
Facility Fee,*AIRPORT FEES-PERFECT LAND PACKAGE,Services,2AC,
Facility Fee,*AIRPORT FEES-PLATFORM,Services,2AC,
Facility Fee,*AIRPORT FEES-POSITIONING CHARGE,Services,7AC,
Facility Fee,*AIRPORT FEES-PPR,Services,2AC,
Facility Fee,*AIRPORT FEES-PPR & CANCELLATION FEE,Services,2AC,
Facility Fee,*AIRPORT FEES-PRM,Services,2AC,
Facility Fee,*AIRPORT FEES-PRM CHARGE,Services,2AC,
Facility Fee,*AIRPORT FEES-PRM FEE,Services,2AC,
Facility Fee,*AIRPORT FEES-PRM LEVY,Services,2AC,
Facility Fee,*AIRPORT FEES-PROCESSING FEE,Services,2AC,
Facility Fee,*AIRPORT FEES-PROCESSING FEE,Services,2AC,
Facility Fee,*AIRPORT FEES-PSC,Services,2AC,
Facility Fee,*AIRPORT FEES-PSC FEE,Services,2AC,
Facility Fee,*AIRPORT FEES-PSFC,Services,2AC,
Facility Fee,*AIRPORT FEES-REBILLABLES,Services,2AC,
Facility Fee,*AIRPORT FEES-REBILLABLES,Services,2AC,
Facility Fee,*AIRPORT FEES-REGISTRY ACCOUNT MANAGEMENT,Services,2AC,
Facility Fee,*AIRPORT FEES-RELOCATION FEE,Services,2AC,
Facility Fee,*AIRPORT FEES-RELOCATION FEES,Services,2AC,
Facility Fee,*AIRPORT FEES-REPRESENTATION,Services,2AC,
Facility Fee,*AIRPORT FEES-REPRESENTATION FEE,Services,2AC,
Facility Fee,*AIRPORT FEES-RNFC CHARGES,Services,7AC,
Facility Fee,*AIRPORT FEES-ROUTE PROTECTION FEE,Services,2AC,
Facility Fee,*AIRPORT FEES-ROUTE PROTECTION FEE,Services,2AC,
Facility Fee,*AIRPORT FEES-ROYALTY FEE,Services,2AC,
Facility Fee,*AIRPORT FEES-ROYALTY FEE,Services,2AC,
Facility Fee,*AIRPORT FEES-RUNWAY FEE,Services,2AC,
Facility Fee,*AIRPORT FEES-RVA,Services,2AC,
Facility Fee,*AIRPORT FEES-SCREENING,Services,2AC,
Facility Fee,*AIRPORT FEES-SCREENING FEE,Services,2AC,
Facility Fee,*AIRPORT FEES-SCREENING SERVICES,Services,2AC,
Facility Fee,*AIRPORT FEES-SEPA,Services,2AC,
Facility Fee,*AIRPORT FEES-SERVICE,Services,2AC,
Facility Fee,*AIRPORT FEES-SERVICE CHARGE,Services,2AC,
Facility Fee,*AIRPORT FEES-SERVICE FEE,Services,2AC,
Facility Fee,*AIRPORT FEES-SIGNATURE FLIGHT SUPPORT / INFRASTRUCTURE FEE,Services,2AC,
Facility Fee,*AIRPORT FEES-SIGNATURE FLIGHT SUPPORT BFI / INFRASTRUCTURE FEE,Services,2AC,
Facility Fee,*AIRPORT FEES-SIGNATURE FLIGHT SUPPORT BOS / INFRASTRUCTURE FEE,Services,2AC,
Facility Fee,*AIRPORT FEES-SIGNATURE FLIGHT SUPPORT ORD / INFRASTRUCTURE FEE,Services,2AC,
Facility Fee,*AIRPORT FEES-SNOW FEE,Services,2AC,
Facility Fee,*AIRPORT FEES-SOGEAC,Services,2AC,
Facility Fee,*AIRPORT FEES-STANDARD SERVICE CHARGE,Services,7AC,
Facility Fee,*AIRPORT FEES-STAYOVER,Services,2AC,
Facility Fee,*AIRPORT FEES-SUPERVISION,Services,2AC,
Facility Fee,*AIRPORT FEES-SURCHARGE,Services,2AC,
Facility Fee,*AIRPORT FEES-SURCHARGE,Services,2AC,
Facility Fee,*AIRPORT FEES-SURCHARGE ON DN/WIR/1901646,Services,2AC,
Facility Fee,*AIRPORT FEES-SXM AIRWAYS,Services,2AC,
Facility Fee,*AIRPORT FEES-TAA FEE,Services,7AC,
Facility Fee,*AIRPORT FEES-TAFS FOLDER,Services,2AC,
Facility Fee,*AIRPORT FEES-TAG,Services,2AC,
Facility Fee,*AIRPORT FEES-TASP,Services,7AC,
Facility Fee,*AIRPORT FEES-TAX FREE,Services,2AC,
Facility Fee,*AIRPORT FEES-TAXING SERVICE,Services,2AC,
Facility Fee,*AIRPORT FEES-TBPB,Services,2AC,
Facility Fee,*AIRPORT FEES-TBPB SERVICE CHARGE,Services,2AC,
Facility Fee,*AIRPORT FEES-TCA,Services,2AC,
Facility Fee,*AIRPORT FEES-TCAA,Services,7AC,
Facility Fee,*AIRPORT FEES-TECH ASSISTANCE & PRINTOUT,Services,7AC,
Facility Fee,*AIRPORT FEES-TECHNICAL SERVICE,Services,2AC,
Facility Fee,*AIRPORT FEES-THIRD PARTY FEE,Services,2AC,
Facility Fee,*AIRPORT FEES-THIRD PARTY SERVICES,Services,2AC,
Facility Fee,*AIRPORT FEES-THIRD PRTY CHARGES,Services,2AC,
Facility Fee,*AIRPORT FEES-TOURISM DEVELOPMENT,Services,2AC,
Facility Fee,*AIRPORT FEES-TOURISM DEVELOPMENT FEE,Services,2AC,
Facility Fee,*AIRPORT FEES-TOURISM DEVELOPMENT FEE INTL,Services,2AC,
Facility Fee,*AIRPORT FEES-TOURISM ENHANCEMENT,Services,2AC,
Facility Fee,*AIRPORT FEES-TOURISM ENHANCEMENT FEE,Services,2AC,
Facility Fee,*AIRPORT FEES-TOURIST FER,Services,2AC,
Facility Fee,*AIRPORT FEES-TOURIST TAX,Services,2AC,
Facility Fee,*AIRPORT FEES-TOURIST TAX,Services,2AC,
Facility Fee,*AIRPORT FEES-TOWER & AGRICULTURE,Services,2AC,
Facility Fee,*AIRPORT FEES-TRANSACTION FEE,Services,2AC,
Facility Fee,*AIRPORT FEES-TRANSFER FEE,Services,2AC,
Facility Fee,*AIRPORT FEES-TRANSPORTATION,Services,2AC,
Facility Fee,*AIRPORT FEES-TRAVEL PROMOTION LEVY,Services,2AC,
Facility Fee,*AIRPORT FEES-TRAVEL PROMOTION LEVY,Services,2AC,
Facility Fee,*AIRPORT FEES-UKBF ATTENDANCE,Services,2AC,
Facility Fee,*AIRPORT FEES-USER FEE,Services,2AC,
Facility Fee,*AIRPORT FEES-VEHICLE ACCESS,Services,2AC,
Facility Fee,*AIRPORT FEES-VSAT FEE,Services,2AC,
Facility Fee,*AIRPORT FEES-WASHING UP,Services,2AC,
Facility Fee,*AIRPORT FEES-WEIGHT CHARGE,Services,7AC,
Facility Fee,*AIRPORT FEES-WSU,Services,2AC,
Facility Fee,*AIRPORT FEES-ZAA,Services,7AC,
Facility Fee,*AIRPORT FEES-ZAS SERVICES,Services,2AC,
Facility Fee,*MISCELLANEOUS-AIRPORT FEE,Services,2MISC,
Facility Fee,AIRPORT FEES-PNP EXIT CLEARANCE,Services,2AC,
Facility Fee,AIRPORT FEES-SPECIAL TAXES,Services,2AC,
Facility Fee,*COMMISSION FEE-10%,Services,2CSF,
Facility Fee,*COMMISSION FEE-15%,Services,2CSF,
Facility Fee,*COMMISSION FEE-7%,Services,2CSF,
Facility Fee,*COMMISSION FEE-AIRPORT,Services,2CSF,
Facility Fee,*COMMON USE TERMINAL EQUIPMENT (CUTE)-COMMON USE FEE,Services,2GE,
Facility Fee,*TERMINAL FEES,Services,2TOF,
Facility Fee,*TERMINAL FEES-AIRCRAFT & PAX LOAD,Services,2TOF,
Facility Fee,*TERMINAL FEES-ARRIVAL & DEPARTURE GENERAL AVIATION TERMINAL SERVICE CHARGE FOR CREW,Services,2TOF,
Facility Fee,*TERMINAL FEES-BUSINESS JET,Services,2TOF,
Facility Fee,*TERMINAL FEES-BUSINESS JET TERMINAL (DEP),Services,2TOF,
Facility Fee,*TERMINAL FEES-CONCOURSE FEE,Services,2TOF,
Facility Fee,*TERMINAL FEES-CONTROL TERMINAL/NAV,Services,2TOF,
Facility Fee,*TERMINAL FEES-DISBURSEMENT CONTROL TERMINAL,Services,2TOF,
Facility Fee,*TERMINAL FEES-FBO,Services,2TOF,
Facility Fee,*TERMINAL FEES-FBO IN/OUT,Services,2TOF,
Facility Fee,*TERMINAL FEES-FBO TERMINAL FEE IN-OUT,Services,2TOF,
Facility Fee,*TERMINAL FEES-GAT,Services,2TOF,
Facility Fee,*TERMINAL FEES-HONG KONG,Services,2TOF,
Facility Fee,*TERMINAL FEES-ICELAND,Services,2TOF,
Facility Fee,*TERMINAL FEES-IN/OUT,Services,2TOF,
Facility Fee,*TERMINAL FEES-INTERNATIONAL TERMINAL FEE - DEPARTURE,Services,2TOF,
Facility Fee,*TERMINAL FEES-ITALY,Services,2TOF,
Facility Fee,*TERMINAL FEES-LUX AIRPORT / GAT FEE,Services,2TOF,
Facility Fee,*TERMINAL FEES-MAIN TERMINAL FOR CREW,Services,2TOF,
Facility Fee,*TERMINAL FEES-VIP,Services,2TOF,
Facility Fee,*TERMINAL FEES-VIP & MAIN TERMINAL,Services,2TOF,
Facility Fee,*TERMINAL OPERATIONS FEE,Services,7TOF,
Facility Fee,*TERMINAL OPERATIONS FEE-CREW - IN & OUT,Services,7TOF,
Facility Fee,*FACILITY FEE-7%,Services,2FF,Facility Fee
Facility Fee,*FACILITY FEE-AIRPORT FACILITY PAX OUT,Services,2FF,Facility Fee
Facility Fee,*FACILITY FEE-CIQ FACILITIES CHARGES,Services,2FF,Facility Fee
Facility Fee,*FACILITY FEE-FACILITY FEE 7%,Services,2FF,Facility Fee
Facility Fee,*FACILITY FEE-FACILITY PAX IN,Services,2FF,Facility Fee
Facility Fee,*FACILITY FEE-FACILITY PAX OUT,Services,2FF,Facility Fee
Facility Fee,*FACILITY FEE-FBO,Services,2FF,Facility Fee
Facility Fee,*FACILITY FEE-FBO FEE,Services,2FF,Facility Fee
Facility Fee,*FACILITY FEE-IN/OUT,Services,2FF,Facility Fee
Facility Fee,*FACILITY FEE-PAX IN,Services,2FF,Facility Fee
Facility Fee,*FACILITY FEE-PAX OUT,Services,2FF,Facility Fee
Facility Fee,*FACILITY FEE-PORT FEE,Services,2FF,Facility Fee
Facility Fee,*FACILITY FEE-ROYALTIES,Services,2FF,Facility Fee
Facility Fee,*FACILITY FEE-ROYALTY FEE,Services,2FF,Facility Fee
Facility Fee,*FACILITY FEE-TARIFA H,Services,2FF,Facility Fee
Facility Fee,*COMMISSION FEE,Services,2CSF,
Facility Fee,*CALL OUT FEE,Services,,
Facility Fee,TURNOVER TAX,Retail,,
Flight Following,FLIGHT FOLLOWING,Retail,2FH,
Flight Following,ESCORT FEE,Retail,2ESC,
Flight Following,IN ROUTE CHARGES,Retail,2IR,
Flight Following,OVERFLIGHT CUBA,Retail,2OFCUBA,
Flight Following,*COMMUNICATION,Services,2CO,
Flight Following,*FLIGHT FOLLOWING,Services,2FH,
Flight Following,*ENROUTE CHARGES,Services,2IR,
Flight Following,*ENROUTE CHARGES-ARRIVAL,Services,2IR,
Flight Following,*ENROUTE CHARGES-ASECNA,Services,2IR,
Flight Following,*ENROUTE CHARGES-CHINA,Services,2IR,
Flight Following,*ENROUTE CHARGES-DENMARK/ICELAND,Services,2IR,
Flight Following,*ENROUTE CHARGES-DEPARTURE,Services,2IR,
Flight Following,*ENROUTE CHARGES-GHANA,Services,2IR,
Flight Following,*ENROUTE CHARGES-GREENLAND,Services,2IR,
Flight Following,*ENROUTE CHARGES-HONG KONG,Services,2IR,
Flight Following,*ENROUTE CHARGES-HONG KONG,Services,2IR,
Flight Following,*ENROUTE CHARGES-ICELAND,Services,2IR,
Flight Following,*ENROUTE CHARGES-INDONESIA,Services,2IR,
Flight Following,*ENROUTE CHARGES-PAPUA NEW GUINEA,Services,2IR,
Flight Following,*FLIGHT FOLLOWING-& SERVICES,Services,2FH,
Flight Following,ACTIVE FLIGHT FOLLOWING PROGRAM-FLEET SUBSCRIPTION - FEBRUARY,Services,1AFLFP,
Flight Following,ACTIVE FLIGHT FOLLOWING PROGRAM-FLEET SUBSCRIPTION - MARCH,Services,1AFLFP,
Flight Following,ACTIVE FLIGHT FOLLOWING PROGRAM-FLEET SUBSCRIPTION - MAY,Services,1AFLFP,
Flight Following,ACTIVE FLIGHT FOLLOWING PROGRAM-FLEET SUBSCRIPTION APRIL 2020,Services,1AFLFP,
Flight Following,ANNUAL FLIGHT FOLLOWING-JAN 2020 TO JUN 2020,Services,1AFLF,
Flight Following,FLIGHT FOLLOWING-DOWNLINE,Services,1FA,
Flight Following,FLIGHT FOLLOWING-HOMEBASE,Services,1FH,
Flight Following,*COORDINATION FEE-2 MOVEMENTS,Services,2GR,
Flight Following,*COORDINATION FEE-ADJUSTING ROUTE OUT OF ZSSS RESTRICTED TIME,Services,2GR,
Flight Following,*COORDINATION FEE-AIRPORT OPS PERSONNEL,Services,2GR,
Flight Following,*COORDINATION FEE-AIRPORT OPS PERSONNEL,Services,2GR,
Flight Following,*COORDINATION FEE-COORDINATIONS AND SUPERVISION,Services,2GR,
Flight Following,*COORDINATION FEE-FLIGHT,Services,2GR,
Flight Following,*COORDINATION FEE-FLIGHT CONCIERGE,Services,2GR,
Flight Following,*COORDINATION FEE-FUEL,Services,2GR,
Flight Following,*COORDINATION FEE-MEXICO,Services,2GR,
Flight Following,*COORDINATION FEE-OPERATIONAL SETUP,Services,2GR,
Flight Following,*COORDINATION FEE-OPS PERSONNEL,Services,2GR,
Flight Following,*COORDINATION FEE-PHILIPPINES,Services,2GR,
Flight Following,*COORDINATION FEE-SUPERVISORY,Services,2GR,
Flight Following,*COORDINATION FEE-TRANSPORT SETUP,Services,2GR,
Flight Following,*COORDINATION FEE-TRANSPORTATION,Services,2GR,
Flight Following,*COORDINATION FEE-TRANSPORTATION,Services,2GR,
Flight Following,*FUEL COORD FEE-1217.04 US GALLONS,Services,2FC,Jet Fuel
Flight Following,*FUEL COORD FEE-CUSTOM ON FUEL DUTY,Services,2FC,Jet Fuel
Flight Plans,*COORDINATION FEE,Contract,,
Flight Plans,FULL FLIGHT PLAN,Retail,2FFP,
Flight Plans,AIRCRAFT SERVICES,Retail,2AS,
Flight Plans,AIRPORT RUNWAY SLOT FEE,Retail,2EU,
Flight Plans,NAVIGATION FEES,Retail,2NF,
Flight Plans,*AGENT DISBURSEMENTS,Services,2AD,
Flight Plans,*AGENT DISBURSEMENTS,Services,7AD,
Flight Plans,*AIRCRAFT SERVICES,Services,2AS,
Flight Plans,*AIRCRAFT SERVICES,Services,7AS,
Flight Plans,*AIRPORT RUNWAY SLOT FEE,Services,7EU,
Flight Plans,*FLIGHT PLAN & WEATHER BRIEFING,Services,2FPAWB,
Flight Plans,*FLIGHT PLAN FILING,Services,2FPFC,
Flight Plans,*FLIGHT PLAN FILING,Services,7FPF,
Flight Plans,*FLIGHT PLAN-ADHOC,Services,2FPAD,
Flight Plans,*FLIGHT PLANNING & WEATHER,Services,7FPW,
Flight Plans,*FULL FLIGHT PLAN,Services,2FFP,
Flight Plans,*NAVIGATION FEES,Services,2NF,
Flight Plans,*NAVIGATION FEES,Services,7NF,
Flight Plans,*NAVIGATION FEES-ATLANTIQUE NORD,Services,2NF,
Flight Plans,*NAVIGATION FEES-ATLANTIQUE NORD,Services,7NF,
Flight Plans,*NAVIGATION FEES-CAAP,Services,2NF,
Flight Plans,*NAVIGATION FEES-CAMBODIA,Services,2NF,
Flight Plans,*NAVIGATION FEES-CAMBODIA,Services,7NF,
Flight Plans,*NAVIGATION FEES-CENAMER,Services,2NF,
Flight Plans,*NAVIGATION FEES-D.G.A.C,Services,2NF,
Flight Plans,*NAVIGATION FEES-DENMARK/ICELAND,Services,2NF,
Flight Plans,*NAVIGATION FEES-DENMARK/ICELAND,Services,7NF,
Flight Plans,*NAVIGATION FEES-EGYPT,Services,2NF,
Flight Plans,*NAVIGATION FEES-EGYPT,Services,7NF,
Flight Plans,*NAVIGATION FEES-FRANCE,Services,2NF,
Flight Plans,*NAVIGATION FEES-FRANCE,Services,7NF,
Flight Plans,*NAVIGATION FEES-IRELAND,Services,2NF,
Flight Plans,*NAVIGATION FEES-IRELAND,Services,7NF,
Flight Plans,*NAVIGATION FEES-MYANMAR,Services,2NF,
Flight Plans,*NAVIGATION FEES-MYANMAR,Services,7NF,
Flight Plans,*NAVIGATION FEES-OMAN,Services,2NF,
Flight Plans,*NAVIGATION FEES-OMAN,Services,7NF,
Flight Plans,*NAVIGATION FEES-PERU,Services,2NF,
Flight Plans,*NAVIGATION FEES-PERU,Services,7NF,
Flight Plans,*NAVIGATION FEES-PHILIPPINES,Services,2NF,
Flight Plans,*NAVIGATION FEES-PHILIPPINES,Services,7NF,
Flight Plans,*NAVIGATION FEES-RUSSIAN FEDERATION,Services,2NF,
Flight Plans,*NAVIGATION FEES-RUSSIAN FEDERATION,Services,7NF,
Flight Plans,*NAVIGATION FEES-SAUDI ARABIA,Services,2NF,
Flight Plans,*NAVIGATION FEES-SAUDI ARABIA,Services,7NF,
Flight Plans,*NAVIGATION FEES-SHANWICK,Services,2NF,
Flight Plans,*NAVIGATION FEES-SHANWICK,Services,7NF,
Flight Plans,*NAVIGATION FEES-THAILAND,Services,2NF,
Flight Plans,*NAVIGATION FEES-THAILAND,Services,7NF,
Flight Plans,*NAVIGATION FEES-UKRAINE,Services,2NF,
Flight Plans,*NAVIGATION FEES-UKRAINE,Services,7NF,
Flight Plans,*NAVIGATION FEES-VIETNAM,Services,2NF,
Flight Plans,*NAVIGATION FEES-VIETNAM,Services,7NF,
Flight Plans,*SLOT COORDINATION,Services,2SLCO,
Flight Plans,*SLOT COORDINATION-ARRIVAL,Services,2SLCO,
Flight Plans,*SLOT COORDINATION-DEPARTURE,Services,2SLCO,
Flight Plans,FLIGHT PLAN -FULL-RC#360310,Services,1F2,
Flight Plans,FLIGHT PLAN -FULL-RC#360315,Services,1F2,
Flight Plans,FULL FLIGHT PLAN,Services,6FP,
Flight Plans,FLIGHT PLAN -FULL-RC#360310,Services,,
Flight Plans,FLIGHT PLAN -FULL-RC#360315,Services,,
Flight Plans,*NAVIGATION FEES-CENAMER,Services,,
Flight Plans,*NAVIGATION FEES-CENAMER,Services,,
Flight Plans,*NAVIGATION FEES-CENAMER,Services,,
Flight Plans,*NAVIGATION FEES-D.G.A.C,Services,,
Flight Plans,*AGENT DISBURSEMENTS-10%,Services,2AD,
Flight Plans,*AGENT DISBURSEMENTS-12%,Services,2AD,
Flight Plans,*AGENT DISBURSEMENTS-15%,Services,2AD,
Flight Plans,*AGENT DISBURSEMENTS-15%,Services,2AD,
Flight Plans,*AGENT DISBURSEMENTS-3RD PARTY DISBURSEMENT (10%),Services,2AD,
Flight Plans,*AGENT DISBURSEMENTS-5%,Services,2AD,
Flight Plans,*AGENT DISBURSEMENTS-8%,Services,2AD,
Flight Plans,*AGENT DISBURSEMENTS-AGENT DISPURSEMENT 15%,Services,2AD,
Flight Plans,*AGENT DISBURSEMENTS-AIRPORT DISBURSEMENT,Services,2AD,
Flight Plans,*AGENT DISBURSEMENTS-AIRPORT DISBURSEMENTS,Services,2AD,
Flight Plans,*AGENT DISBURSEMENTS-CATERING,Services,2AD,
Flight Plans,*AGENT DISBURSEMENTS-CATERING,Services,2AD,
Flight Plans,*AGENT DISBURSEMENTS-CONTROL TERMINAL,Services,2AD,
Flight Plans,*AGENT DISBURSEMENTS-DISBURSEMENT FEE,Services,2AD,
Flight Plans,*AGENT DISBURSEMENTS-DISBURSEMENT SERVICE CHARGE 17.5%,Services,2AD,
Flight Plans,*AGENT DISBURSEMENTS-FBO,Services,2AD,
Flight Plans,*AGENT DISBURSEMENTS-LANDIN/CONTROL TERM/NAV/CATERING,Services,2AD,
Flight Plans,*AGENT DISBURSEMENTS-LANDING/CONTROL TERMINAL /NAV,Services,2AD,
Flight Plans,*AGENT DISBURSEMENTS-LPLA,Services,2AD,
Flight Plans,*AGENT DISBURSEMENTS-MONGOLIA,Services,2AD,
Flight Plans,*AGENT DISBURSEMENTS-SERVICES MANAGED BY ISLAND AIR,Services,2AD,
Flight Plans,*AGENT DISBURSEMENTS-SKYTOURS DISBURSEMENTS,Services,2AD,
Flight Plans,*AGENT DISBURSEMENTS-SKYTOURS DISBURSEMENTS FEES,Services,2AD,
Flight Plans,*AIRCRAFT SERVICES-AFIS FEE,Services,2AS,
Flight Plans,*AIRCRAFT SERVICES-AIRCRAFT DAY WORK,Services,2AS,
Flight Plans,*AIRCRAFT SERVICES-AIRCRAFT LICENCE FEE,Services,2AS,
Flight Plans,*AIRCRAFT SERVICES-AIRCRAFT LICENCE FEE FEB 2020,Services,2AS,
Flight Plans,*AIRCRAFT SERVICES-AIRCRAFT LICENCE FEE MARCH 2020,Services,2AS,
Flight Plans,*AIRCRAFT SERVICES-AIRCRAFT PICS,Services,2AS,
Flight Plans,*AIRCRAFT SERVICES-AIRCRAFT VISIT 9 PEOPLE,Services,2AS,
Flight Plans,*AIRCRAFT SERVICES-APPROVAL FEE,Services,2AS,
Flight Plans,*AIRCRAFT SERVICES-APRON ID CARD,Services,2AS,
Flight Plans,*AIRCRAFT SERVICES-ARRIVAL MOVEMENT,Services,2AS,
Flight Plans,*AIRCRAFT SERVICES-BOARD TO BOARD PLATINUM ASSISTANCE,Services,2AS,
Flight Plans,*AIRCRAFT SERVICES-BRIEFING,Services,2AS,
Flight Plans,*AIRCRAFT SERVICES-CATERING,Services,2AS,
Flight Plans,*AIRCRAFT SERVICES-CHARTER,Services,2AS,
Flight Plans,*AIRCRAFT SERVICES-CREW BRIEFING PRINTING AND DELIVERY,Services,2AS,
Flight Plans,*AIRCRAFT SERVICES-CREW MEMBER STATUS CHANGE,Services,2AS,
Flight Plans,*AIRCRAFT SERVICES-DEPARTURE MOVEMENT,Services,2AS,
Flight Plans,*AIRCRAFT SERVICES-DESCENT SPRAY,Services,7AS,
Flight Plans,*AIRCRAFT SERVICES-DOCUMENTATION,Services,2AS,
Flight Plans,*AIRCRAFT SERVICES-DOWNLOADED 2 NEWSPAPERS & PRINTED,Services,2AS,
Flight Plans,*AIRCRAFT SERVICES-DOWNLOADED NEWSPAPER,Services,2AS,
Flight Plans,*AIRCRAFT SERVICES-EARLY ARRIVAL CHARGES,Services,2AS,
Flight Plans,*AIRCRAFT SERVICES-ECONOMIC REGULATIONS FEE,Services,2AS,
Flight Plans,*AIRCRAFT SERVICES-EXTRA PAPERWORK FOR FLIGHT,Services,2AS,
Flight Plans,*AIRCRAFT SERVICES-FBO NEWSPAPERS ONLINE GVA,Services,2AS,
Flight Plans,*AIRCRAFT SERVICES-FLIGHT BRIEF,Services,2AS,
Flight Plans,*AIRCRAFT SERVICES-FLIGHT DOCUMENT PRINT,Services,2AS,
Flight Plans,*AIRCRAFT SERVICES-FLIGHT PLAN/WEATHER/IMMIGRATION,Services,2AS,
Flight Plans,*AIRCRAFT SERVICES-FLIGHT SETUP REVISION,Services,2AS,
Flight Plans,*AIRCRAFT SERVICES-FOREIGN NEWSPAPER,Services,2AS,
Flight Plans,*AIRCRAFT SERVICES-FUEL SPILL FEE,Services,2AS,
Flight Plans,*AIRCRAFT SERVICES-GENERAL AVIATION FEES,Services,2AS,
Flight Plans,*AIRCRAFT SERVICES-HEATER,Services,2AS,
Flight Plans,*AIRCRAFT SERVICES-HEATER UNIT,Services,2AS,
Flight Plans,*AIRCRAFT SERVICES-INFRASTRUCTURE FEE,Services,2AS,
Flight Plans,*AIRCRAFT SERVICES-INSECT REPELLENT CANS,Services,2AS,
Flight Plans,*AIRCRAFT SERVICES-INTERNATIONAL NEWSPAPERS,Services,2AS,
Flight Plans,*AIRCRAFT SERVICES-INTERNATIONALIZATION,Services,2AS,
Flight Plans,*AIRCRAFT SERVICES-INTO PLANE,Services,2AS,
Flight Plans,*AIRCRAFT SERVICES-LICENSE FEE,Services,2AS,
Flight Plans,*AIRCRAFT SERVICES-MCCARRAN INTERNATIONAL AIRPORT / AIRCRAFT FEE,Services,2AS,
Flight Plans,*AIRCRAFT SERVICES-MOVEMENT - ARRIVAL/DEPARTURE,Services,7AS,
Flight Plans,*AIRCRAFT SERVICES-MULTISERVICE FEE,Services,2AS,
Flight Plans,*AIRCRAFT SERVICES-NEWSPAPER,Services,2AS,
Flight Plans,*AIRCRAFT SERVICES-NEWSPAPER,Services,2AS,
Flight Plans,*AIRCRAFT SERVICES-NEWSPAPER/MAGAZINES,Services,2AS,
Flight Plans,*AIRCRAFT SERVICES-NEWSPAPERS,Services,2AS,
Flight Plans,*AIRCRAFT SERVICES-NEWSPAPERS,Services,2AS,
Flight Plans,*AIRCRAFT SERVICES-NEWSPAPERS AMD MAGAZINES JDA,Services,2AS,
Flight Plans,*AIRCRAFT SERVICES-NIGHT/WEKEND SURCHARGE,Services,2AS,
Flight Plans,*AIRCRAFT SERVICES-PORTABLE MOUNTED A/C UNIT 4/29/20 - 5/28/20,Services,2AS,
Flight Plans,*AIRCRAFT SERVICES-PORTER SERVICE,Services,2AS,
Flight Plans,*AIRCRAFT SERVICES-POSITIONING,Services,2AS,
Flight Plans,*AIRCRAFT SERVICES-POSITIONING,Services,2AS,
Flight Plans,*AIRCRAFT SERVICES-PRINTED NEWSPAPER,Services,2AS,
Flight Plans,*AIRCRAFT SERVICES-PRINTING AND DELIVERY,Services,2AS,
Flight Plans,*AIRCRAFT SERVICES-PRINTING BRIEFING,Services,2AS,
Flight Plans,*AIRCRAFT SERVICES-PRINTING OF BRIEFING/FLIGHT PLANS,Services,2AS,
Flight Plans,*AIRCRAFT SERVICES-REPOSITION,Services,7AS,
Flight Plans,*AIRCRAFT SERVICES-SECURITY & LIGHTING,Services,2AS,
Flight Plans,*AIRCRAFT SERVICES-SECURITY/LIGHTING,Services,2AS,
Flight Plans,*AIRCRAFT SERVICES-SHIPPING CHARGES,Services,2AS,
Flight Plans,*AIRCRAFT SERVICES-SPECIAL PRINTING,Services,2AS,
Flight Plans,*AIRCRAFT SERVICES-SUNDAY SURCHARGE,Services,2AS,
Flight Plans,*AIRCRAFT SERVICES-SURCHARGE,Services,2AS,
Flight Plans,*AIRCRAFT SERVICES-TASP,Services,2AS,
Flight Plans,*AIRCRAFT SERVICES-TECHNICAL,Services,7AS,
Flight Plans,*AIRCRAFT SERVICES-TECHNICAL ASSISTANCE,Services,2AS,
Flight Plans,*AIRCRAFT SERVICES-TIE DOWN,Services,2AS,
Flight Plans,*AIRCRAFT SERVICES-TUG CAR/MANPOWER SUPPORT FEE,Services,2AS,
Flight Plans,*AIRCRAFT SERVICES-WASHING UP,Services,2AS,
Flight Plans,*COMMUNICATION-FLIGHT PLAN FILING,Services,2CO,
Flight Plans,*COMMUNICATION-SLOT COMMUNICATION,Services,2CO,
Flight Plans,*COORDINATION FEE-SLOT AND COORDINATION,Services,2GR,
Flight Plans,*COORDINATION FEE-SLOT AND COORDINATION CHARGE,Services,2GR,
Flight Plans,*DEPARTURE FEES-DEPARTURE / NAVIGATION FEE,Services,2DEPFEE,
Flight Plans,*FLIGHT PLAN FILING-& WEATHER,Services,2FPFC,
Flight Plans,*FLIGHT PLAN FILING-& WEATHER,Services,2FPFC,
Flight Plans,*FLIGHT PLAN FILING-ATC FPL & DISPATCH,Services,2FPFC,
Flight Plans,*FLIGHT PLAN FILING-ATC FPL/DISPATCH,Services,2FPFC,
Flight Plans,*FLIGHT PLAN FILING-DELIVERY OF DOCUMENTS,Services,2FPFC,
Flight Plans,*FLIGHT PLAN-ADHOC-FLIGHT PLANNING FILING,Services,2FPAD,
Flight Plans,*FLIGHT PLANNING & WEATHER-TAFS,Services,7FPW,
Flight Plans,*FULL FLIGHT PLAN-FLIGHT PLANNING FILING,Services,2FFP,
Flight Plans,*LANDING FEES-& NAVIGATION,Services,2LA,
Flight Plans,*LANDING FEES-& NAVIGATION,Services,2LA,
Flight Plans,*LANDING FEES-& NAVIGATION FEES,Services,2LA,
Flight Plans,*LANDING FEES-& NAVIGATION FEES,Services,2LA,
Flight Plans,*LANDING FEES-/ NAVIGATIONAL,Services,2LA,
Flight Plans,*LANDING FEES-AIR TRAFFIC CONTROL / NAVIGATION,Services,2LA,
Flight Plans,*LANDING FEES-LANDING & NAVIGATION,Services,2LA,
Flight Plans,*LANDING FEES-LANDING / NAVIGATION FEE,Services,2LA,
Flight Plans,*LANDING FEES-LANDING ? AIR TRAFFIC CONTROL / NAVIGATION,Services,2LA,
Flight Plans,"*LANDING FEES-LANDING, AIR TRAFFIC CONTROL, NAVIGATION",Services,2LA,
Flight Plans,"*LANDING FEES-LANDING, AIR TRAFFIC, NAVIGATION",Services,2LA,
Flight Plans,"*LANDING FEES-LANDING, ATC, NAVIGATION",Services,2LA,
Flight Plans,"*LANDING FEES-LANDING, ATC, NAVIGATION ",Services,2LA,
Flight Plans,"*LANDING FEES-LANDING. ATC, NAVIGATION",Services,2LA,
Flight Plans,*LANDING FEES-LANDING/ATC & NAVIGATION,Services,2LA,
Flight Plans,*LANDING FEES-LANDING/ATC & NAVIGATION FEES,Services,2LA,
Flight Plans,*LANDING FEES-NAVIGATIONAL FEES,Services,2LA,
Flight Plans,*NAVIGATION FEES-AERONAVIGATION FEES CORPAC,Services,2NF,
Flight Plans,*NAVIGATION FEES-AERONAVIGATION-CORPAC,Services,2NF,
Flight Plans,*NAVIGATION FEES-AIR SERVICES,Services,2NF,
Flight Plans,*NAVIGATION FEES-AIRPORT,Services,7NF,
Flight Plans,*NAVIGATION FEES-ALBANIA,Services,2NF,
Flight Plans,*NAVIGATION FEES-ALGER,Services,2NF,
Flight Plans,*NAVIGATION FEES-ALGERIA,Services,2NF,
Flight Plans,*NAVIGATION FEES-ALGERIA,Services,2NF,
Flight Plans,*NAVIGATION FEES-ANFC FEES,Services,2NF,
Flight Plans,*NAVIGATION FEES-ARRIVAL,Services,2NF,
Flight Plans,*NAVIGATION FEES-ARRIVAL/DEPARTURE,Services,2NF,
Flight Plans,*NAVIGATION FEES-ATC,Services,2NF,
Flight Plans,*NAVIGATION FEES-ATLANTIQUE NORD,Services,2NF,
Flight Plans,*NAVIGATION FEES-ATLANTIQUE NORQ,Services,2NF,
Flight Plans,*NAVIGATION FEES-AUSTRALIA,Services,2NF,
Flight Plans,*NAVIGATION FEES-BAHRAIN,Services,7NF,
Flight Plans,*NAVIGATION FEES-BANGLADESH,Services,2NF,
Flight Plans,*NAVIGATION FEES-BELARUS,Services,2NF,
Flight Plans,*NAVIGATION FEES-BOLIVA,Services,2NF,
Flight Plans,*NAVIGATION FEES-BOLIVIA,Services,2NF,
Flight Plans,*NAVIGATION FEES-BOTSWANA,Services,2NF,
Flight Plans,*NAVIGATION FEES-CAAP PROCESSING FEE,Services,2NF,
Flight Plans,*NAVIGATION FEES-CANADA,Services,7NF,
Flight Plans,*NAVIGATION FEES-CENAMER,Services,2NF,
Flight Plans,*NAVIGATION FEES-CENEMAR,Services,2NF,
Flight Plans,*NAVIGATION FEES-CENTRAL ROUTE CHAEGES,Services,2NF,
Flight Plans,*NAVIGATION FEES-CENTRAL ROUTE CHARGE,Services,2NF,
Flight Plans,*NAVIGATION FEES-CENTRAL ROUTE CHARGES,Services,2NF,
Flight Plans,*NAVIGATION FEES-CENTRAL ROUTE CHARGES,Services,2NF,
Flight Plans,*NAVIGATION FEES-CHINA,Services,2NF,
Flight Plans,*NAVIGATION FEES-COLOMBIA,Services,2NF,
Flight Plans,*NAVIGATION FEES-COLOMBIA OVERFLIGHT,Services,2NF,
Flight Plans,*NAVIGATION FEES-CONGO,Services,2NF,
Flight Plans,*NAVIGATION FEES-CONTROL TERMINAL,Services,2NF,
Flight Plans,*NAVIGATION FEES-CONTROL TERMINAL/NAV,Services,2NF,
Flight Plans,*NAVIGATION FEES-CUBA,Services,2NF,
Flight Plans,*NAVIGATION FEES-D.G.A.C,Services,2NF,
Flight Plans,*NAVIGATION FEES-D.G.A.C FEE,Services,2NF,
Flight Plans,*NAVIGATION FEES-D.G.A.C FEE,Services,2NF,
Flight Plans,*NAVIGATION FEES-D.G.A.C FEES,Services,2NF,
Flight Plans,*NAVIGATION FEES-D.G.A.C.,Services,2NF,
Flight Plans,*NAVIGATION FEES-D.G.A.C.,Services,2NF,
Flight Plans,*NAVIGATION FEES-D.G.A.C. FEE,Services,2NF,
Flight Plans,*NAVIGATION FEES-DENAMRK/ICELAND,Services,2NF,
Flight Plans,*NAVIGATION FEES-DEPARTURE,Services,2NF,
Flight Plans,*NAVIGATION FEES-DEPARTURE / SAUDI ARABIA,Services,2NF,
Flight Plans,*NAVIGATION FEES-DFS,Services,2NF,
Flight Plans,*NAVIGATION FEES-DFS-GERMANY,Services,2NF,
Flight Plans,*NAVIGATION FEES-DFS-GERMANY,Services,2NF,
Flight Plans,*NAVIGATION FEES-DGAC,Services,2NF,
Flight Plans,*NAVIGATION FEES-DGAC FEE,Services,2NF,
Flight Plans,*NAVIGATION FEES-DUTCH CARIBBEAN,Services,2NF,
Flight Plans,*NAVIGATION FEES-DUTCH CARIBBEAN,Services,2NF,
Flight Plans,*NAVIGATION FEES-DUTCH CARIBBEAN AIR NAVIGATION SERVICE,Services,2NF,
Flight Plans,*NAVIGATION FEES-DUTCH CARIBBEAN AIR NAVIGATION SERVICES,Services,2NF,
Flight Plans,*NAVIGATION FEES-EU CENTRAL,Services,7NF,
Flight Plans,*NAVIGATION FEES-EU CENTRL,Services,7NF,
Flight Plans,*NAVIGATION FEES-EXETER AIRPORT / RNAN  APPROACH TEST,Services,2NF,
Flight Plans,*NAVIGATION FEES-FIJI,Services,2NF,
Flight Plans,*NAVIGATION FEES-GACA AIR-SAUDI ARABIA,Services,2NF,
Flight Plans,*NAVIGATION FEES-GACA NAVIGATIONAL -ARRIVAL,Services,2NF,
Flight Plans,*NAVIGATION FEES-GERMANY,Services,2NF,
Flight Plans,*NAVIGATION FEES-GREECE,Services,2NF,
Flight Plans,*NAVIGATION FEES-HONG KONG,Services,2NF,
Flight Plans,*NAVIGATION FEES-HONG KONG,Services,2NF,
Flight Plans,*NAVIGATION FEES-HUNGARY,Services,2NF,
Flight Plans,*NAVIGATION FEES-INBOUND,Services,7NF,
Flight Plans,*NAVIGATION FEES-INDIA,Services,2NF,
Flight Plans,*NAVIGATION FEES-INDONESIA,Services,2NF,
Flight Plans,*NAVIGATION FEES-IRAN,Services,2NF,
Flight Plans,*NAVIGATION FEES-IRELAND,Services,2NF,
Flight Plans,*NAVIGATION FEES-ITALY,Services,2NF,
Flight Plans,*NAVIGATION FEES-JAMAICA,Services,2NF,
Flight Plans,*NAVIGATION FEES-JAMAICA-SAEZ-KIAD,Services,2NF,
Flight Plans,*NAVIGATION FEES-JAPAN,Services,2NF,
Flight Plans,*NAVIGATION FEES-JAPAN,Services,2NF,
Flight Plans,*NAVIGATION FEES-KAZAKHSTAN,Services,2NF,
Flight Plans,*NAVIGATION FEES-KENYA,Services,2NF,
Flight Plans,*NAVIGATION FEES-LANDING/DEPARTURE,Services,2NF,
Flight Plans,*NAVIGATION FEES-LAO PEOPLE'S DEMOCRATIC REPUBLIC,Services,2NF,
Flight Plans,*NAVIGATION FEES-LAO PEOPLES DEMOCRATIC,Services,2NF,
Flight Plans,*NAVIGATION FEES-LAO PEOPLES DEMOCRATIC REPUBLIC,Services,2NF,
Flight Plans,*NAVIGATION FEES-LAOS PEOPLE'S REPUBLIC,Services,2NF,
Flight Plans,*NAVIGATION FEES-LAOS PEOPLES REPUBLIC,Services,2NF,
Flight Plans,*NAVIGATION FEES-LIBERIA,Services,2NF,
Flight Plans,*NAVIGATION FEES-MALAYSIA,Services,2NF,
Flight Plans,*NAVIGATION FEES-MALTA,Services,2NF,
Flight Plans,*NAVIGATION FEES-MAURITIUS,Services,2NF,
Flight Plans,*NAVIGATION FEES-MEXICO,Services,2NF,
Flight Plans,*NAVIGATION FEES-MONGOLIA,Services,2NF,
Flight Plans,*NAVIGATION FEES-MONGOLIA,Services,2NF,
Flight Plans,*NAVIGATION FEES-MOROCCO,Services,2NF,
Flight Plans,*NAVIGATION FEES-MYANMAR-ATS 100/3-GEN/ OCT 2019/04,Services,2NF,
Flight Plans,*NAVIGATION FEES-NETHERLANDS,Services,2NF,
Flight Plans,*NAVIGATION FEES-NETHERLANDS,Services,2NF,
Flight Plans,*NAVIGATION FEES-NEW ZEALAND,Services,7NF,
Flight Plans,*NAVIGATION FEES-NIGERIA,Services,2NF,
Flight Plans,*NAVIGATION FEES-NON IMMIGRANT FEE,Services,2NF,
Flight Plans,*NAVIGATION FEES-NTHERLANDS,Services,2NF,
Flight Plans,*NAVIGATION FEES-OAMN,Services,2NF,
Flight Plans,*NAVIGATION FEES-OCEANIC ROUT,Services,2NF,
Flight Plans,*NAVIGATION FEES-PAKISTAN,Services,2NF,
Flight Plans,*NAVIGATION FEES-PAPUA NEW GUINEA,Services,2NF,
Flight Plans,*NAVIGATION FEES-PARAGUAY,Services,2NF,
Flight Plans,*NAVIGATION FEES-POLAND,Services,2NF,
Flight Plans,*NAVIGATION FEES-REPUBLIC OF KOREA,Services,2NF,
Flight Plans,*NAVIGATION FEES-RMI PORTS AUTHORITY / RUNWAY LIGHTS & NAV AIDS FEE,Services,2NF,
Flight Plans,*NAVIGATION FEES-RMI PORTS AUTHORITY / RUNWAY LIGHTS & NAV AIDS FEE / SPLIT AMOUNT,Services,2NF,
Flight Plans,*NAVIGATION FEES-RMI PORTS AUTHORITY / RUNWAY LIGHTS & NAV FEES / SPLIT BILLING LINE,Services,2NF,
Flight Plans,*NAVIGATION FEES-RMI PORTS AUTHORITY / RUNWAY LIGHTS & NAVIGATINONAL AIDS,Services,2NF,
Flight Plans,*NAVIGATION FEES-RUSSIA,Services,2NF,
Flight Plans,*NAVIGATION FEES-RUSSIAN FEDERATION,Services,2NF,
Flight Plans,*NAVIGATION FEES-SAUDI ARABIA,Services,2NF,
Flight Plans,*NAVIGATION FEES-SAUDI ARABIA _ ARRIVAL,Services,2NF,
Flight Plans,*NAVIGATION FEES-SAUDI ARABIA _ DEPARTURE,Services,2NF,
Flight Plans,*NAVIGATION FEES-SAUDI ARABIA-ARRIVAL,Services,7NF,
Flight Plans,*NAVIGATION FEES-SEYCHELLES,Services,2NF,
Flight Plans,*NAVIGATION FEES-SEYCHELLES,Services,2NF,
Flight Plans,*NAVIGATION FEES-SHORT NOTICE-CUBA,Services,2NFCUSN,
Flight Plans,*NAVIGATION FEES-SINGAPORE,Services,2NF,
Flight Plans,*NAVIGATION FEES-SOUTH AFRICA,Services,2NF,
Flight Plans,*NAVIGATION FEES-SOUTH AFRICA,Services,2NF,
Flight Plans,*NAVIGATION FEES-SPAIN,Services,2NF,
Flight Plans,*NAVIGATION FEES-SRI LANKA,Services,2NF,
Flight Plans,*NAVIGATION FEES-TAIWAN,Services,2NF,
Flight Plans,*NAVIGATION FEES-TAIWAN PROVINCE OF CHINA,Services,2NF,
Flight Plans,*NAVIGATION FEES-TAJIKISTAN,Services,2NF,
Flight Plans,*NAVIGATION FEES-TANZANIA,Services,2NF,
Flight Plans,*NAVIGATION FEES-TERMINAL,Services,2NF,
Flight Plans,*NAVIGATION FEES-TUNISIA,Services,2NF,
Flight Plans,*NAVIGATION FEES-TURKMENISTAN,Services,2NF,
Flight Plans,*NAVIGATION FEES-UAE,Services,2NF,
Flight Plans,*NAVIGATION FEES-UKRAINE,Services,2NF,
Flight Plans,*NAVIGATION FEES-UNITED REPUBLIC OF TANZANIA,Services,2NF,
Flight Plans,*NAVIGATION FEES-UNITED STATES,Services,2NF,
Flight Plans,*NAVIGATION FEES-USA,Services,2NF,
Flight Plans,*NAVIGATION FEES-UZBEKISTAN,Services,2NF,
Flight Plans,*NAVIGATION FEES-UZBEKISTAN,Services,2NF,
Flight Plans,*NAVIGATION FEES-VIETNAM,Services,2NF,
Flight Plans,*NAVIGATION FEES-VSAT,Services,2NF,
Flight Plans,*NAVIGATION FEES-VSAT - SOUTH AFRICA,Services,2NF,
Flight Plans,*NAVIGATION FEES-VSAT -SOUTH AFRICA,Services,2NF,
Flight Plans,*NAVIGATION FEES-ZIMABABWE,Services,2NF,
Flight Plans,*NAVIGATION FEES-ZIMBABWE,Services,2NF,
Flight Plans,*NAVIGATIONAL TRIP KIT-ELECTRONIC CHART,Services,7OT,
Flight Plans,*NAVIGATIONAL TRIP KIT-JEPP CHART,Services,7OT,
Flight Plans,*SLOT COORDINATION-& REVISION,Services,2SLCO,
Flight Plans,*SLOT COORDINATION-(ARR + DEP),Services,2SLCO,
Flight Plans,*SLOT COORDINATION-/CIQ,Services,2SLCO,
Flight Plans,*SLOT COORDINATION-APPLICATION,Services,2SLCO,
Flight Plans,*SLOT COORDINATION-APPLICATION,Services,2SLCO,
Flight Plans,*SLOT COORDINATION-APPLICATION & REVISION,Services,2SLCO,
Flight Plans,*SLOT COORDINATION-APPLICATION CHARGE,Services,2SLCO,
Flight Plans,*SLOT COORDINATION-ARRANGEMENT/MODIFICATION,Services,2SLCO,
Flight Plans,*SLOT COORDINATION-ARRIVAL,Services,2SLCO,
Flight Plans,*SLOT COORDINATION-ARRIVAL / DEPARTURE,Services,2SLCO,
Flight Plans,*SLOT COORDINATION-ARRIVAL AND DEPARTURE & REVISION CHARGE,Services,2SLCO,
Flight Plans,*SLOT COORDINATION-ARRIVAL RUNWAY SLOT,Services,2SLCO,
Flight Plans,*SLOT COORDINATION-ARRIVAL RUNWAY SLOT - CANCELED,Services,2SLCO,
Flight Plans,*SLOT COORDINATION-ARRIVAL RUNWAY SLOT - CHANGE,Services,2SLCO,
Flight Plans,"*SLOT COORDINATION-ARRIVAL, DEPARTURE & REVISION FEES",Services,2SLCO,
Flight Plans,*SLOT COORDINATION-ARRIVAL/REVISIONS,Services,2SLCO,
Flight Plans,*SLOT COORDINATION-CANCELLATION,Services,2SLCO,
Flight Plans,*SLOT COORDINATION-CANCELLATION FEE,Services,2SLCO,
Flight Plans,*SLOT COORDINATION-CANCELLED,Services,2SLCO,
Flight Plans,*SLOT COORDINATION-CIQ ARRANGEMENT,Services,2SLCO,
Flight Plans,*SLOT COORDINATION-CIQ ARRANGEMENT,Services,2SLCO,
Flight Plans,*SLOT COORDINATION-DEPARTURE (CANCELLED),Services,2SLCO,
Flight Plans,*SLOT COORDINATION-DEPARTURE RUNWAY SLOT,Services,2SLCO,
Flight Plans,*SLOT COORDINATION-DEPARTURE RUNWAY SLOT - CANCELLED,Services,2SLCO,
Flight Plans,*SLOT COORDINATION-DEPARTURE RUNWAY SLOT - CHANGE,Services,2SLCO,
Flight Plans,*SLOT COORDINATION-DEPARTURE RUNWAY SLOT - CHANGE - CANCELLED,Services,2SLCO,
Flight Plans,*SLOT COORDINATION-DEPARTURE/REVISION,Services,2SLCO,
Flight Plans,*SLOT COORDINATION-FEE ARRIVAL/DEPARTURE,Services,2SLCO,
Flight Plans,*SLOT COORDINATION-GERMANY,Services,2SLCO,
Flight Plans,*SLOT COORDINATION-IN/OUT,Services,2SLCO,
Flight Plans,*SLOT COORDINATION-INCL REVISION,Services,2SLCO,
Flight Plans,*SLOT COORDINATION-JETSCAPE SERVICES / SPECIAL EVENT / SUPERBOWL,Services,2SLCO,
Flight Plans,*SLOT COORDINATION-PPR,Services,2SLCO,
Flight Plans,*SLOT COORDINATION-PPR ARRIVAL/DEPARTURE,Services,2SLCO,
Flight Plans,*SLOT COORDINATION-PPR ARRIVAL/DEPARTURE CHANGE,Services,2SLCO,
Flight Plans,*SLOT COORDINATION-PPR CANCELLED,Services,2SLCO,
Flight Plans,*SLOT COORDINATION-REVISION,Services,2SLCO,
Flight Plans,*SLOT COORDINATION-REVISION,Services,2SLCO,
Flight Plans,*SLOT COORDINATION-REVISION - RUNWAY - ARRIVAL/DEPARTURE,Services,2SLCO,
Flight Plans,*SLOT COORDINATION-REVISION-RUNAWAY-ARRIVAL/DEPARTURE,Services,2SLCO,
Flight Plans,*SLOT COORDINATION-REVISIONS,Services,2SLCO,
Flight Plans,*SLOT COORDINATION-RUNAWAY-ARRIVAL/DEPARTURE,Services,2SLCO,
Flight Plans,*SLOT COORDINATION-RUNWAY - ARRIVAL/DEPARTURE,Services,2SLCO,
Flight Plans,*SLOT COORDINATION-SLOT CHANGE FEE,Services,2SLCO,
Flight Plans,*SLOT COORDINATION-SLOT FEE (ARR + DEP),Services,2SLCO,
Flight Plans,*SLOT COORDINATION-SLOT FEE ARRIVAL/DPEARTURE,Services,2SLCO,
Flight Plans,*WEATHER SERVICES-OPERATIONAL< WEATHER SERVICES & FLIGHT PLAN FILING,Services,2WX,
Flight Plans,AIRPORT SLOTS,Services,6AS,
Flight Plans,AIRPORT SLOTS-ARRIVAL,Services,6AS,
Flight Plans,AIRPORT SLOTS-ARRIVAL-REVISION,Services,6AS,
Flight Plans,AIRPORT SLOTS-DEPARTURE,Services,6AS,
Flight Plans,AIRPORT SLOTS-DEPARTURE - REVISION,Services,6AS,
Flight Plans,AIRPORT SLOTS-DEPARTURE-REVISION,Services,6AS,
Flight Plans,AIRPORT SLOTS-REVISION #2,Services,6AS,
Flight Plans,AIRPORT SLOTS-RJGG,Services,6AS,
Flight Plans,AIRPORT SLOTS-RPLL,Services,6AS,
Flight Plans,ANNUAL FLIGHT PLAN-JAN 2020 TO JUN 2020,Services,1AFLP,
Flight Plans,ANNUAL FLIGHT PLAN-JAN2020 TO JUN 2020,Services,1AFLP,
Flight Plans,EUROCONTROL AIRWAY SLOT COORDINATION,Services,1ES,
Flight Plans,EUROCONTROL AIRWAY SLOT COORDINATION-RC#235435,Services,1ES,
Flight Plans,EUROCONTROL AIRWAY SLOT COORDINATION-RC#235902,Services,1ES,
Flight Plans,EUROCONTROL AIRWAY SLOT COORDINATION-RC#235912,Services,1ES,
Flight Plans,EUROCONTROL AIRWAY SLOT COORDINATION-RC#236248,Services,1ES,
Flight Plans,EUROCONTROL AIRWAY SLOT COORDINATION-RC#296710,Services,1ES,
Flight Plans,EUROCONTROL AIRWAY SLOT COORDINATION-RC#298234,Services,1ES,
Flight Plans,EUROCONTROL AIRWAY SLOT COORDINATION-RC#299538,Services,1ES,
Flight Plans,EUROCONTROL AIRWAY SLOT COORDINATION-RC#299548,Services,1ES,
Flight Plans,EUROCONTROL AIRWAY SLOT COORDINATION-RC#301176,Services,1ES,
Flight Plans,EUROCONTROL AIRWAY SLOT COORDINATION-RC#302117,Services,1ES,
Flight Plans,EUROCONTROL AIRWAY SLOT COORDINATION-RC#303365,Services,1ES,
Flight Plans,EUROCONTROL AIRWAY SLOT COORDINATION-RC#303677,Services,1ES,
Flight Plans,EUROCONTROL AIRWAY SLOT COORDINATION-RC#304157,Services,1ES,
Flight Plans,EUROCONTROL AIRWAY SLOT COORDINATION-RC#305327,Services,1ES,
Flight Plans,EUROCONTROL AIRWAY SLOT COORDINATION-RC#305381,Services,1ES,
Flight Plans,EUROCONTROL AIRWAY SLOT COORDINATION-RC#306082,Services,1ES,
Flight Plans,EUROCONTROL AIRWAY SLOT COORDINATION-RC#307875,Services,1ES,
Flight Plans,EUROCONTROL AIRWAY SLOT COORDINATION-RC#307888,Services,1ES,
Flight Plans,EUROCONTROL AIRWAY SLOT COORDINATION-RC#308296,Services,1ES,
Flight Plans,EUROCONTROL AIRWAY SLOT COORDINATION-RC#308400,Services,1ES,
Flight Plans,EUROCONTROL AIRWAY SLOT COORDINATION-RC#309546,Services,1ES,
Flight Plans,EUROCONTROL AIRWAY SLOT COORDINATION-RC#309979,Services,1ES,
Flight Plans,EUROCONTROL AIRWAY SLOT COORDINATION-RC#311830,Services,1ES,
Flight Plans,EUROCONTROL AIRWAY SLOT COORDINATION-RC#312696,Services,1ES,
Flight Plans,EUROCONTROL AIRWAY SLOT COORDINATION-RC#313879,Services,1ES,
Flight Plans,EUROCONTROL AIRWAY SLOT COORDINATION-RC#315313,Services,1ES,
Flight Plans,EUROCONTROL AIRWAY SLOT COORDINATION-RC#315404-,Services,1ES,
Flight Plans,EUROCONTROL AIRWAY SLOT COORDINATION-RC#316745,Services,1ES,
Flight Plans,EUROCONTROL AIRWAY SLOT COORDINATION-RC#317241,Services,1ES,
Flight Plans,EUROCONTROL AIRWAY SLOT COORDINATION-RC#317508,Services,1ES,
Flight Plans,EUROCONTROL AIRWAY SLOT COORDINATION-RC#318016,Services,1ES,
Flight Plans,EUROCONTROL AIRWAY SLOT COORDINATION-RC#318775,Services,1ES,
Flight Plans,EUROCONTROL AIRWAY SLOT COORDINATION-RC#319048,Services,1ES,
Flight Plans,EUROCONTROL AIRWAY SLOT COORDINATION-RC#319058,Services,1ES,
Flight Plans,EUROCONTROL AIRWAY SLOT COORDINATION-RC#319088,Services,1ES,
Flight Plans,EUROCONTROL AIRWAY SLOT COORDINATION-RC#319122,Services,1ES,
Flight Plans,EUROCONTROL AIRWAY SLOT COORDINATION-RC#319267,Services,1ES,
Flight Plans,EUROCONTROL AIRWAY SLOT COORDINATION-RC#319480,Services,1ES,
Flight Plans,EUROCONTROL AIRWAY SLOT COORDINATION-RC#320291,Services,1ES,
Flight Plans,EUROCONTROL AIRWAY SLOT COORDINATION-RC#320294,Services,1ES,
Flight Plans,EUROCONTROL AIRWAY SLOT COORDINATION-RC#320315,Services,1ES,
Flight Plans,EUROCONTROL AIRWAY SLOT COORDINATION-RC#322518,Services,1ES,
Flight Plans,EUROCONTROL AIRWAY SLOT COORDINATION-RC#323433,Services,1ES,
Flight Plans,EUROCONTROL AIRWAY SLOT COORDINATION-RC#323624,Services,1ES,
Flight Plans,EUROCONTROL AIRWAY SLOT COORDINATION-RC#323673,Services,1ES,
Flight Plans,EUROCONTROL AIRWAY SLOT COORDINATION-RC#323676,Services,1ES,
Flight Plans,EUROCONTROL AIRWAY SLOT COORDINATION-RC#323698,Services,1ES,
Flight Plans,EUROCONTROL AIRWAY SLOT COORDINATION-RC#323701,Services,1ES,
Flight Plans,EUROCONTROL AIRWAY SLOT COORDINATION-RC#323827,Services,1ES,
Flight Plans,EUROCONTROL AIRWAY SLOT COORDINATION-RC#323839,Services,1ES,
Flight Plans,EUROCONTROL AIRWAY SLOT COORDINATION-RC#323860,Services,1ES,
Flight Plans,EUROCONTROL AIRWAY SLOT COORDINATION-RC#324172,Services,1ES,
Flight Plans,EUROCONTROL AIRWAY SLOT COORDINATION-RC#324173,Services,1ES,
Flight Plans,EUROCONTROL AIRWAY SLOT COORDINATION-RC#324306,Services,1ES,
Flight Plans,EUROCONTROL AIRWAY SLOT COORDINATION-RC#324740,Services,1ES,
Flight Plans,EUROCONTROL AIRWAY SLOT COORDINATION-RC#324824,Services,1ES,
Flight Plans,EUROCONTROL AIRWAY SLOT COORDINATION-RC#325244,Services,1ES,
Flight Plans,EUROCONTROL AIRWAY SLOT COORDINATION-RC#325721,Services,1ES,
Flight Plans,EUROCONTROL AIRWAY SLOT COORDINATION-RC#325936,Services,1ES,
Flight Plans,EUROCONTROL AIRWAY SLOT COORDINATION-RC#325937,Services,1ES,
Flight Plans,EUROCONTROL AIRWAY SLOT COORDINATION-RC#325938,Services,1ES,
Flight Plans,EUROCONTROL AIRWAY SLOT COORDINATION-RC#326023,Services,1ES,
Flight Plans,EUROCONTROL AIRWAY SLOT COORDINATION-RC#326038,Services,1ES,
Flight Plans,EUROCONTROL AIRWAY SLOT COORDINATION-RC#326041,Services,1ES,
Flight Plans,EUROCONTROL AIRWAY SLOT COORDINATION-RC#326057,Services,1ES,
Flight Plans,EUROCONTROL AIRWAY SLOT COORDINATION-RC#326406,Services,1ES,
Flight Plans,EUROCONTROL AIRWAY SLOT COORDINATION-RC#326441,Services,1ES,
Flight Plans,EUROCONTROL AIRWAY SLOT COORDINATION-RC#326445,Services,1ES,
Flight Plans,EUROCONTROL AIRWAY SLOT COORDINATION-RC#326891,Services,1ES,
Flight Plans,EUROCONTROL AIRWAY SLOT COORDINATION-RC#327210,Services,1ES,
Flight Plans,EUROCONTROL AIRWAY SLOT COORDINATION-RC#327238,Services,1ES,
Flight Plans,EUROCONTROL AIRWAY SLOT COORDINATION-RC#327258,Services,1ES,
Flight Plans,EUROCONTROL AIRWAY SLOT COORDINATION-RC#327264,Services,1ES,
Flight Plans,EUROCONTROL AIRWAY SLOT COORDINATION-RC#327769,Services,1ES,
Flight Plans,EUROCONTROL AIRWAY SLOT COORDINATION-RC#328165,Services,1ES,
Flight Plans,EUROCONTROL AIRWAY SLOT COORDINATION-RC#328743,Services,1ES,
Flight Plans,EUROCONTROL AIRWAY SLOT COORDINATION-RC#328744,Services,1ES,
Flight Plans,EUROCONTROL AIRWAY SLOT COORDINATION-RC#329582,Services,1ES,
Flight Plans,EUROCONTROL AIRWAY SLOT COORDINATION-RC#329632,Services,1ES,
Flight Plans,EUROCONTROL AIRWAY SLOT COORDINATION-RC#329638,Services,1ES,
Flight Plans,EUROCONTROL AIRWAY SLOT COORDINATION-RC#330242,Services,1ES,
Flight Plans,EUROCONTROL AIRWAY SLOT COORDINATION-RC#330555,Services,1ES,
Flight Plans,EUROCONTROL AIRWAY SLOT COORDINATION-RC#330722,Services,1ES,
Flight Plans,EUROCONTROL AIRWAY SLOT COORDINATION-RC#330725,Services,1ES,
Flight Plans,EUROCONTROL AIRWAY SLOT COORDINATION-RC#331164,Services,1ES,
Flight Plans,EUROCONTROL AIRWAY SLOT COORDINATION-RC#331359,Services,1ES,
Flight Plans,EUROCONTROL AIRWAY SLOT COORDINATION-RC#331395,Services,1ES,
Flight Plans,EUROCONTROL AIRWAY SLOT COORDINATION-RC#331418,Services,1ES,
Flight Plans,EUROCONTROL AIRWAY SLOT COORDINATION-RC#331421,Services,1ES,
Flight Plans,EUROCONTROL AIRWAY SLOT COORDINATION-RC#331431,Services,1ES,
Flight Plans,EUROCONTROL AIRWAY SLOT COORDINATION-RC#331495,Services,1ES,
Flight Plans,EUROCONTROL AIRWAY SLOT COORDINATION-RC#331552,Services,1ES,
Flight Plans,EUROCONTROL AIRWAY SLOT COORDINATION-RC#331613,Services,1ES,
Flight Plans,EUROCONTROL AIRWAY SLOT COORDINATION-RC#331684,Services,1ES,
Flight Plans,EUROCONTROL AIRWAY SLOT COORDINATION-RC#331695,Services,1ES,
Flight Plans,EUROCONTROL AIRWAY SLOT COORDINATION-RC#331753,Services,1ES,
Flight Plans,EUROCONTROL AIRWAY SLOT COORDINATION-RC#331767,Services,1ES,
Flight Plans,EUROCONTROL AIRWAY SLOT COORDINATION-RC#331775,Services,1ES,
Flight Plans,EUROCONTROL AIRWAY SLOT COORDINATION-RC#331776,Services,1ES,
Flight Plans,EUROCONTROL AIRWAY SLOT COORDINATION-RC#331847,Services,1ES,
Flight Plans,EUROCONTROL AIRWAY SLOT COORDINATION-RC#331871,Services,1ES,
Flight Plans,EUROCONTROL AIRWAY SLOT COORDINATION-RC#331883,Services,1ES,
Flight Plans,EUROCONTROL AIRWAY SLOT COORDINATION-RC#332167,Services,1ES,
Flight Plans,EUROCONTROL AIRWAY SLOT COORDINATION-RC#332174,Services,1ES,
Flight Plans,EUROCONTROL AIRWAY SLOT COORDINATION-RC#332185,Services,1ES,
Flight Plans,EUROCONTROL AIRWAY SLOT COORDINATION-RC#332186,Services,1ES,
Flight Plans,EUROCONTROL AIRWAY SLOT COORDINATION-RC#332195,Services,1ES,
Flight Plans,EUROCONTROL AIRWAY SLOT COORDINATION-RC#332237,Services,1ES,
Flight Plans,EUROCONTROL AIRWAY SLOT COORDINATION-RC#332279,Services,1ES,
Flight Plans,EUROCONTROL AIRWAY SLOT COORDINATION-RC#332288,Services,1ES,
Flight Plans,EUROCONTROL AIRWAY SLOT COORDINATION-RC#332651,Services,1ES,
Flight Plans,EUROCONTROL AIRWAY SLOT COORDINATION-RC#332657,Services,1ES,
Flight Plans,EUROCONTROL AIRWAY SLOT COORDINATION-RC#332696,Services,1ES,
Flight Plans,EUROCONTROL AIRWAY SLOT COORDINATION-RC#332782,Services,1ES,
Flight Plans,EUROCONTROL AIRWAY SLOT COORDINATION-RC#333096,Services,1ES,
Flight Plans,EUROCONTROL AIRWAY SLOT COORDINATION-RC#333118,Services,1ES,
Flight Plans,EUROCONTROL AIRWAY SLOT COORDINATION-RC#333148,Services,1ES,
Flight Plans,EUROCONTROL AIRWAY SLOT COORDINATION-RC#333211,Services,1ES,
Flight Plans,EUROCONTROL AIRWAY SLOT COORDINATION-RC#333241,Services,1ES,
Flight Plans,EUROCONTROL AIRWAY SLOT COORDINATION-RC#333495,Services,1ES,
Flight Plans,EUROCONTROL AIRWAY SLOT COORDINATION-RC#333498,Services,1ES,
Flight Plans,EUROCONTROL AIRWAY SLOT COORDINATION-RC#333509,Services,1ES,
Flight Plans,EUROCONTROL AIRWAY SLOT COORDINATION-RC#333830,Services,1ES,
Flight Plans,EUROCONTROL AIRWAY SLOT COORDINATION-RC#333846,Services,1ES,
Flight Plans,EUROCONTROL AIRWAY SLOT COORDINATION-RC#334079,Services,1ES,
Flight Plans,EUROCONTROL AIRWAY SLOT COORDINATION-RC#334084,Services,1ES,
Flight Plans,EUROCONTROL AIRWAY SLOT COORDINATION-RC#334098,Services,1ES,
Flight Plans,EUROCONTROL AIRWAY SLOT COORDINATION-RC#334107,Services,1ES,
Flight Plans,EUROCONTROL AIRWAY SLOT COORDINATION-RC#334203,Services,1ES,
Flight Plans,EUROCONTROL AIRWAY SLOT COORDINATION-RC#334559,Services,1ES,
Flight Plans,EUROCONTROL AIRWAY SLOT COORDINATION-RC#334924,Services,1ES,
Flight Plans,EUROCONTROL AIRWAY SLOT COORDINATION-RC#334926,Services,1ES,
Flight Plans,EUROCONTROL AIRWAY SLOT COORDINATION-RC#334984,Services,1ES,
Flight Plans,EUROCONTROL AIRWAY SLOT COORDINATION-RC#335101,Services,1ES,
Flight Plans,EUROCONTROL AIRWAY SLOT COORDINATION-RC#335428,Services,1ES,
Flight Plans,EUROCONTROL AIRWAY SLOT COORDINATION-RC#335783,Services,1ES,
Flight Plans,EUROCONTROL AIRWAY SLOT COORDINATION-RC#335957,Services,1ES,
Flight Plans,EUROCONTROL AIRWAY SLOT COORDINATION-RC#335966,Services,1ES,
Flight Plans,EUROCONTROL AIRWAY SLOT COORDINATION-RC#336384,Services,1ES,
Flight Plans,EUROCONTROL AIRWAY SLOT COORDINATION-RC#336741,Services,1ES,
Flight Plans,EUROCONTROL AIRWAY SLOT COORDINATION-RC#337055,Services,1ES,
Flight Plans,EUROCONTROL AIRWAY SLOT COORDINATION-RC#337361,Services,1ES,
Flight Plans,EUROCONTROL AIRWAY SLOT COORDINATION-RC#337486,Services,1ES,
Flight Plans,EUROCONTROL AIRWAY SLOT COORDINATION-RC#338238,Services,1ES,
Flight Plans,EUROCONTROL AIRWAY SLOT COORDINATION-RC#338329,Services,1ES,
Flight Plans,EUROCONTROL AIRWAY SLOT COORDINATION-RC#338803,Services,1ES,
Flight Plans,EUROCONTROL AIRWAY SLOT COORDINATION-RC#338820,Services,1ES,
Flight Plans,EUROCONTROL AIRWAY SLOT COORDINATION-RC#338822,Services,1ES,
Flight Plans,EUROCONTROL AIRWAY SLOT COORDINATION-RC#338892,Services,1ES,
Flight Plans,EUROCONTROL AIRWAY SLOT COORDINATION-RC#338914,Services,1ES,
Flight Plans,EUROCONTROL AIRWAY SLOT COORDINATION-RC#338932,Services,1ES,
Flight Plans,EUROCONTROL AIRWAY SLOT COORDINATION-RC#339163,Services,1ES,
Flight Plans,EUROCONTROL AIRWAY SLOT COORDINATION-RC#339192,Services,1ES,
Flight Plans,EUROCONTROL AIRWAY SLOT COORDINATION-RC#339243,Services,1ES,
Flight Plans,EUROCONTROL AIRWAY SLOT COORDINATION-RC#339593,Services,1ES,
Flight Plans,EUROCONTROL AIRWAY SLOT COORDINATION-RC#339606,Services,1ES,
Flight Plans,EUROCONTROL AIRWAY SLOT COORDINATION-RC#339632,Services,1ES,
Flight Plans,EUROCONTROL AIRWAY SLOT COORDINATION-RC#339682,Services,1ES,
Flight Plans,EUROCONTROL AIRWAY SLOT COORDINATION-RC#339892,Services,1ES,
Flight Plans,EUROCONTROL AIRWAY SLOT COORDINATION-RC#339997,Services,1ES,
Flight Plans,EUROCONTROL AIRWAY SLOT COORDINATION-RC#340208,Services,1ES,
Flight Plans,EUROCONTROL AIRWAY SLOT COORDINATION-RC#340288,Services,1ES,
Flight Plans,EUROCONTROL AIRWAY SLOT COORDINATION-RC#340354,Services,1ES,
Flight Plans,EUROCONTROL AIRWAY SLOT COORDINATION-RC#340355,Services,1ES,
Flight Plans,EUROCONTROL AIRWAY SLOT COORDINATION-RC#340396,Services,1ES,
Flight Plans,EUROCONTROL AIRWAY SLOT COORDINATION-RC#340570,Services,1ES,
Flight Plans,EUROCONTROL AIRWAY SLOT COORDINATION-RC#340639,Services,1ES,
Flight Plans,EUROCONTROL AIRWAY SLOT COORDINATION-RC#340992,Services,1ES,
Flight Plans,EUROCONTROL AIRWAY SLOT COORDINATION-RC#341037,Services,1ES,
Flight Plans,EUROCONTROL AIRWAY SLOT COORDINATION-RC#341053,Services,1ES,
Flight Plans,EUROCONTROL AIRWAY SLOT COORDINATION-RC#341276,Services,1ES,
Flight Plans,EUROCONTROL AIRWAY SLOT COORDINATION-RC#341696,Services,1ES,
Flight Plans,EUROCONTROL AIRWAY SLOT COORDINATION-RC#341965,Services,1ES,
Flight Plans,EUROCONTROL AIRWAY SLOT COORDINATION-RC#342181,Services,1ES,
Flight Plans,EUROCONTROL AIRWAY SLOT COORDINATION-RC#342245,Services,1ES,
Flight Plans,EUROCONTROL AIRWAY SLOT COORDINATION-RC#342474,Services,1ES,
Flight Plans,EUROCONTROL AIRWAY SLOT COORDINATION-RC#342635,Services,1ES,
Flight Plans,EUROCONTROL AIRWAY SLOT COORDINATION-RC#342646,Services,1ES,
Flight Plans,EUROCONTROL AIRWAY SLOT COORDINATION-RC#343325,Services,1ES,
Flight Plans,EUROCONTROL AIRWAY SLOT COORDINATION-RC#343332,Services,1ES,
Flight Plans,EUROCONTROL AIRWAY SLOT COORDINATION-RC#343335,Services,1ES,
Flight Plans,EUROCONTROL AIRWAY SLOT COORDINATION-RC#343338,Services,1ES,
Flight Plans,EUROCONTROL AIRWAY SLOT COORDINATION-RC#343390,Services,1ES,
Flight Plans,EUROCONTROL AIRWAY SLOT COORDINATION-RC#343413,Services,1ES,
Flight Plans,EUROCONTROL AIRWAY SLOT COORDINATION-RC#343500,Services,1ES,
Flight Plans,EUROCONTROL AIRWAY SLOT COORDINATION-RC#343508,Services,1ES,
Flight Plans,EUROCONTROL AIRWAY SLOT COORDINATION-RC#343547,Services,1ES,
Flight Plans,EUROCONTROL AIRWAY SLOT COORDINATION-RC#343553,Services,1ES,
Flight Plans,EUROCONTROL AIRWAY SLOT COORDINATION-RC#343562,Services,1ES,
Flight Plans,EUROCONTROL AIRWAY SLOT COORDINATION-RC#343795,Services,1ES,
Flight Plans,EUROCONTROL AIRWAY SLOT COORDINATION-RC#343798,Services,1ES,
Flight Plans,EUROCONTROL AIRWAY SLOT COORDINATION-RC#343811,Services,1ES,
Flight Plans,EUROCONTROL AIRWAY SLOT COORDINATION-RC#343821,Services,1ES,
Flight Plans,EUROCONTROL AIRWAY SLOT COORDINATION-RC#343881,Services,1ES,
Flight Plans,EUROCONTROL AIRWAY SLOT COORDINATION-RC#343885,Services,1ES,
Flight Plans,EUROCONTROL AIRWAY SLOT COORDINATION-RC#343891,Services,1ES,
Flight Plans,EUROCONTROL AIRWAY SLOT COORDINATION-RC#344197,Services,1ES,
Flight Plans,EUROCONTROL AIRWAY SLOT COORDINATION-RC#344209,Services,1ES,
Flight Plans,EUROCONTROL AIRWAY SLOT COORDINATION-RC#344220,Services,1ES,
Flight Plans,EUROCONTROL AIRWAY SLOT COORDINATION-RC#344227,Services,1ES,
Flight Plans,EUROCONTROL AIRWAY SLOT COORDINATION-RC#344235,Services,1ES,
Flight Plans,EUROCONTROL AIRWAY SLOT COORDINATION-RC#344250,Services,1ES,
Flight Plans,EUROCONTROL AIRWAY SLOT COORDINATION-RC#344416,Services,1ES,
Flight Plans,EUROCONTROL AIRWAY SLOT COORDINATION-RC#344456,Services,1ES,
Flight Plans,EUROCONTROL AIRWAY SLOT COORDINATION-RC#344661,Services,1ES,
Flight Plans,EUROCONTROL AIRWAY SLOT COORDINATION-RC#344820,Services,1ES,
Flight Plans,EUROCONTROL AIRWAY SLOT COORDINATION-RC#344828,Services,1ES,
Flight Plans,EUROCONTROL AIRWAY SLOT COORDINATION-RC#344835,Services,1ES,
Flight Plans,EUROCONTROL AIRWAY SLOT COORDINATION-RC#344837,Services,1ES,
Flight Plans,EUROCONTROL AIRWAY SLOT COORDINATION-RC#344874,Services,1ES,
Flight Plans,EUROCONTROL AIRWAY SLOT COORDINATION-RC#344889,Services,1ES,
Flight Plans,EUROCONTROL AIRWAY SLOT COORDINATION-RC#344896,Services,1ES,
Flight Plans,EUROCONTROL AIRWAY SLOT COORDINATION-RC#344933,Services,1ES,
Flight Plans,EUROCONTROL AIRWAY SLOT COORDINATION-RC#344943,Services,1ES,
Flight Plans,EUROCONTROL AIRWAY SLOT COORDINATION-RC#345068,Services,1ES,
Flight Plans,EUROCONTROL AIRWAY SLOT COORDINATION-RC#345315,Services,1ES,
Flight Plans,EUROCONTROL AIRWAY SLOT COORDINATION-RC#345386,Services,1ES,
Flight Plans,EUROCONTROL AIRWAY SLOT COORDINATION-RC#345392,Services,1ES,
Flight Plans,EUROCONTROL AIRWAY SLOT COORDINATION-RC#345407,Services,1ES,
Flight Plans,EUROCONTROL AIRWAY SLOT COORDINATION-RC#345428,Services,1ES,
Flight Plans,EUROCONTROL AIRWAY SLOT COORDINATION-RC#345758,Services,1ES,
Flight Plans,EUROCONTROL AIRWAY SLOT COORDINATION-RC#345759,Services,1ES,
Flight Plans,EUROCONTROL AIRWAY SLOT COORDINATION-RC#345803,Services,1ES,
Flight Plans,EUROCONTROL AIRWAY SLOT COORDINATION-RC#346319,Services,1ES,
Flight Plans,EUROCONTROL AIRWAY SLOT COORDINATION-RC#346572,Services,1ES,
Flight Plans,EUROCONTROL AIRWAY SLOT COORDINATION-RC#346696,Services,1ES,
Flight Plans,EUROCONTROL AIRWAY SLOT COORDINATION-RC#346698,Services,1ES,
Flight Plans,EUROCONTROL AIRWAY SLOT COORDINATION-RC#346731,Services,1ES,
Flight Plans,EUROCONTROL AIRWAY SLOT COORDINATION-RC#346827,Services,1ES,
Flight Plans,EUROCONTROL AIRWAY SLOT COORDINATION-RC#346871,Services,1ES,
Flight Plans,EUROCONTROL AIRWAY SLOT COORDINATION-RC#346954,Services,1ES,
Flight Plans,EUROCONTROL AIRWAY SLOT COORDINATION-RC#347066,Services,1ES,
Flight Plans,EUROCONTROL AIRWAY SLOT COORDINATION-RC#347175,Services,1ES,
Flight Plans,EUROCONTROL AIRWAY SLOT COORDINATION-RC#347369,Services,1ES,
Flight Plans,EUROCONTROL AIRWAY SLOT COORDINATION-RC#347381,Services,1ES,
Flight Plans,EUROCONTROL AIRWAY SLOT COORDINATION-RC#347936,Services,1ES,
Flight Plans,EUROCONTROL AIRWAY SLOT COORDINATION-RC#348001,Services,1ES,
Flight Plans,EUROCONTROL AIRWAY SLOT COORDINATION-RC#348002,Services,1ES,
Flight Plans,EUROCONTROL AIRWAY SLOT COORDINATION-RC#348010,Services,1ES,
Flight Plans,EUROCONTROL AIRWAY SLOT COORDINATION-RC#348316,Services,1ES,
Flight Plans,EUROCONTROL AIRWAY SLOT COORDINATION-RC#348397,Services,1ES,
Flight Plans,EUROCONTROL AIRWAY SLOT COORDINATION-RC#348424,Services,1ES,
Flight Plans,EUROCONTROL AIRWAY SLOT COORDINATION-RC#348689,Services,1ES,
Flight Plans,EUROCONTROL AIRWAY SLOT COORDINATION-RC#348737,Services,1ES,
Flight Plans,EUROCONTROL AIRWAY SLOT COORDINATION-RC#348852,Services,1ES,
Flight Plans,EUROCONTROL AIRWAY SLOT COORDINATION-RC#348950,Services,1ES,
Flight Plans,EUROCONTROL AIRWAY SLOT COORDINATION-RC#349214,Services,1ES,
Flight Plans,EUROCONTROL AIRWAY SLOT COORDINATION-RC#349516,Services,1ES,
Flight Plans,EUROCONTROL AIRWAY SLOT COORDINATION-RC#349572,Services,1ES,
Flight Plans,EUROCONTROL AIRWAY SLOT COORDINATION-RC#349601,Services,1ES,
Flight Plans,EUROCONTROL AIRWAY SLOT COORDINATION-RC#349615,Services,1ES,
Flight Plans,EUROCONTROL AIRWAY SLOT COORDINATION-RC#349618,Services,1ES,
Flight Plans,EUROCONTROL AIRWAY SLOT COORDINATION-RC#349740,Services,1ES,
Flight Plans,EUROCONTROL AIRWAY SLOT COORDINATION-RC#349869,Services,1ES,
Flight Plans,EUROCONTROL AIRWAY SLOT COORDINATION-RC#350004,Services,1ES,
Flight Plans,EUROCONTROL AIRWAY SLOT COORDINATION-RC#350013,Services,1ES,
Flight Plans,EUROCONTROL AIRWAY SLOT COORDINATION-RC#350039,Services,1ES,
Flight Plans,EUROCONTROL AIRWAY SLOT COORDINATION-RC#350097,Services,1ES,
Flight Plans,EUROCONTROL AIRWAY SLOT COORDINATION-RC#350101,Services,1ES,
Flight Plans,EUROCONTROL AIRWAY SLOT COORDINATION-RC#350231,Services,1ES,
Flight Plans,EUROCONTROL AIRWAY SLOT COORDINATION-RC#350762,Services,1ES,
Flight Plans,EUROCONTROL AIRWAY SLOT COORDINATION-RC#350765,Services,1ES,
Flight Plans,EUROCONTROL AIRWAY SLOT COORDINATION-RC#351203,Services,1ES,
Flight Plans,EUROCONTROL AIRWAY SLOT COORDINATION-RC#351303,Services,1ES,
Flight Plans,EUROCONTROL AIRWAY SLOT COORDINATION-RC#351744,Services,1ES,
Flight Plans,EUROCONTROL AIRWAY SLOT COORDINATION-RC#351821,Services,1ES,
Flight Plans,EUROCONTROL AIRWAY SLOT COORDINATION-RC#352277,Services,1ES,
Flight Plans,EUROCONTROL AIRWAY SLOT COORDINATION-RC#352337,Services,1ES,
Flight Plans,EUROCONTROL AIRWAY SLOT COORDINATION-RC#352363,Services,1ES,
Flight Plans,EUROCONTROL AIRWAY SLOT COORDINATION-RC#352527,Services,1ES,
Flight Plans,EUROCONTROL AIRWAY SLOT COORDINATION-RC#352542,Services,1ES,
Flight Plans,EUROCONTROL AIRWAY SLOT COORDINATION-RC#352878,Services,1ES,
Flight Plans,EUROCONTROL AIRWAY SLOT COORDINATION-RC#352955,Services,1ES,
Flight Plans,EUROCONTROL AIRWAY SLOT COORDINATION-RC#352965,Services,1ES,
Flight Plans,EUROCONTROL AIRWAY SLOT COORDINATION-RC#353047,Services,1ES,
Flight Plans,EUROCONTROL AIRWAY SLOT COORDINATION-RC#353129,Services,1ES,
Flight Plans,EUROCONTROL AIRWAY SLOT COORDINATION-RC#353374,Services,1ES,
Flight Plans,EUROCONTROL AIRWAY SLOT COORDINATION-RC#353411,Services,1ES,
Flight Plans,EUROCONTROL AIRWAY SLOT COORDINATION-RC#353656,Services,1ES,
Flight Plans,EUROCONTROL AIRWAY SLOT COORDINATION-RC#354007,Services,1ES,
Flight Plans,EUROCONTROL AIRWAY SLOT COORDINATION-RC#354127,Services,1ES,
Flight Plans,EUROCONTROL AIRWAY SLOT COORDINATION-RC#355141,Services,1ES,
Flight Plans,EUROCONTROL AIRWAY SLOT COORDINATION-RC#355525,Services,1ES,
Flight Plans,EUROCONTROL AIRWAY SLOT COORDINATION-RC#356136,Services,1ES,
Flight Plans,EUROCONTROL AIRWAY SLOT COORDINATION-RC#356426,Services,1ES,
Flight Plans,EUROCONTROL AIRWAY SLOT COORDINATION-RC#357244,Services,1ES,
Flight Plans,EUROCONTROL AIRWAY SLOT COORDINATION-RC#357911,Services,1ES,
Flight Plans,EUROCONTROL AIRWAY SLOT COORDINATION-RC#359631,Services,1ES,
Flight Plans,EUROCONTROL AIRWAY SLOT COORDINATION-RC#361168,Services,1ES,
Flight Plans,EUROCONTROL AIRWAY SLOT COORDINATION-RC#361657,Services,1ES,
Flight Plans,EUROCONTROL AIRWAY SLOT COORDINATION-RC#362069,Services,1ES,
Flight Plans,EUROCONTROL AIRWAY SLOT COORDINATION-RC#362083,Services,1ES,
Flight Plans,EUROCONTROL AIRWAY SLOT COORDINATION-RC#362326,Services,1ES,
Flight Plans,EUROCONTROL AIRWAY SLOT COORDINATION-RC#362327,Services,1ES,
Flight Plans,EUROCONTROL AIRWAY SLOT COORDINATION-RC#362798,Services,1ES,
Flight Plans,EUROCONTROL AIRWAY SLOT COORDINATION-RC#363232,Services,1ES,
Flight Plans,EUROCONTROL AIRWAY SLOT COORDINATION-RC#363299,Services,1ES,
Flight Plans,EUROCONTROL AIRWAY SLOT COORDINATION-RC#363309,Services,1ES,
Flight Plans,EUROCONTROL AIRWAY SLOT COORDINATION-RC#363821,Services,1ES,
Flight Plans,EUROCONTROL AIRWAY SLOT COORDINATION-RC#363868,Services,1ES,
Flight Plans,EUROCONTROL AIRWAY SLOT COORDINATION-RC#363875,Services,1ES,
Flight Plans,EUROCONTROL AIRWAY SLOT COORDINATION-RC#364221,Services,1ES,
Flight Plans,EUROCONTROL AIRWAY SLOT COORDINATION-RC#364222,Services,1ES,
Flight Plans,EUROCONTROL AIRWAY SLOT COORDINATION-RC#364292,Services,1ES,
Flight Plans,EUROCONTROL AIRWAY SLOT COORDINATION-RC#364687,Services,1ES,
Flight Plans,EUROCONTROL AIRWAY SLOT COORDINATION-RC#364959,Services,1ES,
Flight Plans,FLIGHT PLAN & WEATHER BRIEFING,Services,1FPAWB,
Flight Plans,FLIGHT PLAN & WEATHER BRIEFING-RC#311543,Services,1FPAWB,
Flight Plans,FLIGHT PLAN & WEATHER BRIEFING-RC#312515,Services,1FPAWB,
Flight Plans,FLIGHT PLAN & WEATHER BRIEFING-RC#312696,Services,1FPAWB,
Flight Plans,FLIGHT PLAN & WEATHER BRIEFING-RC#313365,Services,1FPAWB,
Flight Plans,FLIGHT PLAN -ABBREVIATED,Services,1A2,
Flight Plans,FLIGHT PLAN -ABBREVIATED-RC#352798,Services,1A2,
Flight Plans,FLIGHT PLAN -ABBREVIATED-RC#363953,Services,1A2,
Flight Plans,FLIGHT PLAN -ABBREVIATED-RC#365085,Services,1A2,
Flight Plans,FLIGHT PLAN -FULL,Services,1F2,
Flight Plans,FLIGHT PLAN -FULL-RC#358714,Services,1F2,
Flight Plans,FLIGHT PLAN -FULL-RC#358723,Services,1F2,
Flight Plans,FLIGHT PLAN -FULL-RC#363099,Services,1F2,
Flight Plans,FLIGHT PLAN -FULL-RC#363350,Services,1F2,
Flight Plans,FLIGHT PLAN -FULL-RC#363370,Services,1F2,
Flight Plans,FLIGHT PLAN -FULL-RC#363476,Services,1F2,
Flight Plans,FLIGHT PLAN -FULL-RC#363555,Services,1F2,
Flight Plans,FLIGHT PLAN -FULL-RC#363559,Services,1F2,
Flight Plans,FLIGHT PLAN -FULL-RC#363717.,Services,1F2,
Flight Plans,FLIGHT PLAN -FULL-RC#363746,Services,1F2,
Flight Plans,FLIGHT PLAN -FULL-RC#363821,Services,1F2,
Flight Plans,FLIGHT PLAN -FULL-RC#363863,Services,1F2,
Flight Plans,FLIGHT PLAN -FULL-RC#363875,Services,1F2,
Flight Plans,FLIGHT PLAN -FULL-RC#363928,Services,1F2,
Flight Plans,FLIGHT PLAN -FULL-RC#363963,Services,1F2,
Flight Plans,FLIGHT PLAN -FULL-RC#363970,Services,1F2,
Flight Plans,FLIGHT PLAN -FULL-RC#363973,Services,1F2,
Flight Plans,FLIGHT PLAN -FULL-RC#363974,Services,1F2,
Flight Plans,FLIGHT PLAN -FULL-RC#364020,Services,1F2,
Flight Plans,FLIGHT PLAN -FULL-RC#364024,Services,1F2,
Flight Plans,FLIGHT PLAN -FULL-RC#364035,Services,1F2,
Flight Plans,FLIGHT PLAN -FULL-RC#364039,Services,1F2,
Flight Plans,FLIGHT PLAN -FULL-RC#364058,Services,1F2,
Flight Plans,FLIGHT PLAN -FULL-RC#364064,Services,1F2,
Flight Plans,FLIGHT PLAN -FULL-RC#364074,Services,1F2,
Flight Plans,FLIGHT PLAN -FULL-RC#364172,Services,1F2,
Flight Plans,FLIGHT PLAN -FULL-RC#364202,Services,1F2,
Flight Plans,FLIGHT PLAN -FULL-RC#364221,Services,1F2,
Flight Plans,FLIGHT PLAN -FULL-RC#364222,Services,1F2,
Flight Plans,FLIGHT PLAN -FULL-RC#364271,Services,1F2,
Flight Plans,FLIGHT PLAN -FULL-RC#364272,Services,1F2,
Flight Plans,FLIGHT PLAN -FULL-RC#364292,Services,1F2,
Flight Plans,FLIGHT PLAN -FULL-RC#364336,Services,1F2,
Flight Plans,FLIGHT PLAN -FULL-RC#364417,Services,1F2,
Flight Plans,FLIGHT PLAN -FULL-RC#364433,Services,1F2,
Flight Plans,FLIGHT PLAN -FULL-RC#364435,Services,1F2,
Flight Plans,FLIGHT PLAN -FULL-RC#364444,Services,1F2,
Flight Plans,FLIGHT PLAN -FULL-RC#364473,Services,1F2,
Flight Plans,FLIGHT PLAN -FULL-RC#364474,Services,1F2,
Flight Plans,FLIGHT PLAN -FULL-RC#364522,Services,1F2,
Flight Plans,FLIGHT PLAN -FULL-RC#364523,Services,1F2,
Flight Plans,FLIGHT PLAN -FULL-RC#364550,Services,1F2,
Flight Plans,FLIGHT PLAN -FULL-RC#364590,Services,1F2,
Flight Plans,FLIGHT PLAN -FULL-RC#364601,Services,1F2,
Flight Plans,FLIGHT PLAN -FULL-RC#364642,Services,1F2,
Flight Plans,FLIGHT PLAN -FULL-RC#364645,Services,1F2,
Flight Plans,FLIGHT PLAN -FULL-RC#364651,Services,1F2,
Flight Plans,FLIGHT PLAN -FULL-RC#364662,Services,1F2,
Flight Plans,FLIGHT PLAN -FULL-RC#364687,Services,1F2,
Flight Plans,FLIGHT PLAN -FULL-RC#364791,Services,1F2,
Flight Plans,FLIGHT PLAN -FULL-RC#364951,Services,1F2,
Flight Plans,FLIGHT PLAN -FULL-RC#364959,Services,1F2,
Flight Plans,FLIGHT PLAN -FULL-RC#364990,Services,1F2,
Flight Plans,FLIGHT PLAN -FULL-RC#365122,Services,1F2,
Flight Plans,FLIGHT PLAN -FULL-RC#365126,Services,1F2,
Flight Plans,FLIGHT PLAN -FULL-RC#365253,Services,1F2,
Flight Plans,FLIGHT PLAN -FULL-RC#365337,Services,1F2,
Flight Plans,FLIGHT PLAN -FULL-RC#365464,Services,1F2,
Flight Plans,FLIGHT PLAN -FULL-RC#365539,Services,1F2,
Flight Plans,FLIGHT PLAN -UNLIMITED -MONTHLY-MAY 2020,Services,1FPUNLM,
Flight Plans,FLIGHT PLAN ABBREVIATED,Services,1A2,
Flight Plans,FLIGHT PLAN ABBREVIATED-RC#316563,Services,1A2,
Flight Plans,FLIGHT PLAN ABBREVIATED-RC#321853,Services,1A2,
Flight Plans,FLIGHT PLAN ABBREVIATED-RC#321871,Services,1A2,
Flight Plans,FLIGHT PLAN ABBREVIATED-RC#325407,Services,1A2,
Flight Plans,FLIGHT PLAN ABBREVIATED-RC#326127,Services,1A2,
Flight Plans,FLIGHT PLAN ABBREVIATED-RC#326288,Services,1A2,
Flight Plans,FLIGHT PLAN ABBREVIATED-RC#326524,Services,1A2,
Flight Plans,FLIGHT PLAN ABBREVIATED-RC#327203,Services,1A2,
Flight Plans,FLIGHT PLAN ABBREVIATED-RC#328204,Services,1A2,
Flight Plans,FLIGHT PLAN ABBREVIATED-RC#328676,Services,1A2,
Flight Plans,FLIGHT PLAN ABBREVIATED-RC#329236,Services,1A2,
Flight Plans,FLIGHT PLAN ABBREVIATED-RC#330117,Services,1A2,
Flight Plans,FLIGHT PLAN ABBREVIATED-RC#330156,Services,1A2,
Flight Plans,FLIGHT PLAN ABBREVIATED-RC#330270,Services,1A2,
Flight Plans,FLIGHT PLAN ABBREVIATED-RC#330278,Services,1A2,
Flight Plans,FLIGHT PLAN ABBREVIATED-RC#331216,Services,1A2,
Flight Plans,FLIGHT PLAN ABBREVIATED-RC#331522,Services,1A2,
Flight Plans,FLIGHT PLAN ABBREVIATED-RC#331589,Services,1A2,
Flight Plans,FLIGHT PLAN ABBREVIATED-RC#333861,Services,1A2,
Flight Plans,FLIGHT PLAN ABBREVIATED-RC#335446,Services,1A2,
Flight Plans,FLIGHT PLAN ABBREVIATED-RC#338386,Services,1A2,
Flight Plans,FLIGHT PLAN ABBREVIATED-RC#340599,Services,1A2,
Flight Plans,FLIGHT PLAN ABBREVIATED-RC#345314,Services,1A2,
Flight Plans,FLIGHT PLAN ABBREVIATED-RC#345772,Services,1A2,
Flight Plans,FLIGHT PLAN ABBREVIATED-RC#346813,Services,1A2,
Flight Plans,FLIGHT PLAN ABBREVIATED-RC#347066,Services,1A2,
Flight Plans,FLIGHT PLAN ABBREVIATED-RC#347385,Services,1A2,
Flight Plans,FLIGHT PLAN ABBREVIATED-RC#354228,Services,1A2,
Flight Plans,FLIGHT PLAN ABBREVIATED-RC#354237,Services,1A2,
Flight Plans,FLIGHT PLAN ABBREVIATED-RC#358064,Services,1A2,
Flight Plans,FLIGHT PLAN ABBREVIATED-RC#358200,Services,1A2,
Flight Plans,FLIGHT PLAN ABBREVIATED-RC#362033,Services,1A2,
Flight Plans,FLIGHT PLAN PACKAGE-N365LH,Services,1FPPKG,
Flight Plans,FLIGHT PLAN PACKAGE-N373KM,Services,1FPPKG,
Flight Plans,FLIGHT PLAN PACKAGE-N543PB,Services,1FPPKG,
Flight Plans,FLIGHT PLAN PACKAGE-N620WA,Services,1FPPKG,
Flight Plans,FLIGHT PLAN PACKAGE-N676PC,Services,1FPPKG,
Flight Plans,FLIGHT PLAN PACKAGE-N677ST,Services,1FPPKG,
Flight Plans,FLIGHT PLAN PACKAGE-N705LH,Services,1FPPKG,
Flight Plans,FLIGHT PLAN PACKAGE-N732LH,Services,1FPPKG,
Flight Plans,FLIGHT PLAN WITH SERVICES,Services,6FPS,
Flight Plans,FLIGHT PLAN WITHOUT SERVICES,Services,6FPWS,
Flight Plans,FLIGHT PLAN-ABBREVIATED,Services,1A2,
Flight Plans,FLIGHT PLAN-ABBREVIATED-RC# 347275,Services,1A2,
Flight Plans,FLIGHT PLAN-ABBREVIATED-RC# 356465,Services,1A2,
Flight Plans,FLIGHT PLAN-ABBREVIATED-RC#295274,Services,1A2,
Flight Plans,FLIGHT PLAN-ABBREVIATED-RC#295275,Services,1A2,
Flight Plans,FLIGHT PLAN-ABBREVIATED-RC#296731,Services,1A2,
Flight Plans,FLIGHT PLAN-ABBREVIATED-RC#296733,Services,1A2,
Flight Plans,FLIGHT PLAN-ABBREVIATED-RC#296737,Services,1A2,
Flight Plans,FLIGHT PLAN-ABBREVIATED-RC#296741,Services,1A2,
Flight Plans,FLIGHT PLAN-ABBREVIATED-RC#298486,Services,1A2,
Flight Plans,FLIGHT PLAN-ABBREVIATED-RC#299283,Services,1A2,
Flight Plans,FLIGHT PLAN-ABBREVIATED-RC#301413,Services,1A2,
Flight Plans,FLIGHT PLAN-ABBREVIATED-RC#301429,Services,1A2,
Flight Plans,FLIGHT PLAN-ABBREVIATED-RC#301812,Services,1A2,
Flight Plans,FLIGHT PLAN-ABBREVIATED-RC#302709,Services,1A2,
Flight Plans,FLIGHT PLAN-ABBREVIATED-RC#303681,Services,1A2,
Flight Plans,FLIGHT PLAN-ABBREVIATED-RC#304268,Services,1A2,
Flight Plans,FLIGHT PLAN-ABBREVIATED-RC#305260,Services,1A2,
Flight Plans,FLIGHT PLAN-ABBREVIATED-RC#306120,Services,1A2,
Flight Plans,FLIGHT PLAN-ABBREVIATED-RC#306392,Services,1A2,
Flight Plans,FLIGHT PLAN-ABBREVIATED-RC#306781,Services,1A2,
Flight Plans,FLIGHT PLAN-ABBREVIATED-RC#308805,Services,1A2,
Flight Plans,FLIGHT PLAN-ABBREVIATED-RC#308807,Services,1A2,
Flight Plans,FLIGHT PLAN-ABBREVIATED-RC#308808,Services,1A2,
Flight Plans,FLIGHT PLAN-ABBREVIATED-RC#308962,Services,1A2,
Flight Plans,FLIGHT PLAN-ABBREVIATED-RC#308963,Services,1A2,
Flight Plans,FLIGHT PLAN-ABBREVIATED-RC#309219,Services,1A2,
Flight Plans,FLIGHT PLAN-ABBREVIATED-RC#309223,Services,1A2,
Flight Plans,FLIGHT PLAN-ABBREVIATED-RC#309305,Services,1A2,
Flight Plans,FLIGHT PLAN-ABBREVIATED-RC#309308,Services,1A2,
Flight Plans,FLIGHT PLAN-ABBREVIATED-RC#309760,Services,1A2,
Flight Plans,FLIGHT PLAN-ABBREVIATED-RC#309764,Services,1A2,
Flight Plans,FLIGHT PLAN-ABBREVIATED-RC#309766,Services,1A2,
Flight Plans,FLIGHT PLAN-ABBREVIATED-RC#309945,Services,1A2,
Flight Plans,FLIGHT PLAN-ABBREVIATED-RC#310999,Services,1A2,
Flight Plans,FLIGHT PLAN-ABBREVIATED-RC#311000,Services,1A2,
Flight Plans,FLIGHT PLAN-ABBREVIATED-RC#311001,Services,1A2,
Flight Plans,FLIGHT PLAN-ABBREVIATED-RC#312699,Services,1A2,
Flight Plans,FLIGHT PLAN-ABBREVIATED-RC#312700,Services,1A2,
Flight Plans,FLIGHT PLAN-ABBREVIATED-RC#312702,Services,1A2,
Flight Plans,FLIGHT PLAN-ABBREVIATED-RC#312703,Services,1A2,
Flight Plans,FLIGHT PLAN-ABBREVIATED-RC#314125,Services,1A2,
Flight Plans,FLIGHT PLAN-ABBREVIATED-RC#314511,Services,1A2,
Flight Plans,FLIGHT PLAN-ABBREVIATED-RC#314596,Services,1A2,
Flight Plans,FLIGHT PLAN-ABBREVIATED-RC#315062,Services,1A2,
Flight Plans,FLIGHT PLAN-ABBREVIATED-RC#315140,Services,1A2,
Flight Plans,FLIGHT PLAN-ABBREVIATED-RC#315672,Services,1A2,
Flight Plans,FLIGHT PLAN-ABBREVIATED-RC#315763,Services,1A2,
Flight Plans,FLIGHT PLAN-ABBREVIATED-RC#315770,Services,1A2,
Flight Plans,FLIGHT PLAN-ABBREVIATED-RC#315772,Services,1A2,
Flight Plans,FLIGHT PLAN-ABBREVIATED-RC#315774,Services,1A2,
Flight Plans,FLIGHT PLAN-ABBREVIATED-RC#315981,Services,1A2,
Flight Plans,FLIGHT PLAN-ABBREVIATED-RC#316560,Services,1A2,
Flight Plans,FLIGHT PLAN-ABBREVIATED-RC#316573,Services,1A2,
Flight Plans,FLIGHT PLAN-ABBREVIATED-RC#316577,Services,1A2,
Flight Plans,FLIGHT PLAN-ABBREVIATED-RC#316598,Services,1A2,
Flight Plans,FLIGHT PLAN-ABBREVIATED-RC#316599,Services,1A2,
Flight Plans,FLIGHT PLAN-ABBREVIATED-RC#316600,Services,1A2,
Flight Plans,FLIGHT PLAN-ABBREVIATED-RC#316603,Services,1A2,
Flight Plans,FLIGHT PLAN-ABBREVIATED-RC#316614,Services,1A2,
Flight Plans,FLIGHT PLAN-ABBREVIATED-RC#316616,Services,1A2,
Flight Plans,FLIGHT PLAN-ABBREVIATED-RC#317075,Services,1A2,
Flight Plans,FLIGHT PLAN-ABBREVIATED-RC#317766,Services,1A2,
Flight Plans,FLIGHT PLAN-ABBREVIATED-RC#317780,Services,1A2,
Flight Plans,FLIGHT PLAN-ABBREVIATED-RC#318184,Services,1A2,
Flight Plans,FLIGHT PLAN-ABBREVIATED-RC#318185,Services,1A2,
Flight Plans,FLIGHT PLAN-ABBREVIATED-RC#318190,Services,1A2,
Flight Plans,FLIGHT PLAN-ABBREVIATED-RC#318191,Services,1A2,
Flight Plans,FLIGHT PLAN-ABBREVIATED-RC#318529,Services,1A2,
Flight Plans,FLIGHT PLAN-ABBREVIATED-RC#318533,Services,1A2,
Flight Plans,FLIGHT PLAN-ABBREVIATED-RC#318536,Services,1A2,
Flight Plans,FLIGHT PLAN-ABBREVIATED-RC#318540,Services,1A2,
Flight Plans,FLIGHT PLAN-ABBREVIATED-RC#318566,Services,1A2,
Flight Plans,FLIGHT PLAN-ABBREVIATED-RC#318569,Services,1A2,
Flight Plans,FLIGHT PLAN-ABBREVIATED-RC#318570,Services,1A2,
Flight Plans,FLIGHT PLAN-ABBREVIATED-RC#318571,Services,1A2,
Flight Plans,FLIGHT PLAN-ABBREVIATED-RC#318575,Services,1A2,
Flight Plans,FLIGHT PLAN-ABBREVIATED-RC#318639,Services,1A2,
Flight Plans,FLIGHT PLAN-ABBREVIATED-RC#318645,Services,1A2,
Flight Plans,FLIGHT PLAN-ABBREVIATED-RC#318926,Services,1A2,
Flight Plans,FLIGHT PLAN-ABBREVIATED-RC#318927,Services,1A2,
Flight Plans,FLIGHT PLAN-ABBREVIATED-RC#319001,Services,1A2,
Flight Plans,FLIGHT PLAN-ABBREVIATED-RC#319013,Services,1A2,
Flight Plans,FLIGHT PLAN-ABBREVIATED-RC#319021,Services,1A2,
Flight Plans,FLIGHT PLAN-ABBREVIATED-RC#319109,Services,1A2,
Flight Plans,FLIGHT PLAN-ABBREVIATED-RC#319284,Services,1A2,
Flight Plans,FLIGHT PLAN-ABBREVIATED-RC#319287,Services,1A2,
Flight Plans,FLIGHT PLAN-ABBREVIATED-RC#319293,Services,1A2,
Flight Plans,FLIGHT PLAN-ABBREVIATED-RC#319295,Services,1A2,
Flight Plans,FLIGHT PLAN-ABBREVIATED-RC#319336,Services,1A2,
Flight Plans,FLIGHT PLAN-ABBREVIATED-RC#319337,Services,1A2,
Flight Plans,FLIGHT PLAN-ABBREVIATED-RC#319339,Services,1A2,
Flight Plans,FLIGHT PLAN-ABBREVIATED-RC#319377,Services,1A2,
Flight Plans,FLIGHT PLAN-ABBREVIATED-RC#319378,Services,1A2,
Flight Plans,FLIGHT PLAN-ABBREVIATED-RC#319390,Services,1A2,
Flight Plans,FLIGHT PLAN-ABBREVIATED-RC#319915,Services,1A2,
Flight Plans,FLIGHT PLAN-ABBREVIATED-RC#319919,Services,1A2,
Flight Plans,FLIGHT PLAN-ABBREVIATED-RC#319968,Services,1A2,
Flight Plans,FLIGHT PLAN-ABBREVIATED-RC#319971,Services,1A2,
Flight Plans,FLIGHT PLAN-ABBREVIATED-RC#320110,Services,1A2,
Flight Plans,FLIGHT PLAN-ABBREVIATED-RC#320114,Services,1A2,
Flight Plans,FLIGHT PLAN-ABBREVIATED-RC#320275,Services,1A2,
Flight Plans,FLIGHT PLAN-ABBREVIATED-RC#320471,Services,1A2,
Flight Plans,FLIGHT PLAN-ABBREVIATED-RC#320472,Services,1A2,
Flight Plans,FLIGHT PLAN-ABBREVIATED-RC#321237,Services,1A2,
Flight Plans,FLIGHT PLAN-ABBREVIATED-RC#321439,Services,1A2,
Flight Plans,FLIGHT PLAN-ABBREVIATED-RC#321442,Services,1A2,
Flight Plans,FLIGHT PLAN-ABBREVIATED-RC#321487,Services,1A2,
Flight Plans,FLIGHT PLAN-ABBREVIATED-RC#321674,Services,1A2,
Flight Plans,FLIGHT PLAN-ABBREVIATED-RC#321859,Services,1A2,
Flight Plans,FLIGHT PLAN-ABBREVIATED-RC#322152,Services,1A2,
Flight Plans,FLIGHT PLAN-ABBREVIATED-RC#322159,Services,1A2,
Flight Plans,FLIGHT PLAN-ABBREVIATED-RC#322176,Services,1A2,
Flight Plans,FLIGHT PLAN-ABBREVIATED-RC#322396,Services,1A2,
Flight Plans,FLIGHT PLAN-ABBREVIATED-RC#322398,Services,1A2,
Flight Plans,FLIGHT PLAN-ABBREVIATED-RC#322408,Services,1A2,
Flight Plans,FLIGHT PLAN-ABBREVIATED-RC#322409,Services,1A2,
Flight Plans,FLIGHT PLAN-ABBREVIATED-RC#323421,Services,1A2,
Flight Plans,FLIGHT PLAN-ABBREVIATED-RC#323442,Services,1A2,
Flight Plans,FLIGHT PLAN-ABBREVIATED-RC#323464,Services,1A2,
Flight Plans,FLIGHT PLAN-ABBREVIATED-RC#323511,Services,1A2,
Flight Plans,FLIGHT PLAN-ABBREVIATED-RC#323573,Services,1A2,
Flight Plans,FLIGHT PLAN-ABBREVIATED-RC#323588,Services,1A2,
Flight Plans,FLIGHT PLAN-ABBREVIATED-RC#323636,Services,1A2,
Flight Plans,FLIGHT PLAN-ABBREVIATED-RC#323637,Services,1A2,
Flight Plans,FLIGHT PLAN-ABBREVIATED-RC#323638,Services,1A2,
Flight Plans,FLIGHT PLAN-ABBREVIATED-RC#323752,Services,1A2,
Flight Plans,FLIGHT PLAN-ABBREVIATED-RC#323761,Services,1A2,
Flight Plans,FLIGHT PLAN-ABBREVIATED-RC#323918,Services,1A2,
Flight Plans,FLIGHT PLAN-ABBREVIATED-RC#323920,Services,1A2,
Flight Plans,FLIGHT PLAN-ABBREVIATED-RC#324131,Services,1A2,
Flight Plans,FLIGHT PLAN-ABBREVIATED-RC#324682,Services,1A2,
Flight Plans,FLIGHT PLAN-ABBREVIATED-RC#325048,Services,1A2,
Flight Plans,FLIGHT PLAN-ABBREVIATED-RC#325056,Services,1A2,
Flight Plans,FLIGHT PLAN-ABBREVIATED-RC#325127,Services,1A2,
Flight Plans,FLIGHT PLAN-ABBREVIATED-RC#325172,Services,1A2,
Flight Plans,FLIGHT PLAN-ABBREVIATED-RC#325186,Services,1A2,
Flight Plans,FLIGHT PLAN-ABBREVIATED-RC#325187,Services,1A2,
Flight Plans,FLIGHT PLAN-ABBREVIATED-RC#325193,Services,1A2,
Flight Plans,FLIGHT PLAN-ABBREVIATED-RC#325194,Services,1A2,
Flight Plans,FLIGHT PLAN-ABBREVIATED-RC#325195,Services,1A2,
Flight Plans,FLIGHT PLAN-ABBREVIATED-RC#325196,Services,1A2,
Flight Plans,FLIGHT PLAN-ABBREVIATED-RC#325411,Services,1A2,
Flight Plans,FLIGHT PLAN-ABBREVIATED-RC#326292,Services,1A2,
Flight Plans,FLIGHT PLAN-ABBREVIATED-RC#326358,Services,1A2,
Flight Plans,FLIGHT PLAN-ABBREVIATED-RC#326361,Services,1A2,
Flight Plans,FLIGHT PLAN-ABBREVIATED-RC#326363,Services,1A2,
Flight Plans,FLIGHT PLAN-ABBREVIATED-RC#326527,Services,1A2,
Flight Plans,FLIGHT PLAN-ABBREVIATED-RC#326529,Services,1A2,
Flight Plans,FLIGHT PLAN-ABBREVIATED-RC#326531,Services,1A2,
Flight Plans,FLIGHT PLAN-ABBREVIATED-RC#326601,Services,1A2,
Flight Plans,FLIGHT PLAN-ABBREVIATED-RC#326609,Services,1A2,
Flight Plans,FLIGHT PLAN-ABBREVIATED-RC#326622,Services,1A2,
Flight Plans,FLIGHT PLAN-ABBREVIATED-RC#326644,Services,1A2,
Flight Plans,FLIGHT PLAN-ABBREVIATED-RC#326653,Services,1A2,
Flight Plans,FLIGHT PLAN-ABBREVIATED-RC#326657,Services,1A2,
Flight Plans,FLIGHT PLAN-ABBREVIATED-RC#326658,Services,1A2,
Flight Plans,FLIGHT PLAN-ABBREVIATED-RC#326660,Services,1A2,
Flight Plans,FLIGHT PLAN-ABBREVIATED-RC#326688,Services,1A2,
Flight Plans,FLIGHT PLAN-ABBREVIATED-RC#326811,Services,1A2,
Flight Plans,FLIGHT PLAN-ABBREVIATED-RC#327090,Services,1A2,
Flight Plans,FLIGHT PLAN-ABBREVIATED-RC#327091,Services,1A2,
Flight Plans,FLIGHT PLAN-ABBREVIATED-RC#327092,Services,1A2,
Flight Plans,FLIGHT PLAN-ABBREVIATED-RC#327200,Services,1A2,
Flight Plans,FLIGHT PLAN-ABBREVIATED-RC#327746,Services,1A2,
Flight Plans,FLIGHT PLAN-ABBREVIATED-RC#327950,Services,1A2,
Flight Plans,FLIGHT PLAN-ABBREVIATED-RC#327953,Services,1A2,
Flight Plans,FLIGHT PLAN-ABBREVIATED-RC#328167,Services,1A2,
Flight Plans,FLIGHT PLAN-ABBREVIATED-RC#328170,Services,1A2,
Flight Plans,FLIGHT PLAN-ABBREVIATED-RC#328563,Services,1A2,
Flight Plans,FLIGHT PLAN-ABBREVIATED-RC#328629,Services,1A2,
Flight Plans,FLIGHT PLAN-ABBREVIATED-RC#328707,Services,1A2,
Flight Plans,FLIGHT PLAN-ABBREVIATED-RC#328728,Services,1A2,
Flight Plans,FLIGHT PLAN-ABBREVIATED-RC#328732,Services,1A2,
Flight Plans,FLIGHT PLAN-ABBREVIATED-RC#329340,Services,1A2,
Flight Plans,FLIGHT PLAN-ABBREVIATED-RC#329360,Services,1A2,
Flight Plans,FLIGHT PLAN-ABBREVIATED-RC#329415,Services,1A2,
Flight Plans,FLIGHT PLAN-ABBREVIATED-RC#329463,Services,1A2,
Flight Plans,FLIGHT PLAN-ABBREVIATED-RC#329475,Services,1A2,
Flight Plans,FLIGHT PLAN-ABBREVIATED-RC#329544,Services,1A2,
Flight Plans,FLIGHT PLAN-ABBREVIATED-RC#329549,Services,1A2,
Flight Plans,FLIGHT PLAN-ABBREVIATED-RC#329552,Services,1A2,
Flight Plans,FLIGHT PLAN-ABBREVIATED-RC#329554,Services,1A2,
Flight Plans,FLIGHT PLAN-ABBREVIATED-RC#329556,Services,1A2,
Flight Plans,FLIGHT PLAN-ABBREVIATED-RC#329557,Services,1A2,
Flight Plans,FLIGHT PLAN-ABBREVIATED-RC#329572,Services,1A2,
Flight Plans,FLIGHT PLAN-ABBREVIATED-RC#329573,Services,1A2,
Flight Plans,FLIGHT PLAN-ABBREVIATED-RC#329922,Services,1A2,
Flight Plans,FLIGHT PLAN-ABBREVIATED-RC#330025,Services,1A2,
Flight Plans,FLIGHT PLAN-ABBREVIATED-RC#330114,Services,1A2,
Flight Plans,FLIGHT PLAN-ABBREVIATED-RC#330115,Services,1A2,
Flight Plans,FLIGHT PLAN-ABBREVIATED-RC#330139,Services,1A2,
Flight Plans,FLIGHT PLAN-ABBREVIATED-RC#330143,Services,1A2,
Flight Plans,FLIGHT PLAN-ABBREVIATED-RC#330215,Services,1A2,
Flight Plans,FLIGHT PLAN-ABBREVIATED-RC#330217,Services,1A2,
Flight Plans,FLIGHT PLAN-ABBREVIATED-RC#330279,Services,1A2,
Flight Plans,FLIGHT PLAN-ABBREVIATED-RC#330519,Services,1A2,
Flight Plans,FLIGHT PLAN-ABBREVIATED-RC#330527,Services,1A2,
Flight Plans,FLIGHT PLAN-ABBREVIATED-RC#330533,Services,1A2,
Flight Plans,FLIGHT PLAN-ABBREVIATED-RC#330588,Services,1A2,
Flight Plans,FLIGHT PLAN-ABBREVIATED-RC#330602,Services,1A2,
Flight Plans,FLIGHT PLAN-ABBREVIATED-RC#330649,Services,1A2,
Flight Plans,FLIGHT PLAN-ABBREVIATED-RC#330701,Services,1A2,
Flight Plans,FLIGHT PLAN-ABBREVIATED-RC#330772,Services,1A2,
Flight Plans,FLIGHT PLAN-ABBREVIATED-RC#330958,Services,1A2,
Flight Plans,FLIGHT PLAN-ABBREVIATED-RC#331226,Services,1A2,
Flight Plans,FLIGHT PLAN-ABBREVIATED-RC#331263,Services,1A2,
Flight Plans,FLIGHT PLAN-ABBREVIATED-RC#331517,Services,1A2,
Flight Plans,FLIGHT PLAN-ABBREVIATED-RC#331518,Services,1A2,
Flight Plans,FLIGHT PLAN-ABBREVIATED-RC#331538,Services,1A2,
Flight Plans,FLIGHT PLAN-ABBREVIATED-RC#331986,Services,1A2,
Flight Plans,FLIGHT PLAN-ABBREVIATED-RC#331988,Services,1A2,
Flight Plans,FLIGHT PLAN-ABBREVIATED-RC#332143,Services,1A2,
Flight Plans,FLIGHT PLAN-ABBREVIATED-RC#332151,Services,1A2,
Flight Plans,FLIGHT PLAN-ABBREVIATED-RC#332166,Services,1A2,
Flight Plans,FLIGHT PLAN-ABBREVIATED-RC#332198,Services,1A2,
Flight Plans,FLIGHT PLAN-ABBREVIATED-RC#332445,Services,1A2,
Flight Plans,FLIGHT PLAN-ABBREVIATED-RC#332970,Services,1A2,
Flight Plans,FLIGHT PLAN-ABBREVIATED-RC#332994,Services,1A2,
Flight Plans,FLIGHT PLAN-ABBREVIATED-RC#333170,Services,1A2,
Flight Plans,FLIGHT PLAN-ABBREVIATED-RC#333187,Services,1A2,
Flight Plans,FLIGHT PLAN-ABBREVIATED-RC#333189,Services,1A2,
Flight Plans,FLIGHT PLAN-ABBREVIATED-RC#333644,Services,1A2,
Flight Plans,FLIGHT PLAN-ABBREVIATED-RC#333659,Services,1A2,
Flight Plans,FLIGHT PLAN-ABBREVIATED-RC#333707,Services,1A2,
Flight Plans,FLIGHT PLAN-ABBREVIATED-RC#333862,Services,1A2,
Flight Plans,FLIGHT PLAN-ABBREVIATED-RC#333869,Services,1A2,
Flight Plans,FLIGHT PLAN-ABBREVIATED-RC#333882,Services,1A2,
Flight Plans,FLIGHT PLAN-ABBREVIATED-RC#333996,Services,1A2,
Flight Plans,FLIGHT PLAN-ABBREVIATED-RC#333997,Services,1A2,
Flight Plans,FLIGHT PLAN-ABBREVIATED-RC#334518,Services,1A2,
Flight Plans,FLIGHT PLAN-ABBREVIATED-RC#335119,Services,1A2,
Flight Plans,FLIGHT PLAN-ABBREVIATED-RC#335160,Services,1A2,
Flight Plans,FLIGHT PLAN-ABBREVIATED-RC#335578,Services,1A2,
Flight Plans,FLIGHT PLAN-ABBREVIATED-RC#335596,Services,1A2,
Flight Plans,FLIGHT PLAN-ABBREVIATED-RC#335617,Services,1A2,
Flight Plans,FLIGHT PLAN-ABBREVIATED-RC#336128,Services,1A2,
Flight Plans,FLIGHT PLAN-ABBREVIATED-RC#336254,Services,1A2,
Flight Plans,FLIGHT PLAN-ABBREVIATED-RC#336262,Services,1A2,
Flight Plans,FLIGHT PLAN-ABBREVIATED-RC#336347,Services,1A2,
Flight Plans,FLIGHT PLAN-ABBREVIATED-RC#336361,Services,1A2,
Flight Plans,FLIGHT PLAN-ABBREVIATED-RC#336567,Services,1A2,
Flight Plans,FLIGHT PLAN-ABBREVIATED-RC#336729,Services,1A2,
Flight Plans,FLIGHT PLAN-ABBREVIATED-RC#336730,Services,1A2,
Flight Plans,FLIGHT PLAN-ABBREVIATED-RC#336748,Services,1A2,
Flight Plans,FLIGHT PLAN-ABBREVIATED-RC#336753,Services,1A2,
Flight Plans,FLIGHT PLAN-ABBREVIATED-RC#336757,Services,1A2,
Flight Plans,FLIGHT PLAN-ABBREVIATED-RC#336919,Services,1A2,
Flight Plans,FLIGHT PLAN-ABBREVIATED-RC#337052,Services,1A2,
Flight Plans,FLIGHT PLAN-ABBREVIATED-RC#337123,Services,1A2,
Flight Plans,FLIGHT PLAN-ABBREVIATED-RC#337133,Services,1A2,
Flight Plans,FLIGHT PLAN-ABBREVIATED-RC#337171,Services,1A2,
Flight Plans,FLIGHT PLAN-ABBREVIATED-RC#337208,Services,1A2,
Flight Plans,FLIGHT PLAN-ABBREVIATED-RC#337564,Services,1A2,
Flight Plans,FLIGHT PLAN-ABBREVIATED-RC#337872,Services,1A2,
Flight Plans,FLIGHT PLAN-ABBREVIATED-RC#337930,Services,1A2,
Flight Plans,FLIGHT PLAN-ABBREVIATED-RC#338044,Services,1A2,
Flight Plans,FLIGHT PLAN-ABBREVIATED-RC#338472,Services,1A2,
Flight Plans,FLIGHT PLAN-ABBREVIATED-RC#338505,Services,1A2,
Flight Plans,FLIGHT PLAN-ABBREVIATED-RC#338528,Services,1A2,
Flight Plans,FLIGHT PLAN-ABBREVIATED-RC#338537,Services,1A2,
Flight Plans,FLIGHT PLAN-ABBREVIATED-RC#338550,Services,1A2,
Flight Plans,FLIGHT PLAN-ABBREVIATED-RC#338851,Services,1A2,
Flight Plans,FLIGHT PLAN-ABBREVIATED-RC#339033,Services,1A2,
Flight Plans,FLIGHT PLAN-ABBREVIATED-RC#339255,Services,1A2,
Flight Plans,FLIGHT PLAN-ABBREVIATED-RC#339281,Services,1A2,
Flight Plans,FLIGHT PLAN-ABBREVIATED-RC#339285,Services,1A2,
Flight Plans,FLIGHT PLAN-ABBREVIATED-RC#339286,Services,1A2,
Flight Plans,FLIGHT PLAN-ABBREVIATED-RC#339393,Services,1A2,
Flight Plans,FLIGHT PLAN-ABBREVIATED-RC#339605,Services,1A2,
Flight Plans,FLIGHT PLAN-ABBREVIATED-RC#339627,Services,1A2,
Flight Plans,FLIGHT PLAN-ABBREVIATED-RC#339838,Services,1A2,
Flight Plans,FLIGHT PLAN-ABBREVIATED-RC#339839,Services,1A2,
Flight Plans,FLIGHT PLAN-ABBREVIATED-RC#340063,Services,1A2,
Flight Plans,FLIGHT PLAN-ABBREVIATED-RC#340127,Services,1A2,
Flight Plans,FLIGHT PLAN-ABBREVIATED-RC#340609,Services,1A2,
Flight Plans,FLIGHT PLAN-ABBREVIATED-RC#340611,Services,1A2,
Flight Plans,FLIGHT PLAN-ABBREVIATED-RC#340899,Services,1A2,
Flight Plans,FLIGHT PLAN-ABBREVIATED-RC#340963,Services,1A2,
Flight Plans,FLIGHT PLAN-ABBREVIATED-RC#340965,Services,1A2,
Flight Plans,FLIGHT PLAN-ABBREVIATED-RC#340972,Services,1A2,
Flight Plans,FLIGHT PLAN-ABBREVIATED-RC#340974,Services,1A2,
Flight Plans,FLIGHT PLAN-ABBREVIATED-RC#340997,Services,1A2,
Flight Plans,FLIGHT PLAN-ABBREVIATED-RC#341384,Services,1A2,
Flight Plans,FLIGHT PLAN-ABBREVIATED-RC#34145,Services,1A2,
Flight Plans,FLIGHT PLAN-ABBREVIATED-RC#341670,Services,1A2,
Flight Plans,FLIGHT PLAN-ABBREVIATED-RC#341823,Services,1A2,
Flight Plans,FLIGHT PLAN-ABBREVIATED-RC#341853,Services,1A2,
Flight Plans,FLIGHT PLAN-ABBREVIATED-RC#341861,Services,1A2,
Flight Plans,FLIGHT PLAN-ABBREVIATED-RC#341924,Services,1A2,
Flight Plans,FLIGHT PLAN-ABBREVIATED-RC#341989,Services,1A2,
Flight Plans,FLIGHT PLAN-ABBREVIATED-RC#342424,Services,1A2,
Flight Plans,FLIGHT PLAN-ABBREVIATED-RC#342754,Services,1A2,
Flight Plans,FLIGHT PLAN-ABBREVIATED-RC#342760,Services,1A2,
Flight Plans,FLIGHT PLAN-ABBREVIATED-RC#342953,Services,1A2,
Flight Plans,FLIGHT PLAN-ABBREVIATED-RC#343010,Services,1A2,
Flight Plans,FLIGHT PLAN-ABBREVIATED-RC#343366,Services,1A2,
Flight Plans,FLIGHT PLAN-ABBREVIATED-RC#343376,Services,1A2,
Flight Plans,FLIGHT PLAN-ABBREVIATED-RC#343748,Services,1A2,
Flight Plans,FLIGHT PLAN-ABBREVIATED-RC#344049,Services,1A2,
Flight Plans,FLIGHT PLAN-ABBREVIATED-RC#344150,Services,1A2,
Flight Plans,FLIGHT PLAN-ABBREVIATED-RC#344194,Services,1A2,
Flight Plans,FLIGHT PLAN-ABBREVIATED-RC#344352,Services,1A2,
Flight Plans,FLIGHT PLAN-ABBREVIATED-RC#344382,Services,1A2,
Flight Plans,FLIGHT PLAN-ABBREVIATED-RC#344553,Services,1A2,
Flight Plans,FLIGHT PLAN-ABBREVIATED-RC#344613,Services,1A2,
Flight Plans,FLIGHT PLAN-ABBREVIATED-RC#344685,Services,1A2,
Flight Plans,FLIGHT PLAN-ABBREVIATED-RC#344694,Services,1A2,
Flight Plans,FLIGHT PLAN-ABBREVIATED-RC#344841,Services,1A2,
Flight Plans,FLIGHT PLAN-ABBREVIATED-RC#344852,Services,1A2,
Flight Plans,FLIGHT PLAN-ABBREVIATED-RC#344856,Services,1A2,
Flight Plans,FLIGHT PLAN-ABBREVIATED-RC#345471,Services,1A2,
Flight Plans,FLIGHT PLAN-ABBREVIATED-RC#345936,Services,1A2,
Flight Plans,FLIGHT PLAN-ABBREVIATED-RC#346534,Services,1A2,
Flight Plans,FLIGHT PLAN-ABBREVIATED-RC#346550,Services,1A2,
Flight Plans,FLIGHT PLAN-ABBREVIATED-RC#346742,Services,1A2,
Flight Plans,FLIGHT PLAN-ABBREVIATED-RC#346974,Services,1A2,
Flight Plans,FLIGHT PLAN-ABBREVIATED-RC#347170,Services,1A2,
Flight Plans,FLIGHT PLAN-ABBREVIATED-RC#347183,Services,1A2,
Flight Plans,FLIGHT PLAN-ABBREVIATED-RC#347563,Services,1A2,
Flight Plans,FLIGHT PLAN-ABBREVIATED-RC#348116,Services,1A2,
Flight Plans,FLIGHT PLAN-ABBREVIATED-RC#348117,Services,1A2,
Flight Plans,FLIGHT PLAN-ABBREVIATED-RC#348384,Services,1A2,
Flight Plans,FLIGHT PLAN-ABBREVIATED-RC#348431,Services,1A2,
Flight Plans,FLIGHT PLAN-ABBREVIATED-RC#348432,Services,1A2,
Flight Plans,FLIGHT PLAN-ABBREVIATED-RC#348489,Services,1A2,
Flight Plans,FLIGHT PLAN-ABBREVIATED-RC#349162,Services,1A2,
Flight Plans,FLIGHT PLAN-ABBREVIATED-RC#349248,Services,1A2,
Flight Plans,FLIGHT PLAN-ABBREVIATED-RC#349249,Services,1A2,
Flight Plans,FLIGHT PLAN-ABBREVIATED-RC#349251,Services,1A2,
Flight Plans,FLIGHT PLAN-ABBREVIATED-RC#349253,Services,1A2,
Flight Plans,FLIGHT PLAN-ABBREVIATED-RC#349299,Services,1A2,
Flight Plans,FLIGHT PLAN-ABBREVIATED-RC#349346,Services,1A2,
Flight Plans,FLIGHT PLAN-ABBREVIATED-RC#349492,Services,1A2,
Flight Plans,FLIGHT PLAN-ABBREVIATED-RC#349651,Services,1A2,
Flight Plans,FLIGHT PLAN-ABBREVIATED-RC#349812,Services,1A2,
Flight Plans,FLIGHT PLAN-ABBREVIATED-RC#349822,Services,1A2,
Flight Plans,FLIGHT PLAN-ABBREVIATED-RC#350236,Services,1A2,
Flight Plans,FLIGHT PLAN-ABBREVIATED-RC#350237,Services,1A2,
Flight Plans,FLIGHT PLAN-ABBREVIATED-RC#350300,Services,1A2,
Flight Plans,FLIGHT PLAN-ABBREVIATED-RC#350534,Services,1A2,
Flight Plans,FLIGHT PLAN-ABBREVIATED-RC#350650,Services,1A2,
Flight Plans,FLIGHT PLAN-ABBREVIATED-RC#350689,Services,1A2,
Flight Plans,FLIGHT PLAN-ABBREVIATED-RC#350700,Services,1A2,
Flight Plans,FLIGHT PLAN-ABBREVIATED-RC#350718,Services,1A2,
Flight Plans,FLIGHT PLAN-ABBREVIATED-RC#350719,Services,1A2,
Flight Plans,FLIGHT PLAN-ABBREVIATED-RC#350762,Services,1A2,
Flight Plans,FLIGHT PLAN-ABBREVIATED-RC#350966,Services,1A2,
Flight Plans,FLIGHT PLAN-ABBREVIATED-RC#351074,Services,1A2,
Flight Plans,FLIGHT PLAN-ABBREVIATED-RC#351149,Services,1A2,
Flight Plans,FLIGHT PLAN-ABBREVIATED-RC#351162,Services,1A2,
Flight Plans,FLIGHT PLAN-ABBREVIATED-RC#351166,Services,1A2,
Flight Plans,FLIGHT PLAN-ABBREVIATED-RC#351192,Services,1A2,
Flight Plans,FLIGHT PLAN-ABBREVIATED-RC#351194,Services,1A2,
Flight Plans,FLIGHT PLAN-ABBREVIATED-RC#351289,Services,1A2,
Flight Plans,FLIGHT PLAN-ABBREVIATED-RC#351466,Services,1A2,
Flight Plans,FLIGHT PLAN-ABBREVIATED-RC#351678,Services,1A2,
Flight Plans,FLIGHT PLAN-ABBREVIATED-RC#351683,Services,1A2,
Flight Plans,FLIGHT PLAN-ABBREVIATED-RC#351728,Services,1A2,
Flight Plans,FLIGHT PLAN-ABBREVIATED-RC#352086,Services,1A2,
Flight Plans,FLIGHT PLAN-ABBREVIATED-RC#352088,Services,1A2,
Flight Plans,FLIGHT PLAN-ABBREVIATED-RC#352145,Services,1A2,
Flight Plans,FLIGHT PLAN-ABBREVIATED-RC#352148,Services,1A2,
Flight Plans,FLIGHT PLAN-ABBREVIATED-RC#352151,Services,1A2,
Flight Plans,FLIGHT PLAN-ABBREVIATED-RC#352221,Services,1A2,
Flight Plans,FLIGHT PLAN-ABBREVIATED-RC#352271,Services,1A2,
Flight Plans,FLIGHT PLAN-ABBREVIATED-RC#352297,Services,1A2,
Flight Plans,FLIGHT PLAN-ABBREVIATED-RC#352299,Services,1A2,
Flight Plans,FLIGHT PLAN-ABBREVIATED-RC#352301,Services,1A2,
Flight Plans,FLIGHT PLAN-ABBREVIATED-RC#352311,Services,1A2,
Flight Plans,FLIGHT PLAN-ABBREVIATED-RC#352313,Services,1A2,
Flight Plans,FLIGHT PLAN-ABBREVIATED-RC#352334,Services,1A2,
Flight Plans,FLIGHT PLAN-ABBREVIATED-RC#352335,Services,1A2,
Flight Plans,FLIGHT PLAN-ABBREVIATED-RC#352336,Services,1A2,
Flight Plans,FLIGHT PLAN-ABBREVIATED-RC#352355,Services,1A2,
Flight Plans,FLIGHT PLAN-ABBREVIATED-RC#352356,Services,1A2,
Flight Plans,FLIGHT PLAN-ABBREVIATED-RC#352358,Services,1A2,
Flight Plans,FLIGHT PLAN-ABBREVIATED-RC#352533,Services,1A2,
Flight Plans,FLIGHT PLAN-ABBREVIATED-RC#352646,Services,1A2,
Flight Plans,FLIGHT PLAN-ABBREVIATED-RC#352889,Services,1A2,
Flight Plans,FLIGHT PLAN-ABBREVIATED-RC#353017,Services,1A2,
Flight Plans,FLIGHT PLAN-ABBREVIATED-RC#353061,Services,1A2,
Flight Plans,FLIGHT PLAN-ABBREVIATED-RC#353189,Services,1A2,
Flight Plans,FLIGHT PLAN-ABBREVIATED-RC#353210,Services,1A2,
Flight Plans,FLIGHT PLAN-ABBREVIATED-RC#353860,Services,1A2,
Flight Plans,FLIGHT PLAN-ABBREVIATED-RC#353948,Services,1A2,
Flight Plans,FLIGHT PLAN-ABBREVIATED-RC#353950,Services,1A2,
Flight Plans,FLIGHT PLAN-ABBREVIATED-RC#354007,Services,1A2,
Flight Plans,FLIGHT PLAN-ABBREVIATED-RC#354211,Services,1A2,
Flight Plans,FLIGHT PLAN-ABBREVIATED-RC#354408,Services,1A2,
Flight Plans,FLIGHT PLAN-ABBREVIATED-RC#354805,Services,1A2,
Flight Plans,FLIGHT PLAN-ABBREVIATED-RC#354811,Services,1A2,
Flight Plans,FLIGHT PLAN-ABBREVIATED-RC#354812,Services,1A2,
Flight Plans,FLIGHT PLAN-ABBREVIATED-RC#354814,Services,1A2,
Flight Plans,FLIGHT PLAN-ABBREVIATED-RC#355057,Services,1A2,
Flight Plans,FLIGHT PLAN-ABBREVIATED-RC#355103,Services,1A2,
Flight Plans,FLIGHT PLAN-ABBREVIATED-RC#355146,Services,1A2,
Flight Plans,FLIGHT PLAN-ABBREVIATED-RC#355338,Services,1A2,
Flight Plans,FLIGHT PLAN-ABBREVIATED-RC#355690,Services,1A2,
Flight Plans,FLIGHT PLAN-ABBREVIATED-RC#356018,Services,1A2,
Flight Plans,FLIGHT PLAN-ABBREVIATED-RC#356020,Services,1A2,
Flight Plans,FLIGHT PLAN-ABBREVIATED-RC#356404,Services,1A2,
Flight Plans,FLIGHT PLAN-ABBREVIATED-RC#356770,Services,1A2,
Flight Plans,FLIGHT PLAN-ABBREVIATED-RC#356842,Services,1A2,
Flight Plans,FLIGHT PLAN-ABBREVIATED-RC#356876,Services,1A2,
Flight Plans,FLIGHT PLAN-ABBREVIATED-RC#357236,Services,1A2,
Flight Plans,FLIGHT PLAN-ABBREVIATED-RC#357449,Services,1A2,
Flight Plans,FLIGHT PLAN-ABBREVIATED-RC#357516,Services,1A2,
Flight Plans,FLIGHT PLAN-ABBREVIATED-RC#357763,Services,1A2,
Flight Plans,FLIGHT PLAN-ABBREVIATED-RC#357854,Services,1A2,
Flight Plans,FLIGHT PLAN-ABBREVIATED-RC#357858,Services,1A2,
Flight Plans,FLIGHT PLAN-ABBREVIATED-RC#357901,Services,1A2,
Flight Plans,FLIGHT PLAN-ABBREVIATED-RC#359634,Services,1A2,
Flight Plans,FLIGHT PLAN-ABBREVIATED-RC#359842,Services,1A2,
Flight Plans,FLIGHT PLAN-ABBREVIATED-RC#359962,Services,1A2,
Flight Plans,FLIGHT PLAN-ABBREVIATED-RC#360328,Services,1A2,
Flight Plans,FLIGHT PLAN-ABBREVIATED-RC#360330,Services,1A2,
Flight Plans,FLIGHT PLAN-ABBREVIATED-RC#362112,Services,1A2,
Flight Plans,FLIGHT PLAN-ABBREVIATED-RC#362861,Services,1A2,
Flight Plans,FLIGHT PLAN-ABBREVIATED-RC#362863,Services,1A2,
Flight Plans,FLIGHT PLAN-ADHOC,Services,1FPAD,
Flight Plans,FLIGHT PLAN-ADHOC-DECEMBER 2019,Services,1FPAD,
Flight Plans,FLIGHT PLAN-ADHOC-NOVEMBER,Services,1FPAD,
Flight Plans,FLIGHT PLAN-ADHOC-RC#353346.,Services,1FPAD,
Flight Plans,FLIGHT PLAN-FULL,Services,1F2,
Flight Plans,FLIGHT PLAN-FULL-RC# 355884,Services,1F2,
Flight Plans,FLIGHT PLAN-FULL-RC#231721,Services,1F2,
Flight Plans,FLIGHT PLAN-FULL-RC#235435,Services,1F2,
Flight Plans,FLIGHT PLAN-FULL-RC#235902,Services,1F2,
Flight Plans,FLIGHT PLAN-FULL-RC#235912,Services,1F2,
Flight Plans,FLIGHT PLAN-FULL-RC#236248,Services,1F2,
Flight Plans,FLIGHT PLAN-FULL-RC#255665,Services,1F2,
Flight Plans,FLIGHT PLAN-FULL-RC#255670,Services,1F2,
Flight Plans,FLIGHT PLAN-FULL-RC#255672,Services,1F2,
Flight Plans,FLIGHT PLAN-FULL-RC#255673,Services,1F2,
Flight Plans,FLIGHT PLAN-FULL-RC#255674,Services,1F2,
Flight Plans,FLIGHT PLAN-FULL-RC#255675,Services,1F2,
Flight Plans,FLIGHT PLAN-FULL-RC#265632,Services,1F2,
Flight Plans,FLIGHT PLAN-FULL-RC#265635,Services,1F2,
Flight Plans,FLIGHT PLAN-FULL-RC#266010,Services,1F2,
Flight Plans,FLIGHT PLAN-FULL-RC#266011,Services,1F2,
Flight Plans,FLIGHT PLAN-FULL-RC#268007,Services,1F2,
Flight Plans,FLIGHT PLAN-FULL-RC#268181,Services,1F2,
Flight Plans,FLIGHT PLAN-FULL-RC#268687,Services,1F2,
Flight Plans,FLIGHT PLAN-FULL-RC#295364,Services,1F2,
Flight Plans,FLIGHT PLAN-FULL-RC#296705,Services,1F2,
Flight Plans,FLIGHT PLAN-FULL-RC#296710,Services,1F2,
Flight Plans,FLIGHT PLAN-FULL-RC#297009,Services,1F2,
Flight Plans,FLIGHT PLAN-FULL-RC#297957,Services,1F2,
Flight Plans,FLIGHT PLAN-FULL-RC#298169,Services,1F2,
Flight Plans,FLIGHT PLAN-FULL-RC#298234,Services,1F2,
Flight Plans,FLIGHT PLAN-FULL-RC#298323,Services,1F2,
Flight Plans,FLIGHT PLAN-FULL-RC#298349,Services,1F2,
Flight Plans,FLIGHT PLAN-FULL-RC#298688,Services,1F2,
Flight Plans,FLIGHT PLAN-FULL-RC#299140,Services,1F2,
Flight Plans,FLIGHT PLAN-FULL-RC#299141,Services,1F2,
Flight Plans,FLIGHT PLAN-FULL-RC#299192,Services,1F2,
Flight Plans,FLIGHT PLAN-FULL-RC#299194,Services,1F2,
Flight Plans,FLIGHT PLAN-FULL-RC#299538,Services,1F2,
Flight Plans,FLIGHT PLAN-FULL-RC#299548,Services,1F2,
Flight Plans,FLIGHT PLAN-FULL-RC#299625,Services,1F2,
Flight Plans,FLIGHT PLAN-FULL-RC#300039,Services,1F2,
Flight Plans,FLIGHT PLAN-FULL-RC#300042,Services,1F2,
Flight Plans,FLIGHT PLAN-FULL-RC#300102,Services,1F2,
Flight Plans,FLIGHT PLAN-FULL-RC#300302,Services,1F2,
Flight Plans,FLIGHT PLAN-FULL-RC#300409,Services,1F2,
Flight Plans,FLIGHT PLAN-FULL-RC#301051,Services,1F2,
Flight Plans,FLIGHT PLAN-FULL-RC#301176,Services,1F2,
Flight Plans,FLIGHT PLAN-FULL-RC#301255,Services,1F2,
Flight Plans,FLIGHT PLAN-FULL-RC#301265,Services,1F2,
Flight Plans,FLIGHT PLAN-FULL-RC#301268,Services,1F2,
Flight Plans,FLIGHT PLAN-FULL-RC#301410,Services,1F2,
Flight Plans,FLIGHT PLAN-FULL-RC#301511,Services,1F2,
Flight Plans,FLIGHT PLAN-FULL-RC#302117,Services,1F2,
Flight Plans,FLIGHT PLAN-FULL-RC#302194,Services,1F2,
Flight Plans,FLIGHT PLAN-FULL-RC#302266,Services,1F2,
Flight Plans,FLIGHT PLAN-FULL-RC#302267,Services,1F2,
Flight Plans,FLIGHT PLAN-FULL-RC#302417,Services,1F2,
Flight Plans,FLIGHT PLAN-FULL-RC#302813,Services,1F2,
Flight Plans,FLIGHT PLAN-FULL-RC#302815,Services,1F2,
Flight Plans,FLIGHT PLAN-FULL-RC#303134,Services,1F2,
Flight Plans,FLIGHT PLAN-FULL-RC#303216,Services,1F2,
Flight Plans,FLIGHT PLAN-FULL-RC#303219,Services,1F2,
Flight Plans,FLIGHT PLAN-FULL-RC#303284,Services,1F2,
Flight Plans,FLIGHT PLAN-FULL-RC#303285,Services,1F2,
Flight Plans,FLIGHT PLAN-FULL-RC#303365,Services,1F2,
Flight Plans,FLIGHT PLAN-FULL-RC#303391,Services,1F2,
Flight Plans,FLIGHT PLAN-FULL-RC#303491,Services,1F2,
Flight Plans,FLIGHT PLAN-FULL-RC#303549,Services,1F2,
Flight Plans,FLIGHT PLAN-FULL-RC#303580,Services,1F2,
Flight Plans,FLIGHT PLAN-FULL-RC#303588,Services,1F2,
Flight Plans,FLIGHT PLAN-FULL-RC#303671,Services,1F2,
Flight Plans,FLIGHT PLAN-FULL-RC#303674,Services,1F2,
Flight Plans,FLIGHT PLAN-FULL-RC#303676,Services,1F2,
Flight Plans,FLIGHT PLAN-FULL-RC#303677,Services,1F2,
Flight Plans,FLIGHT PLAN-FULL-RC#303700,Services,1F2,
Flight Plans,FLIGHT PLAN-FULL-RC#303735,Services,1F2,
Flight Plans,FLIGHT PLAN-FULL-RC#303748,Services,1F2,
Flight Plans,FLIGHT PLAN-FULL-RC#304157,Services,1F2,
Flight Plans,FLIGHT PLAN-FULL-RC#304170,Services,1F2,
Flight Plans,FLIGHT PLAN-FULL-RC#304246,Services,1F2,
Flight Plans,FLIGHT PLAN-FULL-RC#304406,Services,1F2,
Flight Plans,FLIGHT PLAN-FULL-RC#304417,Services,1F2,
Flight Plans,FLIGHT PLAN-FULL-RC#304571,Services,1F2,
Flight Plans,FLIGHT PLAN-FULL-RC#304624,Services,1F2,
Flight Plans,FLIGHT PLAN-FULL-RC#304689,Services,1F2,
Flight Plans,FLIGHT PLAN-FULL-RC#304693,Services,1F2,
Flight Plans,FLIGHT PLAN-FULL-RC#304757,Services,1F2,
Flight Plans,FLIGHT PLAN-FULL-RC#304758,Services,1F2,
Flight Plans,FLIGHT PLAN-FULL-RC#304760,Services,1F2,
Flight Plans,FLIGHT PLAN-FULL-RC#304821,Services,1F2,
Flight Plans,FLIGHT PLAN-FULL-RC#305327,Services,1F2,
Flight Plans,FLIGHT PLAN-FULL-RC#305372,Services,1F2,
Flight Plans,FLIGHT PLAN-FULL-RC#305381,Services,1F2,
Flight Plans,FLIGHT PLAN-FULL-RC#305555,Services,1F2,
Flight Plans,FLIGHT PLAN-FULL-RC#306045,Services,1F2,
Flight Plans,FLIGHT PLAN-FULL-RC#306046,Services,1F2,
Flight Plans,FLIGHT PLAN-FULL-RC#306050,Services,1F2,
Flight Plans,FLIGHT PLAN-FULL-RC#306070,Services,1F2,
Flight Plans,FLIGHT PLAN-FULL-RC#306071,Services,1F2,
Flight Plans,FLIGHT PLAN-FULL-RC#306082,Services,1F2,
Flight Plans,FLIGHT PLAN-FULL-RC#306128,Services,1F2,
Flight Plans,FLIGHT PLAN-FULL-RC#306343,Services,1F2,
Flight Plans,FLIGHT PLAN-FULL-RC#306492,Services,1F2,
Flight Plans,FLIGHT PLAN-FULL-RC#306934,Services,1F2,
Flight Plans,FLIGHT PLAN-FULL-RC#307335,Services,1F2,
Flight Plans,FLIGHT PLAN-FULL-RC#307337,Services,1F2,
Flight Plans,FLIGHT PLAN-FULL-RC#307339,Services,1F2,
Flight Plans,FLIGHT PLAN-FULL-RC#307367,Services,1F2,
Flight Plans,FLIGHT PLAN-FULL-RC#307848,Services,1F2,
Flight Plans,FLIGHT PLAN-FULL-RC#307864,Services,1F2,
Flight Plans,FLIGHT PLAN-FULL-RC#307875,Services,1F2,
Flight Plans,FLIGHT PLAN-FULL-RC#307888,Services,1F2,
Flight Plans,FLIGHT PLAN-FULL-RC#308075,Services,1F2,
Flight Plans,FLIGHT PLAN-FULL-RC#308196,Services,1F2,
Flight Plans,FLIGHT PLAN-FULL-RC#308215,Services,1F2,
Flight Plans,FLIGHT PLAN-FULL-RC#308242,Services,1F2,
Flight Plans,FLIGHT PLAN-FULL-RC#308243,Services,1F2,
Flight Plans,FLIGHT PLAN-FULL-RC#308296,Services,1F2,
Flight Plans,FLIGHT PLAN-FULL-RC#308303,Services,1F2,
Flight Plans,FLIGHT PLAN-FULL-RC#308309,Services,1F2,
Flight Plans,FLIGHT PLAN-FULL-RC#308320,Services,1F2,
Flight Plans,FLIGHT PLAN-FULL-RC#308372,Services,1F2,
Flight Plans,FLIGHT PLAN-FULL-RC#308489,Services,1F2,
Flight Plans,FLIGHT PLAN-FULL-RC#308585,Services,1F2,
Flight Plans,FLIGHT PLAN-FULL-RC#308786,Services,1F2,
Flight Plans,FLIGHT PLAN-FULL-RC#308793,Services,1F2,
Flight Plans,FLIGHT PLAN-FULL-RC#308824,Services,1F2,
Flight Plans,FLIGHT PLAN-FULL-RC#309046,Services,1F2,
Flight Plans,FLIGHT PLAN-FULL-RC#309272,Services,1F2,
Flight Plans,FLIGHT PLAN-FULL-RC#309283,Services,1F2,
Flight Plans,FLIGHT PLAN-FULL-RC#309285,Services,1F2,
Flight Plans,FLIGHT PLAN-FULL-RC#309287,Services,1F2,
Flight Plans,FLIGHT PLAN-FULL-RC#309476,Services,1F2,
Flight Plans,FLIGHT PLAN-FULL-RC#309522,Services,1F2,
Flight Plans,FLIGHT PLAN-FULL-RC#309523,Services,1F2,
Flight Plans,FLIGHT PLAN-FULL-RC#309546,Services,1F2,
Flight Plans,FLIGHT PLAN-FULL-RC#309573,Services,1F2,
Flight Plans,FLIGHT PLAN-FULL-RC#309843,Services,1F2,
Flight Plans,FLIGHT PLAN-FULL-RC#309847,Services,1F2,
Flight Plans,FLIGHT PLAN-FULL-RC#309849,Services,1F2,
Flight Plans,FLIGHT PLAN-FULL-RC#309912,Services,1F2,
Flight Plans,FLIGHT PLAN-FULL-RC#309925,Services,1F2,
Flight Plans,FLIGHT PLAN-FULL-RC#309931,Services,1F2,
Flight Plans,FLIGHT PLAN-FULL-RC#309933,Services,1F2,
Flight Plans,FLIGHT PLAN-FULL-RC#309937,Services,1F2,
Flight Plans,FLIGHT PLAN-FULL-RC#309955,Services,1F2,
Flight Plans,FLIGHT PLAN-FULL-RC#309956,Services,1F2,
Flight Plans,FLIGHT PLAN-FULL-RC#309979,Services,1F2,
Flight Plans,FLIGHT PLAN-FULL-RC#310338,Services,1F2,
Flight Plans,FLIGHT PLAN-FULL-RC#310463,Services,1F2,
Flight Plans,FLIGHT PLAN-FULL-RC#310464,Services,1F2,
Flight Plans,FLIGHT PLAN-FULL-RC#310528,Services,1F2,
Flight Plans,FLIGHT PLAN-FULL-RC#310573,Services,1F2,
Flight Plans,FLIGHT PLAN-FULL-RC#310578,Services,1F2,
Flight Plans,FLIGHT PLAN-FULL-RC#310670,Services,1F2,
Flight Plans,FLIGHT PLAN-FULL-RC#310796,Services,1F2,
Flight Plans,FLIGHT PLAN-FULL-RC#310803,Services,1F2,
Flight Plans,FLIGHT PLAN-FULL-RC#311136,Services,1F2,
Flight Plans,FLIGHT PLAN-FULL-RC#311558,Services,1F2,
Flight Plans,FLIGHT PLAN-FULL-RC#311664,Services,1F2,
Flight Plans,FLIGHT PLAN-FULL-RC#311830,Services,1F2,
Flight Plans,FLIGHT PLAN-FULL-RC#311893,Services,1F2,
Flight Plans,FLIGHT PLAN-FULL-RC#311901,Services,1F2,
Flight Plans,FLIGHT PLAN-FULL-RC#311960,Services,1F2,
Flight Plans,FLIGHT PLAN-FULL-RC#312292,Services,1F2,
Flight Plans,FLIGHT PLAN-FULL-RC#312549,Services,1F2,
Flight Plans,FLIGHT PLAN-FULL-RC#312855,Services,1F2,
Flight Plans,FLIGHT PLAN-FULL-RC#313439,Services,1F2,
Flight Plans,FLIGHT PLAN-FULL-RC#313511,Services,1F2,
Flight Plans,FLIGHT PLAN-FULL-RC#313697,Services,1F2,
Flight Plans,FLIGHT PLAN-FULL-RC#313753,Services,1F2,
Flight Plans,FLIGHT PLAN-FULL-RC#313760,Services,1F2,
Flight Plans,FLIGHT PLAN-FULL-RC#313764,Services,1F2,
Flight Plans,FLIGHT PLAN-FULL-RC#313879,Services,1F2,
Flight Plans,FLIGHT PLAN-FULL-RC#313892,Services,1F2,
Flight Plans,FLIGHT PLAN-FULL-RC#314076,Services,1F2,
Flight Plans,FLIGHT PLAN-FULL-RC#314122,Services,1F2,
Flight Plans,FLIGHT PLAN-FULL-RC#314123,Services,1F2,
Flight Plans,FLIGHT PLAN-FULL-RC#314124,Services,1F2,
Flight Plans,FLIGHT PLAN-FULL-RC#314399,Services,1F2,
Flight Plans,FLIGHT PLAN-FULL-RC#314404,Services,1F2,
Flight Plans,FLIGHT PLAN-FULL-RC#314483,Services,1F2,
Flight Plans,FLIGHT PLAN-FULL-RC#314513,Services,1F2,
Flight Plans,FLIGHT PLAN-FULL-RC#314704,Services,1F2,
Flight Plans,FLIGHT PLAN-FULL-RC#314733,Services,1F2,
Flight Plans,FLIGHT PLAN-FULL-RC#314740,Services,1F2,
Flight Plans,FLIGHT PLAN-FULL-RC#314816,Services,1F2,
Flight Plans,FLIGHT PLAN-FULL-RC#314827,Services,1F2,
Flight Plans,FLIGHT PLAN-FULL-RC#314910-,Services,1F2,
Flight Plans,FLIGHT PLAN-FULL-RC#314917-,Services,1F2,
Flight Plans,FLIGHT PLAN-FULL-RC#314970,Services,1F2,
Flight Plans,FLIGHT PLAN-FULL-RC#314975,Services,1F2,
Flight Plans,FLIGHT PLAN-FULL-RC#315046,Services,1F2,
Flight Plans,FLIGHT PLAN-FULL-RC#315238,Services,1F2,
Flight Plans,FLIGHT PLAN-FULL-RC#315268,Services,1F2,
Flight Plans,FLIGHT PLAN-FULL-RC#315313,Services,1F2,
Flight Plans,FLIGHT PLAN-FULL-RC#315319,Services,1F2,
Flight Plans,FLIGHT PLAN-FULL-RC#315402,Services,1F2,
Flight Plans,FLIGHT PLAN-FULL-RC#315404-,Services,1F2,
Flight Plans,FLIGHT PLAN-FULL-RC#315407-,Services,1F2,
Flight Plans,FLIGHT PLAN-FULL-RC#315539,Services,1F2,
Flight Plans,FLIGHT PLAN-FULL-RC#315551,Services,1F2,
Flight Plans,FLIGHT PLAN-FULL-RC#315695-,Services,1F2,
Flight Plans,FLIGHT PLAN-FULL-RC#315799,Services,1F2,
Flight Plans,FLIGHT PLAN-FULL-RC#315822,Services,1F2,
Flight Plans,FLIGHT PLAN-FULL-RC#315827,Services,1F2,
Flight Plans,FLIGHT PLAN-FULL-RC#315992,Services,1F2,
Flight Plans,FLIGHT PLAN-FULL-RC#316112,Services,1F2,
Flight Plans,FLIGHT PLAN-FULL-RC#316161,Services,1F2,
Flight Plans,FLIGHT PLAN-FULL-RC#316169,Services,1F2,
Flight Plans,FLIGHT PLAN-FULL-RC#316219,Services,1F2,
Flight Plans,FLIGHT PLAN-FULL-RC#316446,Services,1F2,
Flight Plans,FLIGHT PLAN-FULL-RC#316456,Services,1F2,
Flight Plans,FLIGHT PLAN-FULL-RC#316482,Services,1F2,
Flight Plans,FLIGHT PLAN-FULL-RC#316507,Services,1F2,
Flight Plans,FLIGHT PLAN-FULL-RC#316627,Services,1F2,
Flight Plans,FLIGHT PLAN-FULL-RC#316659,Services,1F2,
Flight Plans,FLIGHT PLAN-FULL-RC#316664,Services,1F2,
Flight Plans,FLIGHT PLAN-FULL-RC#316745,Services,1F2,
Flight Plans,FLIGHT PLAN-FULL-RC#317016,Services,1F2,
Flight Plans,FLIGHT PLAN-FULL-RC#317062,Services,1F2,
Flight Plans,FLIGHT PLAN-FULL-RC#317205,Services,1F2,
Flight Plans,FLIGHT PLAN-FULL-RC#317241,Services,1F2,
Flight Plans,FLIGHT PLAN-FULL-RC#317274,Services,1F2,
Flight Plans,FLIGHT PLAN-FULL-RC#317279,Services,1F2,
Flight Plans,FLIGHT PLAN-FULL-RC#317301,Services,1F2,
Flight Plans,FLIGHT PLAN-FULL-RC#317389,Services,1F2,
Flight Plans,FLIGHT PLAN-FULL-RC#317421,Services,1F2,
Flight Plans,FLIGHT PLAN-FULL-RC#317508,Services,1F2,
Flight Plans,FLIGHT PLAN-FULL-RC#317624,Services,1F2,
Flight Plans,FLIGHT PLAN-FULL-RC#317771,Services,1F2,
Flight Plans,FLIGHT PLAN-FULL-RC#317777,Services,1F2,
Flight Plans,FLIGHT PLAN-FULL-RC#317804,Services,1F2,
Flight Plans,FLIGHT PLAN-FULL-RC#317806,Services,1F2,
Flight Plans,FLIGHT PLAN-FULL-RC#318016,Services,1F2,
Flight Plans,FLIGHT PLAN-FULL-RC#318121,Services,1F2,
Flight Plans,FLIGHT PLAN-FULL-RC#318158,Services,1F2,
Flight Plans,FLIGHT PLAN-FULL-RC#318246,Services,1F2,
Flight Plans,FLIGHT PLAN-FULL-RC#318265,Services,1F2,
Flight Plans,FLIGHT PLAN-FULL-RC#318276,Services,1F2,
Flight Plans,FLIGHT PLAN-FULL-RC#318305,Services,1F2,
Flight Plans,FLIGHT PLAN-FULL-RC#318375,Services,1F2,
Flight Plans,FLIGHT PLAN-FULL-RC#318674,Services,1F2,
Flight Plans,FLIGHT PLAN-FULL-RC#318680,Services,1F2,
Flight Plans,FLIGHT PLAN-FULL-RC#318684,Services,1F2,
Flight Plans,FLIGHT PLAN-FULL-RC#318685,Services,1F2,
Flight Plans,FLIGHT PLAN-FULL-RC#318700,Services,1F2,
Flight Plans,FLIGHT PLAN-FULL-RC#318711,Services,1F2,
Flight Plans,FLIGHT PLAN-FULL-RC#318721,Services,1F2,
Flight Plans,FLIGHT PLAN-FULL-RC#318722,Services,1F2,
Flight Plans,FLIGHT PLAN-FULL-RC#318728,Services,1F2,
Flight Plans,FLIGHT PLAN-FULL-RC#318760,Services,1F2,
Flight Plans,FLIGHT PLAN-FULL-RC#318775,Services,1F2,
Flight Plans,FLIGHT PLAN-FULL-RC#318917,Services,1F2,
Flight Plans,FLIGHT PLAN-FULL-RC#318965,Services,1F2,
Flight Plans,FLIGHT PLAN-FULL-RC#319048,Services,1F2,
Flight Plans,FLIGHT PLAN-FULL-RC#319058,Services,1F2,
Flight Plans,FLIGHT PLAN-FULL-RC#319122,Services,1F2,
Flight Plans,FLIGHT PLAN-FULL-RC#319138,Services,1F2,
Flight Plans,FLIGHT PLAN-FULL-RC#319177,Services,1F2,
Flight Plans,FLIGHT PLAN-FULL-RC#319178,Services,1F2,
Flight Plans,FLIGHT PLAN-FULL-RC#319179,Services,1F2,
Flight Plans,FLIGHT PLAN-FULL-RC#319180,Services,1F2,
Flight Plans,FLIGHT PLAN-FULL-RC#319183,Services,1F2,
Flight Plans,FLIGHT PLAN-FULL-RC#319193,Services,1F2,
Flight Plans,FLIGHT PLAN-FULL-RC#319267,Services,1F2,
Flight Plans,FLIGHT PLAN-FULL-RC#319321,Services,1F2,
Flight Plans,FLIGHT PLAN-FULL-RC#319349,Services,1F2,
Flight Plans,FLIGHT PLAN-FULL-RC#319350,Services,1F2,
Flight Plans,FLIGHT PLAN-FULL-RC#319382,Services,1F2,
Flight Plans,FLIGHT PLAN-FULL-RC#319384,Services,1F2,
Flight Plans,FLIGHT PLAN-FULL-RC#319406,Services,1F2,
Flight Plans,FLIGHT PLAN-FULL-RC#319410,Services,1F2,
Flight Plans,FLIGHT PLAN-FULL-RC#319423,Services,1F2,
Flight Plans,FLIGHT PLAN-FULL-RC#319424,Services,1F2,
Flight Plans,FLIGHT PLAN-FULL-RC#319439,Services,1F2,
Flight Plans,FLIGHT PLAN-FULL-RC#319441,Services,1F2,
Flight Plans,FLIGHT PLAN-FULL-RC#319458,Services,1F2,
Flight Plans,FLIGHT PLAN-FULL-RC#319466,Services,1F2,
Flight Plans,FLIGHT PLAN-FULL-RC#319471,Services,1F2,
Flight Plans,FLIGHT PLAN-FULL-RC#319480,Services,1F2,
Flight Plans,FLIGHT PLAN-FULL-RC#319536,Services,1F2,
Flight Plans,FLIGHT PLAN-FULL-RC#319547,Services,1F2,
Flight Plans,FLIGHT PLAN-FULL-RC#319555,Services,1F2,
Flight Plans,FLIGHT PLAN-FULL-RC#319570,Services,1F2,
Flight Plans,FLIGHT PLAN-FULL-RC#319572,Services,1F2,
Flight Plans,FLIGHT PLAN-FULL-RC#319643-,Services,1F2,
Flight Plans,FLIGHT PLAN-FULL-RC#319665,Services,1F2,
Flight Plans,FLIGHT PLAN-FULL-RC#319668,Services,1F2,
Flight Plans,FLIGHT PLAN-FULL-RC#319764,Services,1F2,
Flight Plans,FLIGHT PLAN-FULL-RC#319803,Services,1F2,
Flight Plans,FLIGHT PLAN-FULL-RC#319812,Services,1F2,
Flight Plans,FLIGHT PLAN-FULL-RC#319829,Services,1F2,
Flight Plans,FLIGHT PLAN-FULL-RC#319830,Services,1F2,
Flight Plans,FLIGHT PLAN-FULL-RC#319832,Services,1F2,
Flight Plans,FLIGHT PLAN-FULL-RC#319841,Services,1F2,
Flight Plans,FLIGHT PLAN-FULL-RC#319843,Services,1F2,
Flight Plans,FLIGHT PLAN-FULL-RC#319906,Services,1F2,
Flight Plans,FLIGHT PLAN-FULL-RC#319908,Services,1F2,
Flight Plans,FLIGHT PLAN-FULL-RC#319957,Services,1F2,
Flight Plans,FLIGHT PLAN-FULL-RC#319998,Services,1F2,
Flight Plans,FLIGHT PLAN-FULL-RC#320027,Services,1F2,
Flight Plans,FLIGHT PLAN-FULL-RC#320034,Services,1F2,
Flight Plans,FLIGHT PLAN-FULL-RC#320037,Services,1F2,
Flight Plans,FLIGHT PLAN-FULL-RC#320055,Services,1F2,
Flight Plans,FLIGHT PLAN-FULL-RC#320075,Services,1F2,
Flight Plans,FLIGHT PLAN-FULL-RC#320093,Services,1F2,
Flight Plans,FLIGHT PLAN-FULL-RC#320128,Services,1F2,
Flight Plans,FLIGHT PLAN-FULL-RC#320162,Services,1F2,
Flight Plans,FLIGHT PLAN-FULL-RC#320213-,Services,1F2,
Flight Plans,FLIGHT PLAN-FULL-RC#320222-,Services,1F2,
Flight Plans,FLIGHT PLAN-FULL-RC#320291,Services,1F2,
Flight Plans,FLIGHT PLAN-FULL-RC#320294,Services,1F2,
Flight Plans,FLIGHT PLAN-FULL-RC#320297,Services,1F2,
Flight Plans,FLIGHT PLAN-FULL-RC#320299,Services,1F2,
Flight Plans,FLIGHT PLAN-FULL-RC#320306,Services,1F2,
Flight Plans,FLIGHT PLAN-FULL-RC#320308,Services,1F2,
Flight Plans,FLIGHT PLAN-FULL-RC#320314,Services,1F2,
Flight Plans,FLIGHT PLAN-FULL-RC#320315,Services,1F2,
Flight Plans,FLIGHT PLAN-FULL-RC#320327,Services,1F2,
Flight Plans,FLIGHT PLAN-FULL-RC#320332,Services,1F2,
Flight Plans,FLIGHT PLAN-FULL-RC#320348,Services,1F2,
Flight Plans,FLIGHT PLAN-FULL-RC#320349,Services,1F2,
Flight Plans,FLIGHT PLAN-FULL-RC#320458,Services,1F2,
Flight Plans,FLIGHT PLAN-FULL-RC#320467,Services,1F2,
Flight Plans,FLIGHT PLAN-FULL-RC#320468,Services,1F2,
Flight Plans,FLIGHT PLAN-FULL-RC#320492,Services,1F2,
Flight Plans,FLIGHT PLAN-FULL-RC#320511,Services,1F2,
Flight Plans,FLIGHT PLAN-FULL-RC#320512,Services,1F2,
Flight Plans,FLIGHT PLAN-FULL-RC#320531,Services,1F2,
Flight Plans,FLIGHT PLAN-FULL-RC#320533,Services,1F2,
Flight Plans,FLIGHT PLAN-FULL-RC#320538,Services,1F2,
Flight Plans,FLIGHT PLAN-FULL-RC#320566,Services,1F2,
Flight Plans,FLIGHT PLAN-FULL-RC#320567,Services,1F2,
Flight Plans,FLIGHT PLAN-FULL-RC#320593,Services,1F2,
Flight Plans,FLIGHT PLAN-FULL-RC#320596,Services,1F2,
Flight Plans,FLIGHT PLAN-FULL-RC#320605,Services,1F2,
Flight Plans,FLIGHT PLAN-FULL-RC#320607,Services,1F2,
Flight Plans,FLIGHT PLAN-FULL-RC#320648,Services,1F2,
Flight Plans,FLIGHT PLAN-FULL-RC#320663,Services,1F2,
Flight Plans,FLIGHT PLAN-FULL-RC#320668,Services,1F2,
Flight Plans,FLIGHT PLAN-FULL-RC#320738,Services,1F2,
Flight Plans,FLIGHT PLAN-FULL-RC#320741,Services,1F2,
Flight Plans,FLIGHT PLAN-FULL-RC#320743,Services,1F2,
Flight Plans,FLIGHT PLAN-FULL-RC#320760,Services,1F2,
Flight Plans,FLIGHT PLAN-FULL-RC#320790,Services,1F2,
Flight Plans,FLIGHT PLAN-FULL-RC#320865,Services,1F2,
Flight Plans,FLIGHT PLAN-FULL-RC#320870,Services,1F2,
Flight Plans,FLIGHT PLAN-FULL-RC#320881,Services,1F2,
Flight Plans,FLIGHT PLAN-FULL-RC#320886,Services,1F2,
Flight Plans,FLIGHT PLAN-FULL-RC#320889,Services,1F2,
Flight Plans,FLIGHT PLAN-FULL-RC#320939,Services,1F2,
Flight Plans,FLIGHT PLAN-FULL-RC#320944,Services,1F2,
Flight Plans,FLIGHT PLAN-FULL-RC#320945,Services,1F2,
Flight Plans,FLIGHT PLAN-FULL-RC#321134,Services,1F2,
Flight Plans,FLIGHT PLAN-FULL-RC#321154,Services,1F2,
Flight Plans,FLIGHT PLAN-FULL-RC#321224,Services,1F2,
Flight Plans,FLIGHT PLAN-FULL-RC#321226,Services,1F2,
Flight Plans,FLIGHT PLAN-FULL-RC#321228,Services,1F2,
Flight Plans,FLIGHT PLAN-FULL-RC#321247,Services,1F2,
Flight Plans,FLIGHT PLAN-FULL-RC#321268,Services,1F2,
Flight Plans,FLIGHT PLAN-FULL-RC#321286,Services,1F2,
Flight Plans,FLIGHT PLAN-FULL-RC#321287,Services,1F2,
Flight Plans,FLIGHT PLAN-FULL-RC#321523,Services,1F2,
Flight Plans,FLIGHT PLAN-FULL-RC#321525,Services,1F2,
Flight Plans,FLIGHT PLAN-FULL-RC#321532,Services,1F2,
Flight Plans,FLIGHT PLAN-FULL-RC#321569,Services,1F2,
Flight Plans,FLIGHT PLAN-FULL-RC#321580,Services,1F2,
Flight Plans,FLIGHT PLAN-FULL-RC#321586,Services,1F2,
Flight Plans,FLIGHT PLAN-FULL-RC#321588,Services,1F2,
Flight Plans,FLIGHT PLAN-FULL-RC#321589,Services,1F2,
Flight Plans,FLIGHT PLAN-FULL-RC#321596,Services,1F2,
Flight Plans,FLIGHT PLAN-FULL-RC#321623,Services,1F2,
Flight Plans,FLIGHT PLAN-FULL-RC#321736,Services,1F2,
Flight Plans,FLIGHT PLAN-FULL-RC#321861,Services,1F2,
Flight Plans,FLIGHT PLAN-FULL-RC#321911,Services,1F2,
Flight Plans,FLIGHT PLAN-FULL-RC#321933,Services,1F2,
Flight Plans,FLIGHT PLAN-FULL-RC#321934,Services,1F2,
Flight Plans,FLIGHT PLAN-FULL-RC#321948,Services,1F2,
Flight Plans,FLIGHT PLAN-FULL-RC#321955,Services,1F2,
Flight Plans,FLIGHT PLAN-FULL-RC#321964,Services,1F2,
Flight Plans,FLIGHT PLAN-FULL-RC#321969,Services,1F2,
Flight Plans,FLIGHT PLAN-FULL-RC#321971,Services,1F2,
Flight Plans,FLIGHT PLAN-FULL-RC#321973,Services,1F2,
Flight Plans,FLIGHT PLAN-FULL-RC#321979,Services,1F2,
Flight Plans,FLIGHT PLAN-FULL-RC#322000,Services,1F2,
Flight Plans,FLIGHT PLAN-FULL-RC#322069,Services,1F2,
Flight Plans,FLIGHT PLAN-FULL-RC#322088,Services,1F2,
Flight Plans,FLIGHT PLAN-FULL-RC#322097,Services,1F2,
Flight Plans,FLIGHT PLAN-FULL-RC#322110,Services,1F2,
Flight Plans,FLIGHT PLAN-FULL-RC#322147,Services,1F2,
Flight Plans,FLIGHT PLAN-FULL-RC#322184,Services,1F2,
Flight Plans,FLIGHT PLAN-FULL-RC#322187,Services,1F2,
Flight Plans,FLIGHT PLAN-FULL-RC#322209,Services,1F2,
Flight Plans,FLIGHT PLAN-FULL-RC#322232,Services,1F2,
Flight Plans,FLIGHT PLAN-FULL-RC#322235,Services,1F2,
Flight Plans,FLIGHT PLAN-FULL-RC#322250,Services,1F2,
Flight Plans,FLIGHT PLAN-FULL-RC#322306,Services,1F2,
Flight Plans,FLIGHT PLAN-FULL-RC#322312,Services,1F2,
Flight Plans,FLIGHT PLAN-FULL-RC#322366,Services,1F2,
Flight Plans,FLIGHT PLAN-FULL-RC#322373,Services,1F2,
Flight Plans,FLIGHT PLAN-FULL-RC#322403,Services,1F2,
Flight Plans,FLIGHT PLAN-FULL-RC#322448,Services,1F2,
Flight Plans,FLIGHT PLAN-FULL-RC#322452,Services,1F2,
Flight Plans,FLIGHT PLAN-FULL-RC#322464,Services,1F2,
Flight Plans,FLIGHT PLAN-FULL-RC#322470,Services,1F2,
Flight Plans,FLIGHT PLAN-FULL-RC#322480,Services,1F2,
Flight Plans,FLIGHT PLAN-FULL-RC#322486,Services,1F2,
Flight Plans,FLIGHT PLAN-FULL-RC#322500,Services,1F2,
Flight Plans,FLIGHT PLAN-FULL-RC#322501,Services,1F2,
Flight Plans,FLIGHT PLAN-FULL-RC#322518,Services,1F2,
Flight Plans,FLIGHT PLAN-FULL-RC#322543,Services,1F2,
Flight Plans,FLIGHT PLAN-FULL-RC#322548,Services,1F2,
Flight Plans,FLIGHT PLAN-FULL-RC#322551,Services,1F2,
Flight Plans,FLIGHT PLAN-FULL-RC#322553,Services,1F2,
Flight Plans,FLIGHT PLAN-FULL-RC#322568,Services,1F2,
Flight Plans,FLIGHT PLAN-FULL-RC#322570,Services,1F2,
Flight Plans,FLIGHT PLAN-FULL-RC#322573,Services,1F2,
Flight Plans,FLIGHT PLAN-FULL-RC#322575,Services,1F2,
Flight Plans,FLIGHT PLAN-FULL-RC#322584,Services,1F2,
Flight Plans,FLIGHT PLAN-FULL-RC#322600,Services,1F2,
Flight Plans,FLIGHT PLAN-FULL-RC#322613,Services,1F2,
Flight Plans,FLIGHT PLAN-FULL-RC#322614,Services,1F2,
Flight Plans,FLIGHT PLAN-FULL-RC#322627,Services,1F2,
Flight Plans,FLIGHT PLAN-FULL-RC#322632,Services,1F2,
Flight Plans,FLIGHT PLAN-FULL-RC#322638,Services,1F2,
Flight Plans,FLIGHT PLAN-FULL-RC#322670,Services,1F2,
Flight Plans,FLIGHT PLAN-FULL-RC#322692,Services,1F2,
Flight Plans,FLIGHT PLAN-FULL-RC#322697,Services,1F2,
Flight Plans,FLIGHT PLAN-FULL-RC#322788,Services,1F2,
Flight Plans,FLIGHT PLAN-FULL-RC#322789,Services,1F2,
Flight Plans,FLIGHT PLAN-FULL-RC#322802,Services,1F2,
Flight Plans,FLIGHT PLAN-FULL-RC#322804,Services,1F2,
Flight Plans,FLIGHT PLAN-FULL-RC#322812,Services,1F2,
Flight Plans,FLIGHT PLAN-FULL-RC#322852,Services,1F2,
Flight Plans,FLIGHT PLAN-FULL-RC#322863,Services,1F2,
Flight Plans,FLIGHT PLAN-FULL-RC#322864,Services,1F2,
Flight Plans,FLIGHT PLAN-FULL-RC#322865,Services,1F2,
Flight Plans,FLIGHT PLAN-FULL-RC#322907,Services,1F2,
Flight Plans,FLIGHT PLAN-FULL-RC#322908,Services,1F2,
Flight Plans,FLIGHT PLAN-FULL-RC#322910,Services,1F2,
Flight Plans,FLIGHT PLAN-FULL-RC#322929,Services,1F2,
Flight Plans,FLIGHT PLAN-FULL-RC#322930,Services,1F2,
Flight Plans,FLIGHT PLAN-FULL-RC#322933,Services,1F2,
Flight Plans,FLIGHT PLAN-FULL-RC#322936,Services,1F2,
Flight Plans,FLIGHT PLAN-FULL-RC#322941,Services,1F2,
Flight Plans,FLIGHT PLAN-FULL-RC#322981,Services,1F2,
Flight Plans,FLIGHT PLAN-FULL-RC#323008,Services,1F2,
Flight Plans,FLIGHT PLAN-FULL-RC#323021,Services,1F2,
Flight Plans,FLIGHT PLAN-FULL-RC#323036,Services,1F2,
Flight Plans,FLIGHT PLAN-FULL-RC#323038,Services,1F2,
Flight Plans,FLIGHT PLAN-FULL-RC#323052,Services,1F2,
Flight Plans,FLIGHT PLAN-FULL-RC#323057,Services,1F2,
Flight Plans,FLIGHT PLAN-FULL-RC#323061,Services,1F2,
Flight Plans,FLIGHT PLAN-FULL-RC#323068,Services,1F2,
Flight Plans,FLIGHT PLAN-FULL-RC#323069,Services,1F2,
Flight Plans,FLIGHT PLAN-FULL-RC#323070,Services,1F2,
Flight Plans,FLIGHT PLAN-FULL-RC#323080,Services,1F2,
Flight Plans,FLIGHT PLAN-FULL-RC#323093,Services,1F2,
Flight Plans,FLIGHT PLAN-FULL-RC#323102,Services,1F2,
Flight Plans,FLIGHT PLAN-FULL-RC#323124,Services,1F2,
Flight Plans,FLIGHT PLAN-FULL-RC#323126,Services,1F2,
Flight Plans,FLIGHT PLAN-FULL-RC#323134,Services,1F2,
Flight Plans,FLIGHT PLAN-FULL-RC#323138,Services,1F2,
Flight Plans,FLIGHT PLAN-FULL-RC#323156,Services,1F2,
Flight Plans,FLIGHT PLAN-FULL-RC#323159,Services,1F2,
Flight Plans,FLIGHT PLAN-FULL-RC#323169,Services,1F2,
Flight Plans,FLIGHT PLAN-FULL-RC#323171,Services,1F2,
Flight Plans,FLIGHT PLAN-FULL-RC#323179,Services,1F2,
Flight Plans,FLIGHT PLAN-FULL-RC#323186,Services,1F2,
Flight Plans,FLIGHT PLAN-FULL-RC#323195,Services,1F2,
Flight Plans,FLIGHT PLAN-FULL-RC#323200,Services,1F2,
Flight Plans,FLIGHT PLAN-FULL-RC#323207,Services,1F2,
Flight Plans,FLIGHT PLAN-FULL-RC#323222,Services,1F2,
Flight Plans,FLIGHT PLAN-FULL-RC#323224,Services,1F2,
Flight Plans,FLIGHT PLAN-FULL-RC#323236,Services,1F2,
Flight Plans,FLIGHT PLAN-FULL-RC#323260,Services,1F2,
Flight Plans,FLIGHT PLAN-FULL-RC#323277,Services,1F2,
Flight Plans,FLIGHT PLAN-FULL-RC#323292,Services,1F2,
Flight Plans,FLIGHT PLAN-FULL-RC#323299,Services,1F2,
Flight Plans,FLIGHT PLAN-FULL-RC#323317,Services,1F2,
Flight Plans,FLIGHT PLAN-FULL-RC#323321,Services,1F2,
Flight Plans,FLIGHT PLAN-FULL-RC#323323,Services,1F2,
Flight Plans,FLIGHT PLAN-FULL-RC#323331,Services,1F2,
Flight Plans,FLIGHT PLAN-FULL-RC#323332,Services,1F2,
Flight Plans,FLIGHT PLAN-FULL-RC#323346,Services,1F2,
Flight Plans,FLIGHT PLAN-FULL-RC#323377,Services,1F2,
Flight Plans,FLIGHT PLAN-FULL-RC#323395,Services,1F2,
Flight Plans,FLIGHT PLAN-FULL-RC#323417,Services,1F2,
Flight Plans,FLIGHT PLAN-FULL-RC#323431,Services,1F2,
Flight Plans,FLIGHT PLAN-FULL-RC#323433,Services,1F2,
Flight Plans,FLIGHT PLAN-FULL-RC#323435,Services,1F2,
Flight Plans,FLIGHT PLAN-FULL-RC#323467,Services,1F2,
Flight Plans,FLIGHT PLAN-FULL-RC#323470,Services,1F2,
Flight Plans,FLIGHT PLAN-FULL-RC#323481,Services,1F2,
Flight Plans,FLIGHT PLAN-FULL-RC#323492,Services,1F2,
Flight Plans,FLIGHT PLAN-FULL-RC#323495,Services,1F2,
Flight Plans,FLIGHT PLAN-FULL-RC#323543,Services,1F2,
Flight Plans,FLIGHT PLAN-FULL-RC#323608,Services,1F2,
Flight Plans,FLIGHT PLAN-FULL-RC#323624,Services,1F2,
Flight Plans,FLIGHT PLAN-FULL-RC#323656,Services,1F2,
Flight Plans,FLIGHT PLAN-FULL-RC#323673,Services,1F2,
Flight Plans,FLIGHT PLAN-FULL-RC#323676,Services,1F2,
Flight Plans,FLIGHT PLAN-FULL-RC#323685,Services,1F2,
Flight Plans,FLIGHT PLAN-FULL-RC#323698,Services,1F2,
Flight Plans,FLIGHT PLAN-FULL-RC#323701,Services,1F2,
Flight Plans,FLIGHT PLAN-FULL-RC#323709,Services,1F2,
Flight Plans,FLIGHT PLAN-FULL-RC#323773,Services,1F2,
Flight Plans,FLIGHT PLAN-FULL-RC#323780,Services,1F2,
Flight Plans,FLIGHT PLAN-FULL-RC#323784,Services,1F2,
Flight Plans,FLIGHT PLAN-FULL-RC#323803,Services,1F2,
Flight Plans,FLIGHT PLAN-FULL-RC#323812,Services,1F2,
Flight Plans,FLIGHT PLAN-FULL-RC#323827,Services,1F2,
Flight Plans,FLIGHT PLAN-FULL-RC#323839,Services,1F2,
Flight Plans,FLIGHT PLAN-FULL-RC#323846,Services,1F2,
Flight Plans,FLIGHT PLAN-FULL-RC#323860,Services,1F2,
Flight Plans,FLIGHT PLAN-FULL-RC#323863,Services,1F2,
Flight Plans,FLIGHT PLAN-FULL-RC#323895,Services,1F2,
Flight Plans,FLIGHT PLAN-FULL-RC#323900,Services,1F2,
Flight Plans,FLIGHT PLAN-FULL-RC#323902,Services,1F2,
Flight Plans,FLIGHT PLAN-FULL-RC#323914,Services,1F2,
Flight Plans,FLIGHT PLAN-FULL-RC#323924,Services,1F2,
Flight Plans,FLIGHT PLAN-FULL-RC#323926,Services,1F2,
Flight Plans,FLIGHT PLAN-FULL-RC#323937,Services,1F2,
Flight Plans,FLIGHT PLAN-FULL-RC#323941,Services,1F2,
Flight Plans,FLIGHT PLAN-FULL-RC#323947,Services,1F2,
Flight Plans,FLIGHT PLAN-FULL-RC#323954,Services,1F2,
Flight Plans,FLIGHT PLAN-FULL-RC#323960,Services,1F2,
Flight Plans,FLIGHT PLAN-FULL-RC#324012,Services,1F2,
Flight Plans,FLIGHT PLAN-FULL-RC#324019,Services,1F2,
Flight Plans,FLIGHT PLAN-FULL-RC#324022,Services,1F2,
Flight Plans,FLIGHT PLAN-FULL-RC#324061,Services,1F2,
Flight Plans,FLIGHT PLAN-FULL-RC#324073,Services,1F2,
Flight Plans,FLIGHT PLAN-FULL-RC#324074,Services,1F2,
Flight Plans,FLIGHT PLAN-FULL-RC#324083,Services,1F2,
Flight Plans,FLIGHT PLAN-FULL-RC#324084,Services,1F2,
Flight Plans,FLIGHT PLAN-FULL-RC#324096,Services,1F2,
Flight Plans,FLIGHT PLAN-FULL-RC#324110,Services,1F2,
Flight Plans,FLIGHT PLAN-FULL-RC#324126,Services,1F2,
Flight Plans,FLIGHT PLAN-FULL-RC#324144,Services,1F2,
Flight Plans,FLIGHT PLAN-FULL-RC#324149,Services,1F2,
Flight Plans,FLIGHT PLAN-FULL-RC#324151,Services,1F2,
Flight Plans,FLIGHT PLAN-FULL-RC#324153,Services,1F2,
Flight Plans,FLIGHT PLAN-FULL-RC#324166,Services,1F2,
Flight Plans,FLIGHT PLAN-FULL-RC#324172,Services,1F2,
Flight Plans,FLIGHT PLAN-FULL-RC#324173,Services,1F2,
Flight Plans,FLIGHT PLAN-FULL-RC#324174,Services,1F2,
Flight Plans,FLIGHT PLAN-FULL-RC#324217,Services,1F2,
Flight Plans,FLIGHT PLAN-FULL-RC#324218,Services,1F2,
Flight Plans,FLIGHT PLAN-FULL-RC#324221,Services,1F2,
Flight Plans,FLIGHT PLAN-FULL-RC#324223,Services,1F2,
Flight Plans,FLIGHT PLAN-FULL-RC#324229,Services,1F2,
Flight Plans,FLIGHT PLAN-FULL-RC#324230,Services,1F2,
Flight Plans,FLIGHT PLAN-FULL-RC#324232,Services,1F2,
Flight Plans,FLIGHT PLAN-FULL-RC#324238,Services,1F2,
Flight Plans,FLIGHT PLAN-FULL-RC#324240,Services,1F2,
Flight Plans,FLIGHT PLAN-FULL-RC#324252,Services,1F2,
Flight Plans,FLIGHT PLAN-FULL-RC#324257,Services,1F2,
Flight Plans,FLIGHT PLAN-FULL-RC#324261,Services,1F2,
Flight Plans,FLIGHT PLAN-FULL-RC#324266,Services,1F2,
Flight Plans,FLIGHT PLAN-FULL-RC#324279,Services,1F2,
Flight Plans,FLIGHT PLAN-FULL-RC#324292,Services,1F2,
Flight Plans,FLIGHT PLAN-FULL-RC#324299,Services,1F2,
Flight Plans,FLIGHT PLAN-FULL-RC#324306,Services,1F2,
Flight Plans,FLIGHT PLAN-FULL-RC#324316,Services,1F2,
Flight Plans,FLIGHT PLAN-FULL-RC#324331,Services,1F2,
Flight Plans,FLIGHT PLAN-FULL-RC#324358,Services,1F2,
Flight Plans,FLIGHT PLAN-FULL-RC#324369,Services,1F2,
Flight Plans,FLIGHT PLAN-FULL-RC#324397,Services,1F2,
Flight Plans,FLIGHT PLAN-FULL-RC#324398,Services,1F2,
Flight Plans,FLIGHT PLAN-FULL-RC#324453,Services,1F2,
Flight Plans,FLIGHT PLAN-FULL-RC#324460,Services,1F2,
Flight Plans,FLIGHT PLAN-FULL-RC#324596,Services,1F2,
Flight Plans,FLIGHT PLAN-FULL-RC#324630,Services,1F2,
Flight Plans,FLIGHT PLAN-FULL-RC#324638,Services,1F2,
Flight Plans,FLIGHT PLAN-FULL-RC#324700,Services,1F2,
Flight Plans,FLIGHT PLAN-FULL-RC#324702,Services,1F2,
Flight Plans,FLIGHT PLAN-FULL-RC#324703,Services,1F2,
Flight Plans,FLIGHT PLAN-FULL-RC#324705,Services,1F2,
Flight Plans,FLIGHT PLAN-FULL-RC#324706,Services,1F2,
Flight Plans,FLIGHT PLAN-FULL-RC#324711,Services,1F2,
Flight Plans,FLIGHT PLAN-FULL-RC#324714,Services,1F2,
Flight Plans,FLIGHT PLAN-FULL-RC#324740,Services,1F2,
Flight Plans,FLIGHT PLAN-FULL-RC#324748,Services,1F2,
Flight Plans,FLIGHT PLAN-FULL-RC#324750,Services,1F2,
Flight Plans,FLIGHT PLAN-FULL-RC#324751,Services,1F2,
Flight Plans,FLIGHT PLAN-FULL-RC#324758,Services,1F2,
Flight Plans,FLIGHT PLAN-FULL-RC#324759,Services,1F2,
Flight Plans,FLIGHT PLAN-FULL-RC#324761,Services,1F2,
Flight Plans,FLIGHT PLAN-FULL-RC#324773,Services,1F2,
Flight Plans,FLIGHT PLAN-FULL-RC#324774,Services,1F2,
Flight Plans,FLIGHT PLAN-FULL-RC#324779,Services,1F2,
Flight Plans,FLIGHT PLAN-FULL-RC#324795,Services,1F2,
Flight Plans,FLIGHT PLAN-FULL-RC#324802,Services,1F2,
Flight Plans,FLIGHT PLAN-FULL-RC#324804,Services,1F2,
Flight Plans,FLIGHT PLAN-FULL-RC#324824,Services,1F2,
Flight Plans,FLIGHT PLAN-FULL-RC#324828,Services,1F2,
Flight Plans,FLIGHT PLAN-FULL-RC#324844,Services,1F2,
Flight Plans,FLIGHT PLAN-FULL-RC#324860,Services,1F2,
Flight Plans,FLIGHT PLAN-FULL-RC#324863,Services,1F2,
Flight Plans,FLIGHT PLAN-FULL-RC#324869,Services,1F2,
Flight Plans,FLIGHT PLAN-FULL-RC#324873,Services,1F2,
Flight Plans,FLIGHT PLAN-FULL-RC#324875,Services,1F2,
Flight Plans,FLIGHT PLAN-FULL-RC#324876,Services,1F2,
Flight Plans,FLIGHT PLAN-FULL-RC#324883,Services,1F2,
Flight Plans,FLIGHT PLAN-FULL-RC#324922,Services,1F2,
Flight Plans,FLIGHT PLAN-FULL-RC#324925,Services,1F2,
Flight Plans,FLIGHT PLAN-FULL-RC#324928,Services,1F2,
Flight Plans,FLIGHT PLAN-FULL-RC#325008,Services,1F2,
Flight Plans,FLIGHT PLAN-FULL-RC#325052,Services,1F2,
Flight Plans,FLIGHT PLAN-FULL-RC#325055,Services,1F2,
Flight Plans,FLIGHT PLAN-FULL-RC#325095,Services,1F2,
Flight Plans,FLIGHT PLAN-FULL-RC#325111,Services,1F2,
Flight Plans,FLIGHT PLAN-FULL-RC#325218,Services,1F2,
Flight Plans,FLIGHT PLAN-FULL-RC#325227,Services,1F2,
Flight Plans,FLIGHT PLAN-FULL-RC#325237,Services,1F2,
Flight Plans,FLIGHT PLAN-FULL-RC#325240,Services,1F2,
Flight Plans,FLIGHT PLAN-FULL-RC#325244,Services,1F2,
Flight Plans,FLIGHT PLAN-FULL-RC#325262,Services,1F2,
Flight Plans,FLIGHT PLAN-FULL-RC#325265,Services,1F2,
Flight Plans,FLIGHT PLAN-FULL-RC#325274,Services,1F2,
Flight Plans,FLIGHT PLAN-FULL-RC#325305,Services,1F2,
Flight Plans,FLIGHT PLAN-FULL-RC#325306,Services,1F2,
Flight Plans,FLIGHT PLAN-FULL-RC#325308,Services,1F2,
Flight Plans,FLIGHT PLAN-FULL-RC#325309,Services,1F2,
Flight Plans,FLIGHT PLAN-FULL-RC#325313,Services,1F2,
Flight Plans,FLIGHT PLAN-FULL-RC#325319,Services,1F2,
Flight Plans,FLIGHT PLAN-FULL-RC#325339,Services,1F2,
Flight Plans,FLIGHT PLAN-FULL-RC#325341,Services,1F2,
Flight Plans,FLIGHT PLAN-FULL-RC#325343,Services,1F2,
Flight Plans,FLIGHT PLAN-FULL-RC#325346,Services,1F2,
Flight Plans,FLIGHT PLAN-FULL-RC#325351,Services,1F2,
Flight Plans,FLIGHT PLAN-FULL-RC#325352,Services,1F2,
Flight Plans,FLIGHT PLAN-FULL-RC#325354,Services,1F2,
Flight Plans,FLIGHT PLAN-FULL-RC#325356,Services,1F2,
Flight Plans,FLIGHT PLAN-FULL-RC#325357,Services,1F2,
Flight Plans,FLIGHT PLAN-FULL-RC#325362,Services,1F2,
Flight Plans,FLIGHT PLAN-FULL-RC#325363,Services,1F2,
Flight Plans,FLIGHT PLAN-FULL-RC#325378,Services,1F2,
Flight Plans,FLIGHT PLAN-FULL-RC#325382,Services,1F2,
Flight Plans,FLIGHT PLAN-FULL-RC#325383,Services,1F2,
Flight Plans,FLIGHT PLAN-FULL-RC#325391,Services,1F2,
Flight Plans,FLIGHT PLAN-FULL-RC#325436,Services,1F2,
Flight Plans,FLIGHT PLAN-FULL-RC#325472,Services,1F2,
Flight Plans,FLIGHT PLAN-FULL-RC#325475,Services,1F2,
Flight Plans,FLIGHT PLAN-FULL-RC#325478,Services,1F2,
Flight Plans,FLIGHT PLAN-FULL-RC#325479,Services,1F2,
Flight Plans,FLIGHT PLAN-FULL-RC#325485,Services,1F2,
Flight Plans,FLIGHT PLAN-FULL-RC#325487,Services,1F2,
Flight Plans,FLIGHT PLAN-FULL-RC#325505,Services,1F2,
Flight Plans,FLIGHT PLAN-FULL-RC#325514,Services,1F2,
Flight Plans,FLIGHT PLAN-FULL-RC#325530,Services,1F2,
Flight Plans,FLIGHT PLAN-FULL-RC#325538,Services,1F2,
Flight Plans,FLIGHT PLAN-FULL-RC#325546,Services,1F2,
Flight Plans,FLIGHT PLAN-FULL-RC#325568,Services,1F2,
Flight Plans,FLIGHT PLAN-FULL-RC#325581,Services,1F2,
Flight Plans,FLIGHT PLAN-FULL-RC#325610,Services,1F2,
Flight Plans,FLIGHT PLAN-FULL-RC#325621,Services,1F2,
Flight Plans,FLIGHT PLAN-FULL-RC#325632,Services,1F2,
Flight Plans,FLIGHT PLAN-FULL-RC#325665,Services,1F2,
Flight Plans,FLIGHT PLAN-FULL-RC#325672,Services,1F2,
Flight Plans,FLIGHT PLAN-FULL-RC#325677,Services,1F2,
Flight Plans,FLIGHT PLAN-FULL-RC#325678,Services,1F2,
Flight Plans,FLIGHT PLAN-FULL-RC#325684,Services,1F2,
Flight Plans,FLIGHT PLAN-FULL-RC#325689,Services,1F2,
Flight Plans,FLIGHT PLAN-FULL-RC#325692,Services,1F2,
Flight Plans,FLIGHT PLAN-FULL-RC#325696,Services,1F2,
Flight Plans,FLIGHT PLAN-FULL-RC#325706,Services,1F2,
Flight Plans,FLIGHT PLAN-FULL-RC#325708,Services,1F2,
Flight Plans,FLIGHT PLAN-FULL-RC#325716,Services,1F2,
Flight Plans,FLIGHT PLAN-FULL-RC#325718,Services,1F2,
Flight Plans,FLIGHT PLAN-FULL-RC#325719,Services,1F2,
Flight Plans,FLIGHT PLAN-FULL-RC#325721,Services,1F2,
Flight Plans,FLIGHT PLAN-FULL-RC#325731,Services,1F2,
Flight Plans,FLIGHT PLAN-FULL-RC#325738,Services,1F2,
Flight Plans,FLIGHT PLAN-FULL-RC#325743,Services,1F2,
Flight Plans,FLIGHT PLAN-FULL-RC#325746,Services,1F2,
Flight Plans,FLIGHT PLAN-FULL-RC#325747,Services,1F2,
Flight Plans,FLIGHT PLAN-FULL-RC#325749,Services,1F2,
Flight Plans,FLIGHT PLAN-FULL-RC#325759,Services,1F2,
Flight Plans,FLIGHT PLAN-FULL-RC#325763,Services,1F2,
Flight Plans,FLIGHT PLAN-FULL-RC#325765,Services,1F2,
Flight Plans,FLIGHT PLAN-FULL-RC#325770,Services,1F2,
Flight Plans,FLIGHT PLAN-FULL-RC#325776,Services,1F2,
Flight Plans,FLIGHT PLAN-FULL-RC#325777,Services,1F2,
Flight Plans,FLIGHT PLAN-FULL-RC#325780,Services,1F2,
Flight Plans,FLIGHT PLAN-FULL-RC#325781,Services,1F2,
Flight Plans,FLIGHT PLAN-FULL-RC#325783,Services,1F2,
Flight Plans,FLIGHT PLAN-FULL-RC#325796,Services,1F2,
Flight Plans,FLIGHT PLAN-FULL-RC#325804,Services,1F2,
Flight Plans,FLIGHT PLAN-FULL-RC#325809,Services,1F2,
Flight Plans,FLIGHT PLAN-FULL-RC#325833,Services,1F2,
Flight Plans,FLIGHT PLAN-FULL-RC#325837,Services,1F2,
Flight Plans,FLIGHT PLAN-FULL-RC#325881,Services,1F2,
Flight Plans,FLIGHT PLAN-FULL-RC#325891,Services,1F2,
Flight Plans,FLIGHT PLAN-FULL-RC#325895,Services,1F2,
Flight Plans,FLIGHT PLAN-FULL-RC#325918,Services,1F2,
Flight Plans,FLIGHT PLAN-FULL-RC#325936,Services,1F2,
Flight Plans,FLIGHT PLAN-FULL-RC#325937,Services,1F2,
Flight Plans,FLIGHT PLAN-FULL-RC#325938,Services,1F2,
Flight Plans,FLIGHT PLAN-FULL-RC#325947,Services,1F2,
Flight Plans,FLIGHT PLAN-FULL-RC#325950,Services,1F2,
Flight Plans,FLIGHT PLAN-FULL-RC#326023,Services,1F2,
Flight Plans,FLIGHT PLAN-FULL-RC#326031,Services,1F2,
Flight Plans,FLIGHT PLAN-FULL-RC#326038,Services,1F2,
Flight Plans,FLIGHT PLAN-FULL-RC#326041,Services,1F2,
Flight Plans,FLIGHT PLAN-FULL-RC#326057,Services,1F2,
Flight Plans,FLIGHT PLAN-FULL-RC#326096,Services,1F2,
Flight Plans,FLIGHT PLAN-FULL-RC#326097,Services,1F2,
Flight Plans,FLIGHT PLAN-FULL-RC#326106,Services,1F2,
Flight Plans,FLIGHT PLAN-FULL-RC#326174,Services,1F2,
Flight Plans,FLIGHT PLAN-FULL-RC#326175,Services,1F2,
Flight Plans,FLIGHT PLAN-FULL-RC#326205,Services,1F2,
Flight Plans,FLIGHT PLAN-FULL-RC#326215,Services,1F2,
Flight Plans,FLIGHT PLAN-FULL-RC#326233,Services,1F2,
Flight Plans,FLIGHT PLAN-FULL-RC#326235,Services,1F2,
Flight Plans,FLIGHT PLAN-FULL-RC#326240,Services,1F2,
Flight Plans,FLIGHT PLAN-FULL-RC#326241,Services,1F2,
Flight Plans,FLIGHT PLAN-FULL-RC#326406,Services,1F2,
Flight Plans,FLIGHT PLAN-FULL-RC#326413,Services,1F2,
Flight Plans,FLIGHT PLAN-FULL-RC#326420,Services,1F2,
Flight Plans,FLIGHT PLAN-FULL-RC#326441,Services,1F2,
Flight Plans,FLIGHT PLAN-FULL-RC#326445,Services,1F2,
Flight Plans,FLIGHT PLAN-FULL-RC#326472,Services,1F2,
Flight Plans,FLIGHT PLAN-FULL-RC#326497,Services,1F2,
Flight Plans,FLIGHT PLAN-FULL-RC#326500,Services,1F2,
Flight Plans,FLIGHT PLAN-FULL-RC#326502,Services,1F2,
Flight Plans,FLIGHT PLAN-FULL-RC#326528,Services,1F2,
Flight Plans,FLIGHT PLAN-FULL-RC#326530,Services,1F2,
Flight Plans,FLIGHT PLAN-FULL-RC#326532,Services,1F2,
Flight Plans,FLIGHT PLAN-FULL-RC#326533,Services,1F2,
Flight Plans,FLIGHT PLAN-FULL-RC#326535,Services,1F2,
Flight Plans,FLIGHT PLAN-FULL-RC#326569,Services,1F2,
Flight Plans,FLIGHT PLAN-FULL-RC#326576,Services,1F2,
Flight Plans,FLIGHT PLAN-FULL-RC#326683,Services,1F2,
Flight Plans,FLIGHT PLAN-FULL-RC#326723,Services,1F2,
Flight Plans,FLIGHT PLAN-FULL-RC#326725,Services,1F2,
Flight Plans,FLIGHT PLAN-FULL-RC#326731,Services,1F2,
Flight Plans,FLIGHT PLAN-FULL-RC#326802,Services,1F2,
Flight Plans,FLIGHT PLAN-FULL-RC#326827,Services,1F2,
Flight Plans,FLIGHT PLAN-FULL-RC#326851,Services,1F2,
Flight Plans,FLIGHT PLAN-FULL-RC#326855,Services,1F2,
Flight Plans,FLIGHT PLAN-FULL-RC#326863,Services,1F2,
Flight Plans,FLIGHT PLAN-FULL-RC#326891,Services,1F2,
Flight Plans,FLIGHT PLAN-FULL-RC#326895,Services,1F2,
Flight Plans,FLIGHT PLAN-FULL-RC#326896,Services,1F2,
Flight Plans,FLIGHT PLAN-FULL-RC#326898,Services,1F2,
Flight Plans,FLIGHT PLAN-FULL-RC#326911,Services,1F2,
Flight Plans,FLIGHT PLAN-FULL-RC#326912,Services,1F2,
Flight Plans,FLIGHT PLAN-FULL-RC#326913,Services,1F2,
Flight Plans,FLIGHT PLAN-FULL-RC#326915,Services,1F2,
Flight Plans,FLIGHT PLAN-FULL-RC#326917,Services,1F2,
Flight Plans,FLIGHT PLAN-FULL-RC#326919,Services,1F2,
Flight Plans,FLIGHT PLAN-FULL-RC#326941,Services,1F2,
Flight Plans,FLIGHT PLAN-FULL-RC#326947,Services,1F2,
Flight Plans,FLIGHT PLAN-FULL-RC#326948,Services,1F2,
Flight Plans,FLIGHT PLAN-FULL-RC#326958,Services,1F2,
Flight Plans,FLIGHT PLAN-FULL-RC#326961,Services,1F2,
Flight Plans,FLIGHT PLAN-FULL-RC#326963,Services,1F2,
Flight Plans,FLIGHT PLAN-FULL-RC#326965,Services,1F2,
Flight Plans,FLIGHT PLAN-FULL-RC#326969,Services,1F2,
Flight Plans,FLIGHT PLAN-FULL-RC#326999,Services,1F2,
Flight Plans,FLIGHT PLAN-FULL-RC#327057,Services,1F2,
Flight Plans,FLIGHT PLAN-FULL-RC#327084,Services,1F2,
Flight Plans,FLIGHT PLAN-FULL-RC#327117,Services,1F2,
Flight Plans,FLIGHT PLAN-FULL-RC#327119,Services,1F2,
Flight Plans,FLIGHT PLAN-FULL-RC#327120,Services,1F2,
Flight Plans,FLIGHT PLAN-FULL-RC#327124,Services,1F2,
Flight Plans,FLIGHT PLAN-FULL-RC#327141,Services,1F2,
Flight Plans,FLIGHT PLAN-FULL-RC#327142,Services,1F2,
Flight Plans,FLIGHT PLAN-FULL-RC#327171,Services,1F2,
Flight Plans,FLIGHT PLAN-FULL-RC#327180,Services,1F2,
Flight Plans,FLIGHT PLAN-FULL-RC#327210,Services,1F2,
Flight Plans,FLIGHT PLAN-FULL-RC#327238,Services,1F2,
Flight Plans,FLIGHT PLAN-FULL-RC#327239,Services,1F2,
Flight Plans,FLIGHT PLAN-FULL-RC#327258,Services,1F2,
Flight Plans,FLIGHT PLAN-FULL-RC#327264,Services,1F2,
Flight Plans,FLIGHT PLAN-FULL-RC#327291,Services,1F2,
Flight Plans,FLIGHT PLAN-FULL-RC#327298,Services,1F2,
Flight Plans,FLIGHT PLAN-FULL-RC#327299,Services,1F2,
Flight Plans,FLIGHT PLAN-FULL-RC#327327,Services,1F2,
Flight Plans,FLIGHT PLAN-FULL-RC#327333,Services,1F2,
Flight Plans,FLIGHT PLAN-FULL-RC#327334,Services,1F2,
Flight Plans,FLIGHT PLAN-FULL-RC#327338,Services,1F2,
Flight Plans,FLIGHT PLAN-FULL-RC#327339,Services,1F2,
Flight Plans,FLIGHT PLAN-FULL-RC#327344,Services,1F2,
Flight Plans,FLIGHT PLAN-FULL-RC#327362,Services,1F2,
Flight Plans,FLIGHT PLAN-FULL-RC#327364,Services,1F2,
Flight Plans,FLIGHT PLAN-FULL-RC#327370,Services,1F2,
Flight Plans,FLIGHT PLAN-FULL-RC#327406,Services,1F2,
Flight Plans,FLIGHT PLAN-FULL-RC#327487,Services,1F2,
Flight Plans,FLIGHT PLAN-FULL-RC#327512,Services,1F2,
Flight Plans,FLIGHT PLAN-FULL-RC#327567,Services,1F2,
Flight Plans,FLIGHT PLAN-FULL-RC#327578,Services,1F2,
Flight Plans,FLIGHT PLAN-FULL-RC#327585,Services,1F2,
Flight Plans,FLIGHT PLAN-FULL-RC#327614,Services,1F2,
Flight Plans,FLIGHT PLAN-FULL-RC#327615,Services,1F2,
Flight Plans,FLIGHT PLAN-FULL-RC#327656,Services,1F2,
Flight Plans,FLIGHT PLAN-FULL-RC#327668,Services,1F2,
Flight Plans,FLIGHT PLAN-FULL-RC#327694,Services,1F2,
Flight Plans,FLIGHT PLAN-FULL-RC#327700,Services,1F2,
Flight Plans,FLIGHT PLAN-FULL-RC#327754,Services,1F2,
Flight Plans,FLIGHT PLAN-FULL-RC#327757,Services,1F2,
Flight Plans,FLIGHT PLAN-FULL-RC#327759,Services,1F2,
Flight Plans,FLIGHT PLAN-FULL-RC#327769,Services,1F2,
Flight Plans,FLIGHT PLAN-FULL-RC#327780,Services,1F2,
Flight Plans,FLIGHT PLAN-FULL-RC#327783,Services,1F2,
Flight Plans,FLIGHT PLAN-FULL-RC#327832,Services,1F2,
Flight Plans,FLIGHT PLAN-FULL-RC#327856,Services,1F2,
Flight Plans,FLIGHT PLAN-FULL-RC#327915,Services,1F2,
Flight Plans,FLIGHT PLAN-FULL-RC#327959,Services,1F2,
Flight Plans,FLIGHT PLAN-FULL-RC#328017,Services,1F2,
Flight Plans,FLIGHT PLAN-FULL-RC#328040,Services,1F2,
Flight Plans,FLIGHT PLAN-FULL-RC#328043,Services,1F2,
Flight Plans,FLIGHT PLAN-FULL-RC#328093,Services,1F2,
Flight Plans,FLIGHT PLAN-FULL-RC#328115,Services,1F2,
Flight Plans,FLIGHT PLAN-FULL-RC#328155,Services,1F2,
Flight Plans,FLIGHT PLAN-FULL-RC#328165,Services,1F2,
Flight Plans,FLIGHT PLAN-FULL-RC#328172,Services,1F2,
Flight Plans,FLIGHT PLAN-FULL-RC#328190,Services,1F2,
Flight Plans,FLIGHT PLAN-FULL-RC#328201,Services,1F2,
Flight Plans,FLIGHT PLAN-FULL-RC#328215,Services,1F2,
Flight Plans,FLIGHT PLAN-FULL-RC#328221,Services,1F2,
Flight Plans,FLIGHT PLAN-FULL-RC#328222,Services,1F2,
Flight Plans,FLIGHT PLAN-FULL-RC#328226,Services,1F2,
Flight Plans,FLIGHT PLAN-FULL-RC#328228,Services,1F2,
Flight Plans,FLIGHT PLAN-FULL-RC#328236,Services,1F2,
Flight Plans,FLIGHT PLAN-FULL-RC#328251,Services,1F2,
Flight Plans,FLIGHT PLAN-FULL-RC#328264,Services,1F2,
Flight Plans,FLIGHT PLAN-FULL-RC#328267,Services,1F2,
Flight Plans,FLIGHT PLAN-FULL-RC#328280,Services,1F2,
Flight Plans,FLIGHT PLAN-FULL-RC#328282,Services,1F2,
Flight Plans,FLIGHT PLAN-FULL-RC#328294,Services,1F2,
Flight Plans,FLIGHT PLAN-FULL-RC#328306,Services,1F2,
Flight Plans,FLIGHT PLAN-FULL-RC#328341,Services,1F2,
Flight Plans,FLIGHT PLAN-FULL-RC#328377,Services,1F2,
Flight Plans,FLIGHT PLAN-FULL-RC#328379,Services,1F2,
Flight Plans,FLIGHT PLAN-FULL-RC#328382,Services,1F2,
Flight Plans,FLIGHT PLAN-FULL-RC#328416,Services,1F2,
Flight Plans,FLIGHT PLAN-FULL-RC#328429,Services,1F2,
Flight Plans,FLIGHT PLAN-FULL-RC#328442,Services,1F2,
Flight Plans,FLIGHT PLAN-FULL-RC#328451,Services,1F2,
Flight Plans,FLIGHT PLAN-FULL-RC#328452,Services,1F2,
Flight Plans,FLIGHT PLAN-FULL-RC#328454,Services,1F2,
Flight Plans,FLIGHT PLAN-FULL-RC#328525,Services,1F2,
Flight Plans,FLIGHT PLAN-FULL-RC#328527,Services,1F2,
Flight Plans,FLIGHT PLAN-FULL-RC#328528,Services,1F2,
Flight Plans,FLIGHT PLAN-FULL-RC#328541,Services,1F2,
Flight Plans,FLIGHT PLAN-FULL-RC#328542,Services,1F2,
Flight Plans,FLIGHT PLAN-FULL-RC#328543,Services,1F2,
Flight Plans,FLIGHT PLAN-FULL-RC#328555,Services,1F2,
Flight Plans,FLIGHT PLAN-FULL-RC#328559,Services,1F2,
Flight Plans,FLIGHT PLAN-FULL-RC#328562,Services,1F2,
Flight Plans,FLIGHT PLAN-FULL-RC#328565,Services,1F2,
Flight Plans,FLIGHT PLAN-FULL-RC#328569,Services,1F2,
Flight Plans,FLIGHT PLAN-FULL-RC#328577,Services,1F2,
Flight Plans,FLIGHT PLAN-FULL-RC#328580,Services,1F2,
Flight Plans,FLIGHT PLAN-FULL-RC#328586,Services,1F2,
Flight Plans,FLIGHT PLAN-FULL-RC#328587,Services,1F2,
Flight Plans,FLIGHT PLAN-FULL-RC#328598,Services,1F2,
Flight Plans,FLIGHT PLAN-FULL-RC#328613,Services,1F2,
Flight Plans,FLIGHT PLAN-FULL-RC#328616,Services,1F2,
Flight Plans,FLIGHT PLAN-FULL-RC#328618,Services,1F2,
Flight Plans,FLIGHT PLAN-FULL-RC#328619,Services,1F2,
Flight Plans,FLIGHT PLAN-FULL-RC#328659,Services,1F2,
Flight Plans,FLIGHT PLAN-FULL-RC#328660,Services,1F2,
Flight Plans,FLIGHT PLAN-FULL-RC#328668,Services,1F2,
Flight Plans,FLIGHT PLAN-FULL-RC#328677,Services,1F2,
Flight Plans,FLIGHT PLAN-FULL-RC#328694,Services,1F2,
Flight Plans,FLIGHT PLAN-FULL-RC#328696,Services,1F2,
Flight Plans,FLIGHT PLAN-FULL-RC#328697,Services,1F2,
Flight Plans,FLIGHT PLAN-FULL-RC#328698,Services,1F2,
Flight Plans,FLIGHT PLAN-FULL-RC#328730,Services,1F2,
Flight Plans,FLIGHT PLAN-FULL-RC#328731,Services,1F2,
Flight Plans,FLIGHT PLAN-FULL-RC#328735,Services,1F2,
Flight Plans,FLIGHT PLAN-FULL-RC#328743,Services,1F2,
Flight Plans,FLIGHT PLAN-FULL-RC#328744,Services,1F2,
Flight Plans,FLIGHT PLAN-FULL-RC#328747,Services,1F2,
Flight Plans,FLIGHT PLAN-FULL-RC#328750,Services,1F2,
Flight Plans,FLIGHT PLAN-FULL-RC#328761,Services,1F2,
Flight Plans,FLIGHT PLAN-FULL-RC#328763,Services,1F2,
Flight Plans,FLIGHT PLAN-FULL-RC#328772,Services,1F2,
Flight Plans,FLIGHT PLAN-FULL-RC#328865,Services,1F2,
Flight Plans,FLIGHT PLAN-FULL-RC#328923,Services,1F2,
Flight Plans,FLIGHT PLAN-FULL-RC#329037,Services,1F2,
Flight Plans,FLIGHT PLAN-FULL-RC#329094,Services,1F2,
Flight Plans,FLIGHT PLAN-FULL-RC#329112,Services,1F2,
Flight Plans,FLIGHT PLAN-FULL-RC#329114,Services,1F2,
Flight Plans,FLIGHT PLAN-FULL-RC#329146,Services,1F2,
Flight Plans,FLIGHT PLAN-FULL-RC#329211,Services,1F2,
Flight Plans,FLIGHT PLAN-FULL-RC#329212,Services,1F2,
Flight Plans,FLIGHT PLAN-FULL-RC#329221,Services,1F2,
Flight Plans,FLIGHT PLAN-FULL-RC#329249,Services,1F2,
Flight Plans,FLIGHT PLAN-FULL-RC#329255,Services,1F2,
Flight Plans,FLIGHT PLAN-FULL-RC#329258,Services,1F2,
Flight Plans,FLIGHT PLAN-FULL-RC#329260,Services,1F2,
Flight Plans,FLIGHT PLAN-FULL-RC#329261,Services,1F2,
Flight Plans,FLIGHT PLAN-FULL-RC#329265,Services,1F2,
Flight Plans,FLIGHT PLAN-FULL-RC#329270,Services,1F2,
Flight Plans,FLIGHT PLAN-FULL-RC#329283,Services,1F2,
Flight Plans,FLIGHT PLAN-FULL-RC#329284,Services,1F2,
Flight Plans,FLIGHT PLAN-FULL-RC#329290,Services,1F2,
Flight Plans,FLIGHT PLAN-FULL-RC#329514,Services,1F2,
Flight Plans,FLIGHT PLAN-FULL-RC#329520,Services,1F2,
Flight Plans,FLIGHT PLAN-FULL-RC#329529,Services,1F2,
Flight Plans,FLIGHT PLAN-FULL-RC#329536,Services,1F2,
Flight Plans,FLIGHT PLAN-FULL-RC#329566,Services,1F2,
Flight Plans,FLIGHT PLAN-FULL-RC#329574,Services,1F2,
Flight Plans,FLIGHT PLAN-FULL-RC#329582,Services,1F2,
Flight Plans,FLIGHT PLAN-FULL-RC#329583,Services,1F2,
Flight Plans,FLIGHT PLAN-FULL-RC#329587,Services,1F2,
Flight Plans,FLIGHT PLAN-FULL-RC#329597,Services,1F2,
Flight Plans,FLIGHT PLAN-FULL-RC#329598,Services,1F2,
Flight Plans,FLIGHT PLAN-FULL-RC#329599,Services,1F2,
Flight Plans,FLIGHT PLAN-FULL-RC#329600,Services,1F2,
Flight Plans,FLIGHT PLAN-FULL-RC#329608,Services,1F2,
Flight Plans,FLIGHT PLAN-FULL-RC#329614,Services,1F2,
Flight Plans,FLIGHT PLAN-FULL-RC#329632,Services,1F2,
Flight Plans,FLIGHT PLAN-FULL-RC#329638,Services,1F2,
Flight Plans,FLIGHT PLAN-FULL-RC#329643,Services,1F2,
Flight Plans,FLIGHT PLAN-FULL-RC#329645,Services,1F2,
Flight Plans,FLIGHT PLAN-FULL-RC#329648,Services,1F2,
Flight Plans,FLIGHT PLAN-FULL-RC#329685,Services,1F2,
Flight Plans,FLIGHT PLAN-FULL-RC#329686,Services,1F2,
Flight Plans,FLIGHT PLAN-FULL-RC#329703,Services,1F2,
Flight Plans,FLIGHT PLAN-FULL-RC#329716,Services,1F2,
Flight Plans,FLIGHT PLAN-FULL-RC#329719,Services,1F2,
Flight Plans,FLIGHT PLAN-FULL-RC#329724,Services,1F2,
Flight Plans,FLIGHT PLAN-FULL-RC#329762,Services,1F2,
Flight Plans,FLIGHT PLAN-FULL-RC#329782,Services,1F2,
Flight Plans,FLIGHT PLAN-FULL-RC#329789,Services,1F2,
Flight Plans,FLIGHT PLAN-FULL-RC#329806,Services,1F2,
Flight Plans,FLIGHT PLAN-FULL-RC#329819,Services,1F2,
Flight Plans,FLIGHT PLAN-FULL-RC#329829,Services,1F2,
Flight Plans,FLIGHT PLAN-FULL-RC#329834,Services,1F2,
Flight Plans,FLIGHT PLAN-FULL-RC#329891,Services,1F2,
Flight Plans,FLIGHT PLAN-FULL-RC#329900,Services,1F2,
Flight Plans,FLIGHT PLAN-FULL-RC#329914,Services,1F2,
Flight Plans,FLIGHT PLAN-FULL-RC#329975,Services,1F2,
Flight Plans,FLIGHT PLAN-FULL-RC#329976,Services,1F2,
Flight Plans,FLIGHT PLAN-FULL-RC#329981,Services,1F2,
Flight Plans,FLIGHT PLAN-FULL-RC#330069,Services,1F2,
Flight Plans,FLIGHT PLAN-FULL-RC#330081,Services,1F2,
Flight Plans,FLIGHT PLAN-FULL-RC#330104,Services,1F2,
Flight Plans,FLIGHT PLAN-FULL-RC#330111,Services,1F2,
Flight Plans,FLIGHT PLAN-FULL-RC#330150,Services,1F2,
Flight Plans,FLIGHT PLAN-FULL-RC#330160,Services,1F2,
Flight Plans,FLIGHT PLAN-FULL-RC#330170,Services,1F2,
Flight Plans,FLIGHT PLAN-FULL-RC#330175,Services,1F2,
Flight Plans,FLIGHT PLAN-FULL-RC#330176,Services,1F2,
Flight Plans,FLIGHT PLAN-FULL-RC#330177,Services,1F2,
Flight Plans,FLIGHT PLAN-FULL-RC#330181,Services,1F2,
Flight Plans,FLIGHT PLAN-FULL-RC#330188,Services,1F2,
Flight Plans,FLIGHT PLAN-FULL-RC#330190,Services,1F2,
Flight Plans,FLIGHT PLAN-FULL-RC#330191,Services,1F2,
Flight Plans,FLIGHT PLAN-FULL-RC#330224,Services,1F2,
Flight Plans,FLIGHT PLAN-FULL-RC#330242,Services,1F2,
Flight Plans,FLIGHT PLAN-FULL-RC#330314,Services,1F2,
Flight Plans,FLIGHT PLAN-FULL-RC#330317,Services,1F2,
Flight Plans,FLIGHT PLAN-FULL-RC#330345,Services,1F2,
Flight Plans,FLIGHT PLAN-FULL-RC#330354,Services,1F2,
Flight Plans,FLIGHT PLAN-FULL-RC#330372,Services,1F2,
Flight Plans,FLIGHT PLAN-FULL-RC#330392,Services,1F2,
Flight Plans,FLIGHT PLAN-FULL-RC#330397,Services,1F2,
Flight Plans,FLIGHT PLAN-FULL-RC#330404,Services,1F2,
Flight Plans,FLIGHT PLAN-FULL-RC#330415,Services,1F2,
Flight Plans,FLIGHT PLAN-FULL-RC#330422,Services,1F2,
Flight Plans,FLIGHT PLAN-FULL-RC#330454,Services,1F2,
Flight Plans,FLIGHT PLAN-FULL-RC#330469,Services,1F2,
Flight Plans,FLIGHT PLAN-FULL-RC#330471,Services,1F2,
Flight Plans,FLIGHT PLAN-FULL-RC#330494,Services,1F2,
Flight Plans,FLIGHT PLAN-FULL-RC#330525,Services,1F2,
Flight Plans,FLIGHT PLAN-FULL-RC#330534,Services,1F2,
Flight Plans,FLIGHT PLAN-FULL-RC#330555,Services,1F2,
Flight Plans,FLIGHT PLAN-FULL-RC#330597,Services,1F2,
Flight Plans,FLIGHT PLAN-FULL-RC#330608,Services,1F2,
Flight Plans,FLIGHT PLAN-FULL-RC#330617,Services,1F2,
Flight Plans,FLIGHT PLAN-FULL-RC#330628,Services,1F2,
Flight Plans,FLIGHT PLAN-FULL-RC#330633,Services,1F2,
Flight Plans,FLIGHT PLAN-FULL-RC#330635,Services,1F2,
Flight Plans,FLIGHT PLAN-FULL-RC#330663,Services,1F2,
Flight Plans,FLIGHT PLAN-FULL-RC#330673,Services,1F2,
Flight Plans,FLIGHT PLAN-FULL-RC#330682,Services,1F2,
Flight Plans,FLIGHT PLAN-FULL-RC#330684,Services,1F2,
Flight Plans,FLIGHT PLAN-FULL-RC#330686,Services,1F2,
Flight Plans,FLIGHT PLAN-FULL-RC#330692,Services,1F2,
Flight Plans,FLIGHT PLAN-FULL-RC#330693,Services,1F2,
Flight Plans,FLIGHT PLAN-FULL-RC#330698,Services,1F2,
Flight Plans,FLIGHT PLAN-FULL-RC#330699,Services,1F2,
Flight Plans,FLIGHT PLAN-FULL-RC#330710,Services,1F2,
Flight Plans,FLIGHT PLAN-FULL-RC#330716,Services,1F2,
Flight Plans,FLIGHT PLAN-FULL-RC#330722,Services,1F2,
Flight Plans,FLIGHT PLAN-FULL-RC#330725,Services,1F2,
Flight Plans,FLIGHT PLAN-FULL-RC#330732,Services,1F2,
Flight Plans,FLIGHT PLAN-FULL-RC#330744,Services,1F2,
Flight Plans,FLIGHT PLAN-FULL-RC#330746,Services,1F2,
Flight Plans,FLIGHT PLAN-FULL-RC#330751,Services,1F2,
Flight Plans,FLIGHT PLAN-FULL-RC#330753,Services,1F2,
Flight Plans,FLIGHT PLAN-FULL-RC#330764,Services,1F2,
Flight Plans,FLIGHT PLAN-FULL-RC#330765,Services,1F2,
Flight Plans,FLIGHT PLAN-FULL-RC#330767,Services,1F2,
Flight Plans,FLIGHT PLAN-FULL-RC#330768,Services,1F2,
Flight Plans,FLIGHT PLAN-FULL-RC#330771,Services,1F2,
Flight Plans,FLIGHT PLAN-FULL-RC#330790,Services,1F2,
Flight Plans,FLIGHT PLAN-FULL-RC#330792,Services,1F2,
Flight Plans,FLIGHT PLAN-FULL-RC#330797,Services,1F2,
Flight Plans,FLIGHT PLAN-FULL-RC#330799,Services,1F2,
Flight Plans,FLIGHT PLAN-FULL-RC#330833,Services,1F2,
Flight Plans,FLIGHT PLAN-FULL-RC#330835,Services,1F2,
Flight Plans,FLIGHT PLAN-FULL-RC#330837,Services,1F2,
Flight Plans,FLIGHT PLAN-FULL-RC#330854,Services,1F2,
Flight Plans,FLIGHT PLAN-FULL-RC#330861,Services,1F2,
Flight Plans,FLIGHT PLAN-FULL-RC#330881,Services,1F2,
Flight Plans,FLIGHT PLAN-FULL-RC#330919,Services,1F2,
Flight Plans,FLIGHT PLAN-FULL-RC#330984,Services,1F2,
Flight Plans,FLIGHT PLAN-FULL-RC#331003,Services,1F2,
Flight Plans,FLIGHT PLAN-FULL-RC#331019,Services,1F2,
Flight Plans,FLIGHT PLAN-FULL-RC#331020,Services,1F2,
Flight Plans,FLIGHT PLAN-FULL-RC#331047,Services,1F2,
Flight Plans,FLIGHT PLAN-FULL-RC#331087,Services,1F2,
Flight Plans,FLIGHT PLAN-FULL-RC#331107,Services,1F2,
Flight Plans,FLIGHT PLAN-FULL-RC#331119,Services,1F2,
Flight Plans,FLIGHT PLAN-FULL-RC#331127,Services,1F2,
Flight Plans,FLIGHT PLAN-FULL-RC#331129,Services,1F2,
Flight Plans,FLIGHT PLAN-FULL-RC#331167,Services,1F2,
Flight Plans,FLIGHT PLAN-FULL-RC#331182,Services,1F2,
Flight Plans,FLIGHT PLAN-FULL-RC#331184,Services,1F2,
Flight Plans,FLIGHT PLAN-FULL-RC#331198,Services,1F2,
Flight Plans,FLIGHT PLAN-FULL-RC#331204,Services,1F2,
Flight Plans,FLIGHT PLAN-FULL-RC#331208,Services,1F2,
Flight Plans,FLIGHT PLAN-FULL-RC#331209,Services,1F2,
Flight Plans,FLIGHT PLAN-FULL-RC#331211,Services,1F2,
Flight Plans,FLIGHT PLAN-FULL-RC#331219.,Services,1F2,
Flight Plans,FLIGHT PLAN-FULL-RC#331232,Services,1F2,
Flight Plans,FLIGHT PLAN-FULL-RC#331233,Services,1F2,
Flight Plans,FLIGHT PLAN-FULL-RC#331237,Services,1F2,
Flight Plans,FLIGHT PLAN-FULL-RC#331241,Services,1F2,
Flight Plans,FLIGHT PLAN-FULL-RC#331244,Services,1F2,
Flight Plans,FLIGHT PLAN-FULL-RC#331247,Services,1F2,
Flight Plans,FLIGHT PLAN-FULL-RC#331251,Services,1F2,
Flight Plans,FLIGHT PLAN-FULL-RC#331258,Services,1F2,
Flight Plans,FLIGHT PLAN-FULL-RC#331286,Services,1F2,
Flight Plans,FLIGHT PLAN-FULL-RC#331359,Services,1F2,
Flight Plans,FLIGHT PLAN-FULL-RC#331366,Services,1F2,
Flight Plans,FLIGHT PLAN-FULL-RC#331393,Services,1F2,
Flight Plans,FLIGHT PLAN-FULL-RC#331395,Services,1F2,
Flight Plans,FLIGHT PLAN-FULL-RC#331418,Services,1F2,
Flight Plans,FLIGHT PLAN-FULL-RC#331420,Services,1F2,
Flight Plans,FLIGHT PLAN-FULL-RC#331421,Services,1F2,
Flight Plans,FLIGHT PLAN-FULL-RC#331428,Services,1F2,
Flight Plans,FLIGHT PLAN-FULL-RC#331429,Services,1F2,
Flight Plans,FLIGHT PLAN-FULL-RC#331431,Services,1F2,
Flight Plans,FLIGHT PLAN-FULL-RC#331449,Services,1F2,
Flight Plans,FLIGHT PLAN-FULL-RC#331469,Services,1F2,
Flight Plans,FLIGHT PLAN-FULL-RC#331473,Services,1F2,
Flight Plans,FLIGHT PLAN-FULL-RC#331474,Services,1F2,
Flight Plans,FLIGHT PLAN-FULL-RC#331483,Services,1F2,
Flight Plans,FLIGHT PLAN-FULL-RC#331495,Services,1F2,
Flight Plans,FLIGHT PLAN-FULL-RC#331527,Services,1F2,
Flight Plans,FLIGHT PLAN-FULL-RC#331532,Services,1F2,
Flight Plans,FLIGHT PLAN-FULL-RC#331552,Services,1F2,
Flight Plans,FLIGHT PLAN-FULL-RC#331556,Services,1F2,
Flight Plans,FLIGHT PLAN-FULL-RC#331613,Services,1F2,
Flight Plans,FLIGHT PLAN-FULL-RC#331619,Services,1F2,
Flight Plans,FLIGHT PLAN-FULL-RC#331621,Services,1F2,
Flight Plans,FLIGHT PLAN-FULL-RC#331643,Services,1F2,
Flight Plans,FLIGHT PLAN-FULL-RC#331645,Services,1F2,
Flight Plans,FLIGHT PLAN-FULL-RC#331648,Services,1F2,
Flight Plans,FLIGHT PLAN-FULL-RC#331684,Services,1F2,
Flight Plans,FLIGHT PLAN-FULL-RC#331686,Services,1F2,
Flight Plans,FLIGHT PLAN-FULL-RC#331695,Services,1F2,
Flight Plans,FLIGHT PLAN-FULL-RC#331698,Services,1F2,
Flight Plans,FLIGHT PLAN-FULL-RC#331726,Services,1F2,
Flight Plans,FLIGHT PLAN-FULL-RC#331728,Services,1F2,
Flight Plans,FLIGHT PLAN-FULL-RC#331753,Services,1F2,
Flight Plans,FLIGHT PLAN-FULL-RC#331766,Services,1F2,
Flight Plans,FLIGHT PLAN-FULL-RC#331767,Services,1F2,
Flight Plans,FLIGHT PLAN-FULL-RC#331775,Services,1F2,
Flight Plans,FLIGHT PLAN-FULL-RC#331776,Services,1F2,
Flight Plans,FLIGHT PLAN-FULL-RC#331783,Services,1F2,
Flight Plans,FLIGHT PLAN-FULL-RC#331788,Services,1F2,
Flight Plans,FLIGHT PLAN-FULL-RC#331826,Services,1F2,
Flight Plans,FLIGHT PLAN-FULL-RC#331847,Services,1F2,
Flight Plans,FLIGHT PLAN-FULL-RC#331852,Services,1F2,
Flight Plans,FLIGHT PLAN-FULL-RC#331857,Services,1F2,
Flight Plans,FLIGHT PLAN-FULL-RC#331865,Services,1F2,
Flight Plans,FLIGHT PLAN-FULL-RC#331870,Services,1F2,
Flight Plans,FLIGHT PLAN-FULL-RC#331871,Services,1F2,
Flight Plans,FLIGHT PLAN-FULL-RC#331882,Services,1F2,
Flight Plans,FLIGHT PLAN-FULL-RC#331883,Services,1F2,
Flight Plans,FLIGHT PLAN-FULL-RC#331886,Services,1F2,
Flight Plans,FLIGHT PLAN-FULL-RC#332001.,Services,1F2,
Flight Plans,FLIGHT PLAN-FULL-RC#332024,Services,1F2,
Flight Plans,FLIGHT PLAN-FULL-RC#332038,Services,1F2,
Flight Plans,FLIGHT PLAN-FULL-RC#332044,Services,1F2,
Flight Plans,FLIGHT PLAN-FULL-RC#332047,Services,1F2,
Flight Plans,FLIGHT PLAN-FULL-RC#332054.,Services,1F2,
Flight Plans,FLIGHT PLAN-FULL-RC#332102,Services,1F2,
Flight Plans,FLIGHT PLAN-FULL-RC#332109,Services,1F2,
Flight Plans,FLIGHT PLAN-FULL-RC#332134,Services,1F2,
Flight Plans,FLIGHT PLAN-FULL-RC#332167,Services,1F2,
Flight Plans,FLIGHT PLAN-FULL-RC#332174,Services,1F2,
Flight Plans,FLIGHT PLAN-FULL-RC#332185,Services,1F2,
Flight Plans,FLIGHT PLAN-FULL-RC#332186,Services,1F2,
Flight Plans,FLIGHT PLAN-FULL-RC#332193,Services,1F2,
Flight Plans,FLIGHT PLAN-FULL-RC#332195,Services,1F2,
Flight Plans,FLIGHT PLAN-FULL-RC#332222,Services,1F2,
Flight Plans,FLIGHT PLAN-FULL-RC#332237,Services,1F2,
Flight Plans,FLIGHT PLAN-FULL-RC#332238,Services,1F2,
Flight Plans,FLIGHT PLAN-FULL-RC#332246,Services,1F2,
Flight Plans,FLIGHT PLAN-FULL-RC#332250,Services,1F2,
Flight Plans,FLIGHT PLAN-FULL-RC#332251,Services,1F2,
Flight Plans,FLIGHT PLAN-FULL-RC#332279,Services,1F2,
Flight Plans,FLIGHT PLAN-FULL-RC#332288,Services,1F2,
Flight Plans,FLIGHT PLAN-FULL-RC#332295,Services,1F2,
Flight Plans,FLIGHT PLAN-FULL-RC#332370,Services,1F2,
Flight Plans,FLIGHT PLAN-FULL-RC#332428,Services,1F2,
Flight Plans,FLIGHT PLAN-FULL-RC#332460,Services,1F2,
Flight Plans,FLIGHT PLAN-FULL-RC#332584,Services,1F2,
Flight Plans,FLIGHT PLAN-FULL-RC#332588,Services,1F2,
Flight Plans,FLIGHT PLAN-FULL-RC#332635,Services,1F2,
Flight Plans,FLIGHT PLAN-FULL-RC#332651,Services,1F2,
Flight Plans,FLIGHT PLAN-FULL-RC#332654,Services,1F2,
Flight Plans,FLIGHT PLAN-FULL-RC#332655,Services,1F2,
Flight Plans,FLIGHT PLAN-FULL-RC#332657,Services,1F2,
Flight Plans,FLIGHT PLAN-FULL-RC#332660,Services,1F2,
Flight Plans,FLIGHT PLAN-FULL-RC#332696,Services,1F2,
Flight Plans,FLIGHT PLAN-FULL-RC#332712,Services,1F2,
Flight Plans,FLIGHT PLAN-FULL-RC#332714,Services,1F2,
Flight Plans,FLIGHT PLAN-FULL-RC#332717,Services,1F2,
Flight Plans,FLIGHT PLAN-FULL-RC#332719,Services,1F2,
Flight Plans,FLIGHT PLAN-FULL-RC#332729,Services,1F2,
Flight Plans,FLIGHT PLAN-FULL-RC#332730,Services,1F2,
Flight Plans,FLIGHT PLAN-FULL-RC#332740,Services,1F2,
Flight Plans,FLIGHT PLAN-FULL-RC#332757,Services,1F2,
Flight Plans,FLIGHT PLAN-FULL-RC#332782,Services,1F2,
Flight Plans,FLIGHT PLAN-FULL-RC#332784,Services,1F2,
Flight Plans,FLIGHT PLAN-FULL-RC#332816,Services,1F2,
Flight Plans,FLIGHT PLAN-FULL-RC#332830,Services,1F2,
Flight Plans,FLIGHT PLAN-FULL-RC#332834,Services,1F2,
Flight Plans,FLIGHT PLAN-FULL-RC#332854,Services,1F2,
Flight Plans,FLIGHT PLAN-FULL-RC#332999,Services,1F2,
Flight Plans,FLIGHT PLAN-FULL-RC#333000,Services,1F2,
Flight Plans,FLIGHT PLAN-FULL-RC#333047,Services,1F2,
Flight Plans,FLIGHT PLAN-FULL-RC#333066,Services,1F2,
Flight Plans,FLIGHT PLAN-FULL-RC#333076,Services,1F2,
Flight Plans,FLIGHT PLAN-FULL-RC#333086,Services,1F2,
Flight Plans,FLIGHT PLAN-FULL-RC#333091,Services,1F2,
Flight Plans,FLIGHT PLAN-FULL-RC#333094,Services,1F2,
Flight Plans,FLIGHT PLAN-FULL-RC#333111,Services,1F2,
Flight Plans,FLIGHT PLAN-FULL-RC#333113,Services,1F2,
Flight Plans,FLIGHT PLAN-FULL-RC#333118,Services,1F2,
Flight Plans,FLIGHT PLAN-FULL-RC#333122,Services,1F2,
Flight Plans,FLIGHT PLAN-FULL-RC#333127,Services,1F2,
Flight Plans,FLIGHT PLAN-FULL-RC#333131,Services,1F2,
Flight Plans,FLIGHT PLAN-FULL-RC#333145,Services,1F2,
Flight Plans,FLIGHT PLAN-FULL-RC#333148,Services,1F2,
Flight Plans,FLIGHT PLAN-FULL-RC#333162,Services,1F2,
Flight Plans,FLIGHT PLAN-FULL-RC#333176,Services,1F2,
Flight Plans,FLIGHT PLAN-FULL-RC#333192,Services,1F2,
Flight Plans,FLIGHT PLAN-FULL-RC#333194,Services,1F2,
Flight Plans,FLIGHT PLAN-FULL-RC#333211,Services,1F2,
Flight Plans,FLIGHT PLAN-FULL-RC#333212,Services,1F2,
Flight Plans,FLIGHT PLAN-FULL-RC#333223,Services,1F2,
Flight Plans,FLIGHT PLAN-FULL-RC#333232,Services,1F2,
Flight Plans,FLIGHT PLAN-FULL-RC#333241.,Services,1F2,
Flight Plans,FLIGHT PLAN-FULL-RC#333252.,Services,1F2,
Flight Plans,FLIGHT PLAN-FULL-RC#333312,Services,1F2,
Flight Plans,FLIGHT PLAN-FULL-RC#333344,Services,1F2,
Flight Plans,FLIGHT PLAN-FULL-RC#333371,Services,1F2,
Flight Plans,FLIGHT PLAN-FULL-RC#333439,Services,1F2,
Flight Plans,FLIGHT PLAN-FULL-RC#333495,Services,1F2,
Flight Plans,FLIGHT PLAN-FULL-RC#333498,Services,1F2,
Flight Plans,FLIGHT PLAN-FULL-RC#333506,Services,1F2,
Flight Plans,FLIGHT PLAN-FULL-RC#333509,Services,1F2,
Flight Plans,FLIGHT PLAN-FULL-RC#333522,Services,1F2,
Flight Plans,FLIGHT PLAN-FULL-RC#333523,Services,1F2,
Flight Plans,FLIGHT PLAN-FULL-RC#333524,Services,1F2,
Flight Plans,FLIGHT PLAN-FULL-RC#333526,Services,1F2,
Flight Plans,FLIGHT PLAN-FULL-RC#333532,Services,1F2,
Flight Plans,FLIGHT PLAN-FULL-RC#333551,Services,1F2,
Flight Plans,FLIGHT PLAN-FULL-RC#333556,Services,1F2,
Flight Plans,FLIGHT PLAN-FULL-RC#333611,Services,1F2,
Flight Plans,FLIGHT PLAN-FULL-RC#333620,Services,1F2,
Flight Plans,FLIGHT PLAN-FULL-RC#333740,Services,1F2,
Flight Plans,FLIGHT PLAN-FULL-RC#333742,Services,1F2,
Flight Plans,FLIGHT PLAN-FULL-RC#333743,Services,1F2,
Flight Plans,FLIGHT PLAN-FULL-RC#333744,Services,1F2,
Flight Plans,FLIGHT PLAN-FULL-RC#333753,Services,1F2,
Flight Plans,FLIGHT PLAN-FULL-RC#333777,Services,1F2,
Flight Plans,FLIGHT PLAN-FULL-RC#333798,Services,1F2,
Flight Plans,FLIGHT PLAN-FULL-RC#333806,Services,1F2,
Flight Plans,FLIGHT PLAN-FULL-RC#333830,Services,1F2,
Flight Plans,FLIGHT PLAN-FULL-RC#333846,Services,1F2,
Flight Plans,FLIGHT PLAN-FULL-RC#333868,Services,1F2,
Flight Plans,FLIGHT PLAN-FULL-RC#333870,Services,1F2,
Flight Plans,FLIGHT PLAN-FULL-RC#333886,Services,1F2,
Flight Plans,FLIGHT PLAN-FULL-RC#333889,Services,1F2,
Flight Plans,FLIGHT PLAN-FULL-RC#333899,Services,1F2,
Flight Plans,FLIGHT PLAN-FULL-RC#333925,Services,1F2,
Flight Plans,FLIGHT PLAN-FULL-RC#333932,Services,1F2,
Flight Plans,FLIGHT PLAN-FULL-RC#333936,Services,1F2,
Flight Plans,FLIGHT PLAN-FULL-RC#333939,Services,1F2,
Flight Plans,FLIGHT PLAN-FULL-RC#333943,Services,1F2,
Flight Plans,FLIGHT PLAN-FULL-RC#333944,Services,1F2,
Flight Plans,FLIGHT PLAN-FULL-RC#333951,Services,1F2,
Flight Plans,FLIGHT PLAN-FULL-RC#333953,Services,1F2,
Flight Plans,FLIGHT PLAN-FULL-RC#333959,Services,1F2,
Flight Plans,FLIGHT PLAN-FULL-RC#333966,Services,1F2,
Flight Plans,FLIGHT PLAN-FULL-RC#333995,Services,1F2,
Flight Plans,FLIGHT PLAN-FULL-RC#334000,Services,1F2,
Flight Plans,FLIGHT PLAN-FULL-RC#334012,Services,1F2,
Flight Plans,FLIGHT PLAN-FULL-RC#334013,Services,1F2,
Flight Plans,FLIGHT PLAN-FULL-RC#334016,Services,1F2,
Flight Plans,FLIGHT PLAN-FULL-RC#334019,Services,1F2,
Flight Plans,FLIGHT PLAN-FULL-RC#334038,Services,1F2,
Flight Plans,FLIGHT PLAN-FULL-RC#334051,Services,1F2,
Flight Plans,FLIGHT PLAN-FULL-RC#334061,Services,1F2,
Flight Plans,FLIGHT PLAN-FULL-RC#334072,Services,1F2,
Flight Plans,FLIGHT PLAN-FULL-RC#334073,Services,1F2,
Flight Plans,FLIGHT PLAN-FULL-RC#334079,Services,1F2,
Flight Plans,FLIGHT PLAN-FULL-RC#334084,Services,1F2,
Flight Plans,FLIGHT PLAN-FULL-RC#334098,Services,1F2,
Flight Plans,FLIGHT PLAN-FULL-RC#334107,Services,1F2,
Flight Plans,FLIGHT PLAN-FULL-RC#334110,Services,1F2,
Flight Plans,FLIGHT PLAN-FULL-RC#334129,Services,1F2,
Flight Plans,FLIGHT PLAN-FULL-RC#334130,Services,1F2,
Flight Plans,FLIGHT PLAN-FULL-RC#334132,Services,1F2,
Flight Plans,FLIGHT PLAN-FULL-RC#334135,Services,1F2,
Flight Plans,FLIGHT PLAN-FULL-RC#334148,Services,1F2,
Flight Plans,FLIGHT PLAN-FULL-RC#334150,Services,1F2,
Flight Plans,FLIGHT PLAN-FULL-RC#334152,Services,1F2,
Flight Plans,FLIGHT PLAN-FULL-RC#334164,Services,1F2,
Flight Plans,FLIGHT PLAN-FULL-RC#334166,Services,1F2,
Flight Plans,FLIGHT PLAN-FULL-RC#334168,Services,1F2,
Flight Plans,FLIGHT PLAN-FULL-RC#334178,Services,1F2,
Flight Plans,FLIGHT PLAN-FULL-RC#334198,Services,1F2,
Flight Plans,FLIGHT PLAN-FULL-RC#334203,Services,1F2,
Flight Plans,FLIGHT PLAN-FULL-RC#334215,Services,1F2,
Flight Plans,FLIGHT PLAN-FULL-RC#334237,Services,1F2,
Flight Plans,FLIGHT PLAN-FULL-RC#334239,Services,1F2,
Flight Plans,FLIGHT PLAN-FULL-RC#334244,Services,1F2,
Flight Plans,FLIGHT PLAN-FULL-RC#334250,Services,1F2,
Flight Plans,FLIGHT PLAN-FULL-RC#334319,Services,1F2,
Flight Plans,FLIGHT PLAN-FULL-RC#334332,Services,1F2,
Flight Plans,FLIGHT PLAN-FULL-RC#334342,Services,1F2,
Flight Plans,FLIGHT PLAN-FULL-RC#334359,Services,1F2,
Flight Plans,FLIGHT PLAN-FULL-RC#334378,Services,1F2,
Flight Plans,FLIGHT PLAN-FULL-RC#334381,Services,1F2,
Flight Plans,FLIGHT PLAN-FULL-RC#334392,Services,1F2,
Flight Plans,FLIGHT PLAN-FULL-RC#334405,Services,1F2,
Flight Plans,FLIGHT PLAN-FULL-RC#334475,Services,1F2,
Flight Plans,FLIGHT PLAN-FULL-RC#334487,Services,1F2,
Flight Plans,FLIGHT PLAN-FULL-RC#334489,Services,1F2,
Flight Plans,FLIGHT PLAN-FULL-RC#334495,Services,1F2,
Flight Plans,FLIGHT PLAN-FULL-RC#334500,Services,1F2,
Flight Plans,FLIGHT PLAN-FULL-RC#334533,Services,1F2,
Flight Plans,FLIGHT PLAN-FULL-RC#334534,Services,1F2,
Flight Plans,FLIGHT PLAN-FULL-RC#334541,Services,1F2,
Flight Plans,FLIGHT PLAN-FULL-RC#334559,Services,1F2,
Flight Plans,FLIGHT PLAN-FULL-RC#334565,Services,1F2,
Flight Plans,FLIGHT PLAN-FULL-RC#334589,Services,1F2,
Flight Plans,FLIGHT PLAN-FULL-RC#334617,Services,1F2,
Flight Plans,FLIGHT PLAN-FULL-RC#334670,Services,1F2,
Flight Plans,FLIGHT PLAN-FULL-RC#334687,Services,1F2,
Flight Plans,FLIGHT PLAN-FULL-RC#334698,Services,1F2,
Flight Plans,FLIGHT PLAN-FULL-RC#334803,Services,1F2,
Flight Plans,FLIGHT PLAN-FULL-RC#334913,Services,1F2,
Flight Plans,FLIGHT PLAN-FULL-RC#334924,Services,1F2,
Flight Plans,FLIGHT PLAN-FULL-RC#334926,Services,1F2,
Flight Plans,FLIGHT PLAN-FULL-RC#334956,Services,1F2,
Flight Plans,FLIGHT PLAN-FULL-RC#334965,Services,1F2,
Flight Plans,FLIGHT PLAN-FULL-RC#334984,Services,1F2,
Flight Plans,FLIGHT PLAN-FULL-RC#335012,Services,1F2,
Flight Plans,FLIGHT PLAN-FULL-RC#335013,Services,1F2,
Flight Plans,FLIGHT PLAN-FULL-RC#335045,Services,1F2,
Flight Plans,FLIGHT PLAN-FULL-RC#335050,Services,1F2,
Flight Plans,FLIGHT PLAN-FULL-RC#335053,Services,1F2,
Flight Plans,FLIGHT PLAN-FULL-RC#335077,Services,1F2,
Flight Plans,FLIGHT PLAN-FULL-RC#335081,Services,1F2,
Flight Plans,FLIGHT PLAN-FULL-RC#335082,Services,1F2,
Flight Plans,FLIGHT PLAN-FULL-RC#335106,Services,1F2,
Flight Plans,FLIGHT PLAN-FULL-RC#335130,Services,1F2,
Flight Plans,FLIGHT PLAN-FULL-RC#335187,Services,1F2,
Flight Plans,FLIGHT PLAN-FULL-RC#335276,Services,1F2,
Flight Plans,FLIGHT PLAN-FULL-RC#335298,Services,1F2,
Flight Plans,FLIGHT PLAN-FULL-RC#335371,Services,1F2,
Flight Plans,FLIGHT PLAN-FULL-RC#335373,Services,1F2,
Flight Plans,FLIGHT PLAN-FULL-RC#335379,Services,1F2,
Flight Plans,FLIGHT PLAN-FULL-RC#335390,Services,1F2,
Flight Plans,FLIGHT PLAN-FULL-RC#335392,Services,1F2,
Flight Plans,FLIGHT PLAN-FULL-RC#335420,Services,1F2,
Flight Plans,FLIGHT PLAN-FULL-RC#335428,Services,1F2,
Flight Plans,FLIGHT PLAN-FULL-RC#335447,Services,1F2,
Flight Plans,FLIGHT PLAN-FULL-RC#335451,Services,1F2,
Flight Plans,FLIGHT PLAN-FULL-RC#335452,Services,1F2,
Flight Plans,FLIGHT PLAN-FULL-RC#335488,Services,1F2,
Flight Plans,FLIGHT PLAN-FULL-RC#335506,Services,1F2,
Flight Plans,FLIGHT PLAN-FULL-RC#335507,Services,1F2,
Flight Plans,FLIGHT PLAN-FULL-RC#335552,Services,1F2,
Flight Plans,FLIGHT PLAN-FULL-RC#335648,Services,1F2,
Flight Plans,FLIGHT PLAN-FULL-RC#335649,Services,1F2,
Flight Plans,FLIGHT PLAN-FULL-RC#335654,Services,1F2,
Flight Plans,FLIGHT PLAN-FULL-RC#335690,Services,1F2,
Flight Plans,FLIGHT PLAN-FULL-RC#335729,Services,1F2,
Flight Plans,FLIGHT PLAN-FULL-RC#335738,Services,1F2,
Flight Plans,FLIGHT PLAN-FULL-RC#335783,Services,1F2,
Flight Plans,FLIGHT PLAN-FULL-RC#335788,Services,1F2,
Flight Plans,FLIGHT PLAN-FULL-RC#335794,Services,1F2,
Flight Plans,FLIGHT PLAN-FULL-RC#335801,Services,1F2,
Flight Plans,FLIGHT PLAN-FULL-RC#335804,Services,1F2,
Flight Plans,FLIGHT PLAN-FULL-RC#335809,Services,1F2,
Flight Plans,FLIGHT PLAN-FULL-RC#335816,Services,1F2,
Flight Plans,FLIGHT PLAN-FULL-RC#335833,Services,1F2,
Flight Plans,FLIGHT PLAN-FULL-RC#335839,Services,1F2,
Flight Plans,FLIGHT PLAN-FULL-RC#335880,Services,1F2,
Flight Plans,FLIGHT PLAN-FULL-RC#335892,Services,1F2,
Flight Plans,FLIGHT PLAN-FULL-RC#335894,Services,1F2,
Flight Plans,FLIGHT PLAN-FULL-RC#335906,Services,1F2,
Flight Plans,FLIGHT PLAN-FULL-RC#335925,Services,1F2,
Flight Plans,FLIGHT PLAN-FULL-RC#335933,Services,1F2,
Flight Plans,FLIGHT PLAN-FULL-RC#335957,Services,1F2,
Flight Plans,FLIGHT PLAN-FULL-RC#335966,Services,1F2,
Flight Plans,FLIGHT PLAN-FULL-RC#335973,Services,1F2,
Flight Plans,FLIGHT PLAN-FULL-RC#335983,Services,1F2,
Flight Plans,FLIGHT PLAN-FULL-RC#335998,Services,1F2,
Flight Plans,FLIGHT PLAN-FULL-RC#336006,Services,1F2,
Flight Plans,FLIGHT PLAN-FULL-RC#336011,Services,1F2,
Flight Plans,FLIGHT PLAN-FULL-RC#336025,Services,1F2,
Flight Plans,FLIGHT PLAN-FULL-RC#336046,Services,1F2,
Flight Plans,FLIGHT PLAN-FULL-RC#336048,Services,1F2,
Flight Plans,FLIGHT PLAN-FULL-RC#336116,Services,1F2,
Flight Plans,FLIGHT PLAN-FULL-RC#336137,Services,1F2,
Flight Plans,FLIGHT PLAN-FULL-RC#336160,Services,1F2,
Flight Plans,FLIGHT PLAN-FULL-RC#336163,Services,1F2,
Flight Plans,FLIGHT PLAN-FULL-RC#336196,Services,1F2,
Flight Plans,FLIGHT PLAN-FULL-RC#336197,Services,1F2,
Flight Plans,FLIGHT PLAN-FULL-RC#336265,Services,1F2,
Flight Plans,FLIGHT PLAN-FULL-RC#336296,Services,1F2,
Flight Plans,FLIGHT PLAN-FULL-RC#336300,Services,1F2,
Flight Plans,FLIGHT PLAN-FULL-RC#336306,Services,1F2,
Flight Plans,FLIGHT PLAN-FULL-RC#336330,Services,1F2,
Flight Plans,FLIGHT PLAN-FULL-RC#336332,Services,1F2,
Flight Plans,FLIGHT PLAN-FULL-RC#336336,Services,1F2,
Flight Plans,FLIGHT PLAN-FULL-RC#336349,Services,1F2,
Flight Plans,FLIGHT PLAN-FULL-RC#336358,Services,1F2,
Flight Plans,FLIGHT PLAN-FULL-RC#336384,Services,1F2,
Flight Plans,FLIGHT PLAN-FULL-RC#336390,Services,1F2,
Flight Plans,FLIGHT PLAN-FULL-RC#336403,Services,1F2,
Flight Plans,FLIGHT PLAN-FULL-RC#336421,Services,1F2,
Flight Plans,FLIGHT PLAN-FULL-RC#336424,Services,1F2,
Flight Plans,FLIGHT PLAN-FULL-RC#336430,Services,1F2,
Flight Plans,FLIGHT PLAN-FULL-RC#336434,Services,1F2,
Flight Plans,FLIGHT PLAN-FULL-RC#336439,Services,1F2,
Flight Plans,FLIGHT PLAN-FULL-RC#336465,Services,1F2,
Flight Plans,FLIGHT PLAN-FULL-RC#336487,Services,1F2,
Flight Plans,FLIGHT PLAN-FULL-RC#336511,Services,1F2,
Flight Plans,FLIGHT PLAN-FULL-RC#336560,Services,1F2,
Flight Plans,FLIGHT PLAN-FULL-RC#336579,Services,1F2,
Flight Plans,FLIGHT PLAN-FULL-RC#336588,Services,1F2,
Flight Plans,FLIGHT PLAN-FULL-RC#336589,Services,1F2,
Flight Plans,FLIGHT PLAN-FULL-RC#336605,Services,1F2,
Flight Plans,FLIGHT PLAN-FULL-RC#336630,Services,1F2,
Flight Plans,FLIGHT PLAN-FULL-RC#336638,Services,1F2,
Flight Plans,FLIGHT PLAN-FULL-RC#336670,Services,1F2,
Flight Plans,FLIGHT PLAN-FULL-RC#336703,Services,1F2,
Flight Plans,FLIGHT PLAN-FULL-RC#336713,Services,1F2,
Flight Plans,FLIGHT PLAN-FULL-RC#336723,Services,1F2,
Flight Plans,FLIGHT PLAN-FULL-RC#336724,Services,1F2,
Flight Plans,FLIGHT PLAN-FULL-RC#336740,Services,1F2,
Flight Plans,FLIGHT PLAN-FULL-RC#336741,Services,1F2,
Flight Plans,FLIGHT PLAN-FULL-RC#336759,Services,1F2,
Flight Plans,FLIGHT PLAN-FULL-RC#336819,Services,1F2,
Flight Plans,FLIGHT PLAN-FULL-RC#336844,Services,1F2,
Flight Plans,FLIGHT PLAN-FULL-RC#336870,Services,1F2,
Flight Plans,FLIGHT PLAN-FULL-RC#336874,Services,1F2,
Flight Plans,FLIGHT PLAN-FULL-RC#336878,Services,1F2,
Flight Plans,FLIGHT PLAN-FULL-RC#336885,Services,1F2,
Flight Plans,FLIGHT PLAN-FULL-RC#336943,Services,1F2,
Flight Plans,FLIGHT PLAN-FULL-RC#336955,Services,1F2,
Flight Plans,FLIGHT PLAN-FULL-RC#336959,Services,1F2,
Flight Plans,FLIGHT PLAN-FULL-RC#336981,Services,1F2,
Flight Plans,FLIGHT PLAN-FULL-RC#336987,Services,1F2,
Flight Plans,FLIGHT PLAN-FULL-RC#336990,Services,1F2,
Flight Plans,FLIGHT PLAN-FULL-RC#336991,Services,1F2,
Flight Plans,FLIGHT PLAN-FULL-RC#336998,Services,1F2,
Flight Plans,FLIGHT PLAN-FULL-RC#337002,Services,1F2,
Flight Plans,FLIGHT PLAN-FULL-RC#337050,Services,1F2,
Flight Plans,FLIGHT PLAN-FULL-RC#337055,Services,1F2,
Flight Plans,FLIGHT PLAN-FULL-RC#337067,Services,1F2,
Flight Plans,FLIGHT PLAN-FULL-RC#337106,Services,1F2,
Flight Plans,FLIGHT PLAN-FULL-RC#337114,Services,1F2,
Flight Plans,FLIGHT PLAN-FULL-RC#337117,Services,1F2,
Flight Plans,FLIGHT PLAN-FULL-RC#337122,Services,1F2,
Flight Plans,FLIGHT PLAN-FULL-RC#337124,Services,1F2,
Flight Plans,FLIGHT PLAN-FULL-RC#337150,Services,1F2,
Flight Plans,FLIGHT PLAN-FULL-RC#337152,Services,1F2,
Flight Plans,FLIGHT PLAN-FULL-RC#337155,Services,1F2,
Flight Plans,FLIGHT PLAN-FULL-RC#337156,Services,1F2,
Flight Plans,FLIGHT PLAN-FULL-RC#337196,Services,1F2,
Flight Plans,FLIGHT PLAN-FULL-RC#337197,Services,1F2,
Flight Plans,FLIGHT PLAN-FULL-RC#337211,Services,1F2,
Flight Plans,FLIGHT PLAN-FULL-RC#337239,Services,1F2,
Flight Plans,FLIGHT PLAN-FULL-RC#337241,Services,1F2,
Flight Plans,FLIGHT PLAN-FULL-RC#337242,Services,1F2,
Flight Plans,FLIGHT PLAN-FULL-RC#337246,Services,1F2,
Flight Plans,FLIGHT PLAN-FULL-RC#337259,Services,1F2,
Flight Plans,FLIGHT PLAN-FULL-RC#337287,Services,1F2,
Flight Plans,FLIGHT PLAN-FULL-RC#337291,Services,1F2,
Flight Plans,FLIGHT PLAN-FULL-RC#337328,Services,1F2,
Flight Plans,FLIGHT PLAN-FULL-RC#337337,Services,1F2,
Flight Plans,FLIGHT PLAN-FULL-RC#337350,Services,1F2,
Flight Plans,FLIGHT PLAN-FULL-RC#337357,Services,1F2,
Flight Plans,FLIGHT PLAN-FULL-RC#337361,Services,1F2,
Flight Plans,FLIGHT PLAN-FULL-RC#337393,Services,1F2,
Flight Plans,FLIGHT PLAN-FULL-RC#337408,Services,1F2,
Flight Plans,FLIGHT PLAN-FULL-RC#337409,Services,1F2,
Flight Plans,FLIGHT PLAN-FULL-RC#337418,Services,1F2,
Flight Plans,FLIGHT PLAN-FULL-RC#337420,Services,1F2,
Flight Plans,FLIGHT PLAN-FULL-RC#337429,Services,1F2,
Flight Plans,FLIGHT PLAN-FULL-RC#337437,Services,1F2,
Flight Plans,FLIGHT PLAN-FULL-RC#337440,Services,1F2,
Flight Plans,FLIGHT PLAN-FULL-RC#337442,Services,1F2,
Flight Plans,FLIGHT PLAN-FULL-RC#337446,Services,1F2,
Flight Plans,FLIGHT PLAN-FULL-RC#337459,Services,1F2,
Flight Plans,FLIGHT PLAN-FULL-RC#337475,Services,1F2,
Flight Plans,FLIGHT PLAN-FULL-RC#337484,Services,1F2,
Flight Plans,FLIGHT PLAN-FULL-RC#337486,Services,1F2,
Flight Plans,FLIGHT PLAN-FULL-RC#337510,Services,1F2,
Flight Plans,FLIGHT PLAN-FULL-RC#337603,Services,1F2,
Flight Plans,FLIGHT PLAN-FULL-RC#337643,Services,1F2,
Flight Plans,FLIGHT PLAN-FULL-RC#337646,Services,1F2,
Flight Plans,FLIGHT PLAN-FULL-RC#337668,Services,1F2,
Flight Plans,FLIGHT PLAN-FULL-RC#337671,Services,1F2,
Flight Plans,FLIGHT PLAN-FULL-RC#337678,Services,1F2,
Flight Plans,FLIGHT PLAN-FULL-RC#337693,Services,1F2,
Flight Plans,FLIGHT PLAN-FULL-RC#337704,Services,1F2,
Flight Plans,FLIGHT PLAN-FULL-RC#337705,Services,1F2,
Flight Plans,FLIGHT PLAN-FULL-RC#337729,Services,1F2,
Flight Plans,FLIGHT PLAN-FULL-RC#337731,Services,1F2,
Flight Plans,FLIGHT PLAN-FULL-RC#337742,Services,1F2,
Flight Plans,FLIGHT PLAN-FULL-RC#337767,Services,1F2,
Flight Plans,FLIGHT PLAN-FULL-RC#337778,Services,1F2,
Flight Plans,FLIGHT PLAN-FULL-RC#337798,Services,1F2,
Flight Plans,FLIGHT PLAN-FULL-RC#337823,Services,1F2,
Flight Plans,FLIGHT PLAN-FULL-RC#337864,Services,1F2,
Flight Plans,FLIGHT PLAN-FULL-RC#337869,Services,1F2,
Flight Plans,FLIGHT PLAN-FULL-RC#337890,Services,1F2,
Flight Plans,FLIGHT PLAN-FULL-RC#337917,Services,1F2,
Flight Plans,FLIGHT PLAN-FULL-RC#337960,Services,1F2,
Flight Plans,FLIGHT PLAN-FULL-RC#337986,Services,1F2,
Flight Plans,FLIGHT PLAN-FULL-RC#337993,Services,1F2,
Flight Plans,FLIGHT PLAN-FULL-RC#338135,Services,1F2,
Flight Plans,FLIGHT PLAN-FULL-RC#338139,Services,1F2,
Flight Plans,FLIGHT PLAN-FULL-RC#338141,Services,1F2,
Flight Plans,FLIGHT PLAN-FULL-RC#338153,Services,1F2,
Flight Plans,FLIGHT PLAN-FULL-RC#338176,Services,1F2,
Flight Plans,FLIGHT PLAN-FULL-RC#338184,Services,1F2,
Flight Plans,FLIGHT PLAN-FULL-RC#338236,Services,1F2,
Flight Plans,FLIGHT PLAN-FULL-RC#338238,Services,1F2,
Flight Plans,FLIGHT PLAN-FULL-RC#338255,Services,1F2,
Flight Plans,FLIGHT PLAN-FULL-RC#338259,Services,1F2,
Flight Plans,FLIGHT PLAN-FULL-RC#338287,Services,1F2,
Flight Plans,FLIGHT PLAN-FULL-RC#338319,Services,1F2,
Flight Plans,FLIGHT PLAN-FULL-RC#338326,Services,1F2,
Flight Plans,FLIGHT PLAN-FULL-RC#338329,Services,1F2,
Flight Plans,FLIGHT PLAN-FULL-RC#338347,Services,1F2,
Flight Plans,FLIGHT PLAN-FULL-RC#338351,Services,1F2,
Flight Plans,FLIGHT PLAN-FULL-RC#338352,Services,1F2,
Flight Plans,FLIGHT PLAN-FULL-RC#338356,Services,1F2,
Flight Plans,FLIGHT PLAN-FULL-RC#338370,Services,1F2,
Flight Plans,FLIGHT PLAN-FULL-RC#338381,Services,1F2,
Flight Plans,FLIGHT PLAN-FULL-RC#338409,Services,1F2,
Flight Plans,FLIGHT PLAN-FULL-RC#338422,Services,1F2,
Flight Plans,FLIGHT PLAN-FULL-RC#338477,Services,1F2,
Flight Plans,FLIGHT PLAN-FULL-RC#338490,Services,1F2,
Flight Plans,FLIGHT PLAN-FULL-RC#338517,Services,1F2,
Flight Plans,FLIGHT PLAN-FULL-RC#338567,Services,1F2,
Flight Plans,FLIGHT PLAN-FULL-RC#338598,Services,1F2,
Flight Plans,FLIGHT PLAN-FULL-RC#338726,Services,1F2,
Flight Plans,FLIGHT PLAN-FULL-RC#338736,Services,1F2,
Flight Plans,FLIGHT PLAN-FULL-RC#338739,Services,1F2,
Flight Plans,FLIGHT PLAN-FULL-RC#338747,Services,1F2,
Flight Plans,FLIGHT PLAN-FULL-RC#338762,Services,1F2,
Flight Plans,FLIGHT PLAN-FULL-RC#338782,Services,1F2,
Flight Plans,FLIGHT PLAN-FULL-RC#338784,Services,1F2,
Flight Plans,FLIGHT PLAN-FULL-RC#338791,Services,1F2,
Flight Plans,FLIGHT PLAN-FULL-RC#338792,Services,1F2,
Flight Plans,FLIGHT PLAN-FULL-RC#338800,Services,1F2,
Flight Plans,FLIGHT PLAN-FULL-RC#338803,Services,1F2,
Flight Plans,FLIGHT PLAN-FULL-RC#338804,Services,1F2,
Flight Plans,FLIGHT PLAN-FULL-RC#338820,Services,1F2,
Flight Plans,FLIGHT PLAN-FULL-RC#338822,Services,1F2,
Flight Plans,FLIGHT PLAN-FULL-RC#338824,Services,1F2,
Flight Plans,FLIGHT PLAN-FULL-RC#338846,Services,1F2,
Flight Plans,FLIGHT PLAN-FULL-RC#338854,Services,1F2,
Flight Plans,FLIGHT PLAN-FULL-RC#338855,Services,1F2,
Flight Plans,FLIGHT PLAN-FULL-RC#338856,Services,1F2,
Flight Plans,FLIGHT PLAN-FULL-RC#338889,Services,1F2,
Flight Plans,FLIGHT PLAN-FULL-RC#338914,Services,1F2,
Flight Plans,FLIGHT PLAN-FULL-RC#338923,Services,1F2,
Flight Plans,FLIGHT PLAN-FULL-RC#338932,Services,1F2,
Flight Plans,FLIGHT PLAN-FULL-RC#338939,Services,1F2,
Flight Plans,FLIGHT PLAN-FULL-RC#338975,Services,1F2,
Flight Plans,FLIGHT PLAN-FULL-RC#339067,Services,1F2,
Flight Plans,FLIGHT PLAN-FULL-RC#339093,Services,1F2,
Flight Plans,FLIGHT PLAN-FULL-RC#339095,Services,1F2,
Flight Plans,FLIGHT PLAN-FULL-RC#339113,Services,1F2,
Flight Plans,FLIGHT PLAN-FULL-RC#339117,Services,1F2,
Flight Plans,FLIGHT PLAN-FULL-RC#339119,Services,1F2,
Flight Plans,FLIGHT PLAN-FULL-RC#339137,Services,1F2,
Flight Plans,FLIGHT PLAN-FULL-RC#339157,Services,1F2,
Flight Plans,FLIGHT PLAN-FULL-RC#339163,Services,1F2,
Flight Plans,FLIGHT PLAN-FULL-RC#339165,Services,1F2,
Flight Plans,FLIGHT PLAN-FULL-RC#339192,Services,1F2,
Flight Plans,FLIGHT PLAN-FULL-RC#339203,Services,1F2,
Flight Plans,FLIGHT PLAN-FULL-RC#339204,Services,1F2,
Flight Plans,FLIGHT PLAN-FULL-RC#339205,Services,1F2,
Flight Plans,FLIGHT PLAN-FULL-RC#339234,Services,1F2,
Flight Plans,FLIGHT PLAN-FULL-RC#339241,Services,1F2,
Flight Plans,FLIGHT PLAN-FULL-RC#339243,Services,1F2,
Flight Plans,FLIGHT PLAN-FULL-RC#339244,Services,1F2,
Flight Plans,FLIGHT PLAN-FULL-RC#339246,Services,1F2,
Flight Plans,FLIGHT PLAN-FULL-RC#339253,Services,1F2,
Flight Plans,FLIGHT PLAN-FULL-RC#339262,Services,1F2,
Flight Plans,FLIGHT PLAN-FULL-RC#339263,Services,1F2,
Flight Plans,FLIGHT PLAN-FULL-RC#339264,Services,1F2,
Flight Plans,FLIGHT PLAN-FULL-RC#339268,Services,1F2,
Flight Plans,FLIGHT PLAN-FULL-RC#339270,Services,1F2,
Flight Plans,FLIGHT PLAN-FULL-RC#339273,Services,1F2,
Flight Plans,FLIGHT PLAN-FULL-RC#339313,Services,1F2,
Flight Plans,FLIGHT PLAN-FULL-RC#339328,Services,1F2,
Flight Plans,FLIGHT PLAN-FULL-RC#339330,Services,1F2,
Flight Plans,FLIGHT PLAN-FULL-RC#339333,Services,1F2,
Flight Plans,FLIGHT PLAN-FULL-RC#339334,Services,1F2,
Flight Plans,FLIGHT PLAN-FULL-RC#339349,Services,1F2,
Flight Plans,FLIGHT PLAN-FULL-RC#339350,Services,1F2,
Flight Plans,FLIGHT PLAN-FULL-RC#339365,Services,1F2,
Flight Plans,FLIGHT PLAN-FULL-RC#339437,Services,1F2,
Flight Plans,FLIGHT PLAN-FULL-RC#339475,Services,1F2,
Flight Plans,FLIGHT PLAN-FULL-RC#339511,Services,1F2,
Flight Plans,FLIGHT PLAN-FULL-RC#339592,Services,1F2,
Flight Plans,FLIGHT PLAN-FULL-RC#339593,Services,1F2,
Flight Plans,FLIGHT PLAN-FULL-RC#339606,Services,1F2,
Flight Plans,FLIGHT PLAN-FULL-RC#339618,Services,1F2,
Flight Plans,FLIGHT PLAN-FULL-RC#339632,Services,1F2,
Flight Plans,FLIGHT PLAN-FULL-RC#339641,Services,1F2,
Flight Plans,FLIGHT PLAN-FULL-RC#339646,Services,1F2,
Flight Plans,FLIGHT PLAN-FULL-RC#339666,Services,1F2,
Flight Plans,FLIGHT PLAN-FULL-RC#339682,Services,1F2,
Flight Plans,FLIGHT PLAN-FULL-RC#339685,Services,1F2,
Flight Plans,FLIGHT PLAN-FULL-RC#339686,Services,1F2,
Flight Plans,FLIGHT PLAN-FULL-RC#339694,Services,1F2,
Flight Plans,FLIGHT PLAN-FULL-RC#339696,Services,1F2,
Flight Plans,FLIGHT PLAN-FULL-RC#339702,Services,1F2,
Flight Plans,FLIGHT PLAN-FULL-RC#339710,Services,1F2,
Flight Plans,FLIGHT PLAN-FULL-RC#339721,Services,1F2,
Flight Plans,FLIGHT PLAN-FULL-RC#339722,Services,1F2,
Flight Plans,FLIGHT PLAN-FULL-RC#339748,Services,1F2,
Flight Plans,FLIGHT PLAN-FULL-RC#339755,Services,1F2,
Flight Plans,FLIGHT PLAN-FULL-RC#339766,Services,1F2,
Flight Plans,FLIGHT PLAN-FULL-RC#339767,Services,1F2,
Flight Plans,FLIGHT PLAN-FULL-RC#339768,Services,1F2,
Flight Plans,FLIGHT PLAN-FULL-RC#339808,Services,1F2,
Flight Plans,FLIGHT PLAN-FULL-RC#339818,Services,1F2,
Flight Plans,FLIGHT PLAN-FULL-RC#339823,Services,1F2,
Flight Plans,FLIGHT PLAN-FULL-RC#339846,Services,1F2,
Flight Plans,FLIGHT PLAN-FULL-RC#339879,Services,1F2,
Flight Plans,FLIGHT PLAN-FULL-RC#339891,Services,1F2,
Flight Plans,FLIGHT PLAN-FULL-RC#339892,Services,1F2,
Flight Plans,FLIGHT PLAN-FULL-RC#339894,Services,1F2,
Flight Plans,FLIGHT PLAN-FULL-RC#339947,Services,1F2,
Flight Plans,FLIGHT PLAN-FULL-RC#339967,Services,1F2,
Flight Plans,FLIGHT PLAN-FULL-RC#339984,Services,1F2,
Flight Plans,FLIGHT PLAN-FULL-RC#339997,Services,1F2,
Flight Plans,FLIGHT PLAN-FULL-RC#340001,Services,1F2,
Flight Plans,FLIGHT PLAN-FULL-RC#340014,Services,1F2,
Flight Plans,FLIGHT PLAN-FULL-RC#340016,Services,1F2,
Flight Plans,FLIGHT PLAN-FULL-RC#340017,Services,1F2,
Flight Plans,FLIGHT PLAN-FULL-RC#340021,Services,1F2,
Flight Plans,FLIGHT PLAN-FULL-RC#340051,Services,1F2,
Flight Plans,FLIGHT PLAN-FULL-RC#340056,Services,1F2,
Flight Plans,FLIGHT PLAN-FULL-RC#340089,Services,1F2,
Flight Plans,FLIGHT PLAN-FULL-RC#340114,Services,1F2,
Flight Plans,FLIGHT PLAN-FULL-RC#340118,Services,1F2,
Flight Plans,FLIGHT PLAN-FULL-RC#340119,Services,1F2,
Flight Plans,FLIGHT PLAN-FULL-RC#340120,Services,1F2,
Flight Plans,FLIGHT PLAN-FULL-RC#340194,Services,1F2,
Flight Plans,FLIGHT PLAN-FULL-RC#340197,Services,1F2,
Flight Plans,FLIGHT PLAN-FULL-RC#340208,Services,1F2,
Flight Plans,FLIGHT PLAN-FULL-RC#340216,Services,1F2,
Flight Plans,FLIGHT PLAN-FULL-RC#340249,Services,1F2,
Flight Plans,FLIGHT PLAN-FULL-RC#340288,Services,1F2,
Flight Plans,FLIGHT PLAN-FULL-RC#340292,Services,1F2,
Flight Plans,FLIGHT PLAN-FULL-RC#340303,Services,1F2,
Flight Plans,FLIGHT PLAN-FULL-RC#340304,Services,1F2,
Flight Plans,FLIGHT PLAN-FULL-RC#340317,Services,1F2,
Flight Plans,FLIGHT PLAN-FULL-RC#340320,Services,1F2,
Flight Plans,FLIGHT PLAN-FULL-RC#340347,Services,1F2,
Flight Plans,FLIGHT PLAN-FULL-RC#340354,Services,1F2,
Flight Plans,FLIGHT PLAN-FULL-RC#340355,Services,1F2,
Flight Plans,FLIGHT PLAN-FULL-RC#340379,Services,1F2,
Flight Plans,FLIGHT PLAN-FULL-RC#340388,Services,1F2,
Flight Plans,FLIGHT PLAN-FULL-RC#340392,Services,1F2,
Flight Plans,FLIGHT PLAN-FULL-RC#340396,Services,1F2,
Flight Plans,FLIGHT PLAN-FULL-RC#340623,Services,1F2,
Flight Plans,FLIGHT PLAN-FULL-RC#340627,Services,1F2,
Flight Plans,FLIGHT PLAN-FULL-RC#340639,Services,1F2,
Flight Plans,FLIGHT PLAN-FULL-RC#340770,Services,1F2,
Flight Plans,FLIGHT PLAN-FULL-RC#340874,Services,1F2,
Flight Plans,FLIGHT PLAN-FULL-RC#340892,Services,1F2,
Flight Plans,FLIGHT PLAN-FULL-RC#340896,Services,1F2,
Flight Plans,FLIGHT PLAN-FULL-RC#340930,Services,1F2,
Flight Plans,FLIGHT PLAN-FULL-RC#340952,Services,1F2,
Flight Plans,FLIGHT PLAN-FULL-RC#340955,Services,1F2,
Flight Plans,FLIGHT PLAN-FULL-RC#340992,Services,1F2,
Flight Plans,FLIGHT PLAN-FULL-RC#341037,Services,1F2,
Flight Plans,FLIGHT PLAN-FULL-RC#341043,Services,1F2,
Flight Plans,FLIGHT PLAN-FULL-RC#341053,Services,1F2,
Flight Plans,FLIGHT PLAN-FULL-RC#341056,Services,1F2,
Flight Plans,FLIGHT PLAN-FULL-RC#341064,Services,1F2,
Flight Plans,FLIGHT PLAN-FULL-RC#341070,Services,1F2,
Flight Plans,FLIGHT PLAN-FULL-RC#341109,Services,1F2,
Flight Plans,FLIGHT PLAN-FULL-RC#341110,Services,1F2,
Flight Plans,FLIGHT PLAN-FULL-RC#341116,Services,1F2,
Flight Plans,FLIGHT PLAN-FULL-RC#341128,Services,1F2,
Flight Plans,FLIGHT PLAN-FULL-RC#341163,Services,1F2,
Flight Plans,FLIGHT PLAN-FULL-RC#341172,Services,1F2,
Flight Plans,FLIGHT PLAN-FULL-RC#341182,Services,1F2,
Flight Plans,FLIGHT PLAN-FULL-RC#341190,Services,1F2,
Flight Plans,FLIGHT PLAN-FULL-RC#341236,Services,1F2,
Flight Plans,FLIGHT PLAN-FULL-RC#341239,Services,1F2,
Flight Plans,FLIGHT PLAN-FULL-RC#341243,Services,1F2,
Flight Plans,FLIGHT PLAN-FULL-RC#341276,Services,1F2,
Flight Plans,FLIGHT PLAN-FULL-RC#341303,Services,1F2,
Flight Plans,FLIGHT PLAN-FULL-RC#341354,Services,1F2,
Flight Plans,FLIGHT PLAN-FULL-RC#341380,Services,1F2,
Flight Plans,FLIGHT PLAN-FULL-RC#341424,Services,1F2,
Flight Plans,FLIGHT PLAN-FULL-RC#341439,Services,1F2,
Flight Plans,FLIGHT PLAN-FULL-RC#341441,Services,1F2,
Flight Plans,FLIGHT PLAN-FULL-RC#341491,Services,1F2,
Flight Plans,FLIGHT PLAN-FULL-RC#341502,Services,1F2,
Flight Plans,FLIGHT PLAN-FULL-RC#341515,Services,1F2,
Flight Plans,FLIGHT PLAN-FULL-RC#341526,Services,1F2,
Flight Plans,FLIGHT PLAN-FULL-RC#341625,Services,1F2,
Flight Plans,FLIGHT PLAN-FULL-RC#341628,Services,1F2,
Flight Plans,FLIGHT PLAN-FULL-RC#341631,Services,1F2,
Flight Plans,FLIGHT PLAN-FULL-RC#341654,Services,1F2,
Flight Plans,FLIGHT PLAN-FULL-RC#341696,Services,1F2,
Flight Plans,FLIGHT PLAN-FULL-RC#341710,Services,1F2,
Flight Plans,FLIGHT PLAN-FULL-RC#341729,Services,1F2,
Flight Plans,FLIGHT PLAN-FULL-RC#341730,Services,1F2,
Flight Plans,FLIGHT PLAN-FULL-RC#341739,Services,1F2,
Flight Plans,FLIGHT PLAN-FULL-RC#341821,Services,1F2,
Flight Plans,FLIGHT PLAN-FULL-RC#341832,Services,1F2,
Flight Plans,FLIGHT PLAN-FULL-RC#341851,Services,1F2,
Flight Plans,FLIGHT PLAN-FULL-RC#341887,Services,1F2,
Flight Plans,FLIGHT PLAN-FULL-RC#341918,Services,1F2,
Flight Plans,FLIGHT PLAN-FULL-RC#341920,Services,1F2,
Flight Plans,FLIGHT PLAN-FULL-RC#341965,Services,1F2,
Flight Plans,FLIGHT PLAN-FULL-RC#342011,Services,1F2,
Flight Plans,FLIGHT PLAN-FULL-RC#342015,Services,1F2,
Flight Plans,FLIGHT PLAN-FULL-RC#342023,Services,1F2,
Flight Plans,FLIGHT PLAN-FULL-RC#342038,Services,1F2,
Flight Plans,FLIGHT PLAN-FULL-RC#342041,Services,1F2,
Flight Plans,FLIGHT PLAN-FULL-RC#342063,Services,1F2,
Flight Plans,FLIGHT PLAN-FULL-RC#342067,Services,1F2,
Flight Plans,FLIGHT PLAN-FULL-RC#342069,Services,1F2,
Flight Plans,FLIGHT PLAN-FULL-RC#342104,Services,1F2,
Flight Plans,FLIGHT PLAN-FULL-RC#342106,Services,1F2,
Flight Plans,FLIGHT PLAN-FULL-RC#342112,Services,1F2,
Flight Plans,FLIGHT PLAN-FULL-RC#342115,Services,1F2,
Flight Plans,FLIGHT PLAN-FULL-RC#342117,Services,1F2,
Flight Plans,FLIGHT PLAN-FULL-RC#342118,Services,1F2,
Flight Plans,FLIGHT PLAN-FULL-RC#342120,Services,1F2,
Flight Plans,FLIGHT PLAN-FULL-RC#342128,Services,1F2,
Flight Plans,FLIGHT PLAN-FULL-RC#342153,Services,1F2,
Flight Plans,FLIGHT PLAN-FULL-RC#342160,Services,1F2,
Flight Plans,FLIGHT PLAN-FULL-RC#342176,Services,1F2,
Flight Plans,FLIGHT PLAN-FULL-RC#342181,Services,1F2,
Flight Plans,FLIGHT PLAN-FULL-RC#342212,Services,1F2,
Flight Plans,FLIGHT PLAN-FULL-RC#342213,Services,1F2,
Flight Plans,FLIGHT PLAN-FULL-RC#342218,Services,1F2,
Flight Plans,FLIGHT PLAN-FULL-RC#342222,Services,1F2,
Flight Plans,FLIGHT PLAN-FULL-RC#342236,Services,1F2,
Flight Plans,FLIGHT PLAN-FULL-RC#342245,Services,1F2,
Flight Plans,FLIGHT PLAN-FULL-RC#342253,Services,1F2,
Flight Plans,FLIGHT PLAN-FULL-RC#342278,Services,1F2,
Flight Plans,FLIGHT PLAN-FULL-RC#342279,Services,1F2,
Flight Plans,FLIGHT PLAN-FULL-RC#342303,Services,1F2,
Flight Plans,FLIGHT PLAN-FULL-RC#342315,Services,1F2,
Flight Plans,FLIGHT PLAN-FULL-RC#342350,Services,1F2,
Flight Plans,FLIGHT PLAN-FULL-RC#342411,Services,1F2,
Flight Plans,FLIGHT PLAN-FULL-RC#342414,Services,1F2,
Flight Plans,FLIGHT PLAN-FULL-RC#342461,Services,1F2,
Flight Plans,FLIGHT PLAN-FULL-RC#342474,Services,1F2,
Flight Plans,FLIGHT PLAN-FULL-RC#342494,Services,1F2,
Flight Plans,FLIGHT PLAN-FULL-RC#342534,Services,1F2,
Flight Plans,FLIGHT PLAN-FULL-RC#342540,Services,1F2,
Flight Plans,FLIGHT PLAN-FULL-RC#342542,Services,1F2,
Flight Plans,FLIGHT PLAN-FULL-RC#342592,Services,1F2,
Flight Plans,FLIGHT PLAN-FULL-RC#342603,Services,1F2,
Flight Plans,FLIGHT PLAN-FULL-RC#342635,Services,1F2,
Flight Plans,FLIGHT PLAN-FULL-RC#342646,Services,1F2,
Flight Plans,FLIGHT PLAN-FULL-RC#342669,Services,1F2,
Flight Plans,FLIGHT PLAN-FULL-RC#342671,Services,1F2,
Flight Plans,FLIGHT PLAN-FULL-RC#342695,Services,1F2,
Flight Plans,FLIGHT PLAN-FULL-RC#342712,Services,1F2,
Flight Plans,FLIGHT PLAN-FULL-RC#342714,Services,1F2,
Flight Plans,FLIGHT PLAN-FULL-RC#342715,Services,1F2,
Flight Plans,FLIGHT PLAN-FULL-RC#342719,Services,1F2,
Flight Plans,FLIGHT PLAN-FULL-RC#342738,Services,1F2,
Flight Plans,FLIGHT PLAN-FULL-RC#342749,Services,1F2,
Flight Plans,FLIGHT PLAN-FULL-RC#342766,Services,1F2,
Flight Plans,FLIGHT PLAN-FULL-RC#342854,Services,1F2,
Flight Plans,FLIGHT PLAN-FULL-RC#342918,Services,1F2,
Flight Plans,FLIGHT PLAN-FULL-RC#342936,Services,1F2,
Flight Plans,FLIGHT PLAN-FULL-RC#342937,Services,1F2,
Flight Plans,FLIGHT PLAN-FULL-RC#343084,Services,1F2,
Flight Plans,FLIGHT PLAN-FULL-RC#343087,Services,1F2,
Flight Plans,FLIGHT PLAN-FULL-RC#343109,Services,1F2,
Flight Plans,FLIGHT PLAN-FULL-RC#343119,Services,1F2,
Flight Plans,FLIGHT PLAN-FULL-RC#343120,Services,1F2,
Flight Plans,FLIGHT PLAN-FULL-RC#343137,Services,1F2,
Flight Plans,FLIGHT PLAN-FULL-RC#343157,Services,1F2,
Flight Plans,FLIGHT PLAN-FULL-RC#343165,Services,1F2,
Flight Plans,FLIGHT PLAN-FULL-RC#343172,Services,1F2,
Flight Plans,FLIGHT PLAN-FULL-RC#343176,Services,1F2,
Flight Plans,FLIGHT PLAN-FULL-RC#343278,Services,1F2,
Flight Plans,FLIGHT PLAN-FULL-RC#343286,Services,1F2,
Flight Plans,FLIGHT PLAN-FULL-RC#343309,Services,1F2,
Flight Plans,FLIGHT PLAN-FULL-RC#343322,Services,1F2,
Flight Plans,FLIGHT PLAN-FULL-RC#343325,Services,1F2,
Flight Plans,FLIGHT PLAN-FULL-RC#343326,Services,1F2,
Flight Plans,FLIGHT PLAN-FULL-RC#343327,Services,1F2,
Flight Plans,FLIGHT PLAN-FULL-RC#343328,Services,1F2,
Flight Plans,FLIGHT PLAN-FULL-RC#343332,Services,1F2,
Flight Plans,FLIGHT PLAN-FULL-RC#343335,Services,1F2,
Flight Plans,FLIGHT PLAN-FULL-RC#343338,Services,1F2,
Flight Plans,FLIGHT PLAN-FULL-RC#343342,Services,1F2,
Flight Plans,FLIGHT PLAN-FULL-RC#343350,Services,1F2,
Flight Plans,FLIGHT PLAN-FULL-RC#343362,Services,1F2,
Flight Plans,FLIGHT PLAN-FULL-RC#343363,Services,1F2,
Flight Plans,FLIGHT PLAN-FULL-RC#343364,Services,1F2,
Flight Plans,FLIGHT PLAN-FULL-RC#343369,Services,1F2,
Flight Plans,FLIGHT PLAN-FULL-RC#343379,Services,1F2,
Flight Plans,FLIGHT PLAN-FULL-RC#343389,Services,1F2,
Flight Plans,FLIGHT PLAN-FULL-RC#343390,Services,1F2,
Flight Plans,FLIGHT PLAN-FULL-RC#343397,Services,1F2,
Flight Plans,FLIGHT PLAN-FULL-RC#343413,Services,1F2,
Flight Plans,FLIGHT PLAN-FULL-RC#343458,Services,1F2,
Flight Plans,FLIGHT PLAN-FULL-RC#343460,Services,1F2,
Flight Plans,FLIGHT PLAN-FULL-RC#343481,Services,1F2,
Flight Plans,FLIGHT PLAN-FULL-RC#343500,Services,1F2,
Flight Plans,FLIGHT PLAN-FULL-RC#343508,Services,1F2,
Flight Plans,FLIGHT PLAN-FULL-RC#343529,Services,1F2,
Flight Plans,FLIGHT PLAN-FULL-RC#343533,Services,1F2,
Flight Plans,FLIGHT PLAN-FULL-RC#343539,Services,1F2,
Flight Plans,FLIGHT PLAN-FULL-RC#343547,Services,1F2,
Flight Plans,FLIGHT PLAN-FULL-RC#343553,Services,1F2,
Flight Plans,FLIGHT PLAN-FULL-RC#343562,Services,1F2,
Flight Plans,FLIGHT PLAN-FULL-RC#343574,Services,1F2,
Flight Plans,FLIGHT PLAN-FULL-RC#343578,Services,1F2,
Flight Plans,FLIGHT PLAN-FULL-RC#343579,Services,1F2,
Flight Plans,FLIGHT PLAN-FULL-RC#343585,Services,1F2,
Flight Plans,FLIGHT PLAN-FULL-RC#343591,Services,1F2,
Flight Plans,FLIGHT PLAN-FULL-RC#343592,Services,1F2,
Flight Plans,FLIGHT PLAN-FULL-RC#343596,Services,1F2,
Flight Plans,FLIGHT PLAN-FULL-RC#343597,Services,1F2,
Flight Plans,FLIGHT PLAN-FULL-RC#343599,Services,1F2,
Flight Plans,FLIGHT PLAN-FULL-RC#343601,Services,1F2,
Flight Plans,FLIGHT PLAN-FULL-RC#343624,Services,1F2,
Flight Plans,FLIGHT PLAN-FULL-RC#343641,Services,1F2,
Flight Plans,FLIGHT PLAN-FULL-RC#343682,Services,1F2,
Flight Plans,FLIGHT PLAN-FULL-RC#343715,Services,1F2,
Flight Plans,FLIGHT PLAN-FULL-RC#343719,Services,1F2,
Flight Plans,FLIGHT PLAN-FULL-RC#343725,Services,1F2,
Flight Plans,FLIGHT PLAN-FULL-RC#343795,Services,1F2,
Flight Plans,FLIGHT PLAN-FULL-RC#343798,Services,1F2,
Flight Plans,FLIGHT PLAN-FULL-RC#343801,Services,1F2,
Flight Plans,FLIGHT PLAN-FULL-RC#343811,Services,1F2,
Flight Plans,FLIGHT PLAN-FULL-RC#343821,Services,1F2,
Flight Plans,FLIGHT PLAN-FULL-RC#343833,Services,1F2,
Flight Plans,FLIGHT PLAN-FULL-RC#343881,Services,1F2,
Flight Plans,FLIGHT PLAN-FULL-RC#343885,Services,1F2,
Flight Plans,FLIGHT PLAN-FULL-RC#343891,Services,1F2,
Flight Plans,FLIGHT PLAN-FULL-RC#343896,Services,1F2,
Flight Plans,FLIGHT PLAN-FULL-RC#343920,Services,1F2,
Flight Plans,FLIGHT PLAN-FULL-RC#343932,Services,1F2,
Flight Plans,FLIGHT PLAN-FULL-RC#343937,Services,1F2,
Flight Plans,FLIGHT PLAN-FULL-RC#343955,Services,1F2,
Flight Plans,FLIGHT PLAN-FULL-RC#343960,Services,1F2,
Flight Plans,FLIGHT PLAN-FULL-RC#343962,Services,1F2,
Flight Plans,FLIGHT PLAN-FULL-RC#343981,Services,1F2,
Flight Plans,FLIGHT PLAN-FULL-RC#344008,Services,1F2,
Flight Plans,FLIGHT PLAN-FULL-RC#344011,Services,1F2,
Flight Plans,FLIGHT PLAN-FULL-RC#344013,Services,1F2,
Flight Plans,FLIGHT PLAN-FULL-RC#344018,Services,1F2,
Flight Plans,FLIGHT PLAN-FULL-RC#344023,Services,1F2,
Flight Plans,FLIGHT PLAN-FULL-RC#344024,Services,1F2,
Flight Plans,FLIGHT PLAN-FULL-RC#344027,Services,1F2,
Flight Plans,FLIGHT PLAN-FULL-RC#344028,Services,1F2,
Flight Plans,FLIGHT PLAN-FULL-RC#344034,Services,1F2,
Flight Plans,FLIGHT PLAN-FULL-RC#344069,Services,1F2,
Flight Plans,FLIGHT PLAN-FULL-RC#344089,Services,1F2,
Flight Plans,FLIGHT PLAN-FULL-RC#344096,Services,1F2,
Flight Plans,FLIGHT PLAN-FULL-RC#344104,Services,1F2,
Flight Plans,FLIGHT PLAN-FULL-RC#344116,Services,1F2,
Flight Plans,FLIGHT PLAN-FULL-RC#344127,Services,1F2,
Flight Plans,FLIGHT PLAN-FULL-RC#344135,Services,1F2,
Flight Plans,FLIGHT PLAN-FULL-RC#344160,Services,1F2,
Flight Plans,FLIGHT PLAN-FULL-RC#344172,Services,1F2,
Flight Plans,FLIGHT PLAN-FULL-RC#344197,Services,1F2,
Flight Plans,FLIGHT PLAN-FULL-RC#344209,Services,1F2,
Flight Plans,FLIGHT PLAN-FULL-RC#344217,Services,1F2,
Flight Plans,FLIGHT PLAN-FULL-RC#344220,Services,1F2,
Flight Plans,FLIGHT PLAN-FULL-RC#344227,Services,1F2,
Flight Plans,FLIGHT PLAN-FULL-RC#344235,Services,1F2,
Flight Plans,FLIGHT PLAN-FULL-RC#344250,Services,1F2,
Flight Plans,FLIGHT PLAN-FULL-RC#344350,Services,1F2,
Flight Plans,FLIGHT PLAN-FULL-RC#344360,Services,1F2,
Flight Plans,FLIGHT PLAN-FULL-RC#344372,Services,1F2,
Flight Plans,FLIGHT PLAN-FULL-RC#344376,Services,1F2,
Flight Plans,FLIGHT PLAN-FULL-RC#344381,Services,1F2,
Flight Plans,FLIGHT PLAN-FULL-RC#344394,Services,1F2,
Flight Plans,FLIGHT PLAN-FULL-RC#344397,Services,1F2,
Flight Plans,FLIGHT PLAN-FULL-RC#344415,Services,1F2,
Flight Plans,FLIGHT PLAN-FULL-RC#344416,Services,1F2,
Flight Plans,FLIGHT PLAN-FULL-RC#344420,Services,1F2,
Flight Plans,FLIGHT PLAN-FULL-RC#344425,Services,1F2,
Flight Plans,FLIGHT PLAN-FULL-RC#344429,Services,1F2,
Flight Plans,FLIGHT PLAN-FULL-RC#344433,Services,1F2,
Flight Plans,FLIGHT PLAN-FULL-RC#344436,Services,1F2,
Flight Plans,FLIGHT PLAN-FULL-RC#344439,Services,1F2,
Flight Plans,FLIGHT PLAN-FULL-RC#344453,Services,1F2,
Flight Plans,FLIGHT PLAN-FULL-RC#344456,Services,1F2,
Flight Plans,FLIGHT PLAN-FULL-RC#344465,Services,1F2,
Flight Plans,FLIGHT PLAN-FULL-RC#344467,Services,1F2,
Flight Plans,FLIGHT PLAN-FULL-RC#344470,Services,1F2,
Flight Plans,FLIGHT PLAN-FULL-RC#344492,Services,1F2,
Flight Plans,FLIGHT PLAN-FULL-RC#344607,Services,1F2,
Flight Plans,FLIGHT PLAN-FULL-RC#344618,Services,1F2,
Flight Plans,FLIGHT PLAN-FULL-RC#344640,Services,1F2,
Flight Plans,FLIGHT PLAN-FULL-RC#344655,Services,1F2,
Flight Plans,FLIGHT PLAN-FULL-RC#344661,Services,1F2,
Flight Plans,FLIGHT PLAN-FULL-RC#344669,Services,1F2,
Flight Plans,FLIGHT PLAN-FULL-RC#344769,Services,1F2,
Flight Plans,FLIGHT PLAN-FULL-RC#344775,Services,1F2,
Flight Plans,FLIGHT PLAN-FULL-RC#344784,Services,1F2,
Flight Plans,FLIGHT PLAN-FULL-RC#344820,Services,1F2,
Flight Plans,FLIGHT PLAN-FULL-RC#344828,Services,1F2,
Flight Plans,FLIGHT PLAN-FULL-RC#344835,Services,1F2,
Flight Plans,FLIGHT PLAN-FULL-RC#344837,Services,1F2,
Flight Plans,FLIGHT PLAN-FULL-RC#344839,Services,1F2,
Flight Plans,FLIGHT PLAN-FULL-RC#344874,Services,1F2,
Flight Plans,FLIGHT PLAN-FULL-RC#344889,Services,1F2,
Flight Plans,FLIGHT PLAN-FULL-RC#344896,Services,1F2,
Flight Plans,FLIGHT PLAN-FULL-RC#344911,Services,1F2,
Flight Plans,FLIGHT PLAN-FULL-RC#344922,Services,1F2,
Flight Plans,FLIGHT PLAN-FULL-RC#344924,Services,1F2,
Flight Plans,FLIGHT PLAN-FULL-RC#344927,Services,1F2,
Flight Plans,FLIGHT PLAN-FULL-RC#344928,Services,1F2,
Flight Plans,FLIGHT PLAN-FULL-RC#344933,Services,1F2,
Flight Plans,FLIGHT PLAN-FULL-RC#344943,Services,1F2,
Flight Plans,FLIGHT PLAN-FULL-RC#344944,Services,1F2,
Flight Plans,FLIGHT PLAN-FULL-RC#344954,Services,1F2,
Flight Plans,FLIGHT PLAN-FULL-RC#344956,Services,1F2,
Flight Plans,FLIGHT PLAN-FULL-RC#344962,Services,1F2,
Flight Plans,FLIGHT PLAN-FULL-RC#344970,Services,1F2,
Flight Plans,FLIGHT PLAN-FULL-RC#344973,Services,1F2,
Flight Plans,FLIGHT PLAN-FULL-RC#344974,Services,1F2,
Flight Plans,FLIGHT PLAN-FULL-RC#344978,Services,1F2,
Flight Plans,FLIGHT PLAN-FULL-RC#344984,Services,1F2,
Flight Plans,FLIGHT PLAN-FULL-RC#345011,Services,1F2,
Flight Plans,FLIGHT PLAN-FULL-RC#345012,Services,1F2,
Flight Plans,FLIGHT PLAN-FULL-RC#345068,Services,1F2,
Flight Plans,FLIGHT PLAN-FULL-RC#345233,Services,1F2,
Flight Plans,FLIGHT PLAN-FULL-RC#345234,Services,1F2,
Flight Plans,FLIGHT PLAN-FULL-RC#345244,Services,1F2,
Flight Plans,FLIGHT PLAN-FULL-RC#345248,Services,1F2,
Flight Plans,FLIGHT PLAN-FULL-RC#345269,Services,1F2,
Flight Plans,FLIGHT PLAN-FULL-RC#345288,Services,1F2,
Flight Plans,FLIGHT PLAN-FULL-RC#345305,Services,1F2,
Flight Plans,FLIGHT PLAN-FULL-RC#345313,Services,1F2,
Flight Plans,FLIGHT PLAN-FULL-RC#345315,Services,1F2,
Flight Plans,FLIGHT PLAN-FULL-RC#345319,Services,1F2,
Flight Plans,FLIGHT PLAN-FULL-RC#345327,Services,1F2,
Flight Plans,FLIGHT PLAN-FULL-RC#345335,Services,1F2,
Flight Plans,FLIGHT PLAN-FULL-RC#345349,Services,1F2,
Flight Plans,FLIGHT PLAN-FULL-RC#345350,Services,1F2,
Flight Plans,FLIGHT PLAN-FULL-RC#345356,Services,1F2,
Flight Plans,FLIGHT PLAN-FULL-RC#345376,Services,1F2,
Flight Plans,FLIGHT PLAN-FULL-RC#345386,Services,1F2,
Flight Plans,FLIGHT PLAN-FULL-RC#345392,Services,1F2,
Flight Plans,FLIGHT PLAN-FULL-RC#345407,Services,1F2,
Flight Plans,FLIGHT PLAN-FULL-RC#345428,Services,1F2,
Flight Plans,FLIGHT PLAN-FULL-RC#345444,Services,1F2,
Flight Plans,FLIGHT PLAN-FULL-RC#345454,Services,1F2,
Flight Plans,FLIGHT PLAN-FULL-RC#345467,Services,1F2,
Flight Plans,FLIGHT PLAN-FULL-RC#345470,Services,1F2,
Flight Plans,FLIGHT PLAN-FULL-RC#345500,Services,1F2,
Flight Plans,FLIGHT PLAN-FULL-RC#345503,Services,1F2,
Flight Plans,FLIGHT PLAN-FULL-RC#345517,Services,1F2,
Flight Plans,FLIGHT PLAN-FULL-RC#345523,Services,1F2,
Flight Plans,FLIGHT PLAN-FULL-RC#345556,Services,1F2,
Flight Plans,FLIGHT PLAN-FULL-RC#345587,Services,1F2,
Flight Plans,FLIGHT PLAN-FULL-RC#345590,Services,1F2,
Flight Plans,FLIGHT PLAN-FULL-RC#345643,Services,1F2,
Flight Plans,FLIGHT PLAN-FULL-RC#345654,Services,1F2,
Flight Plans,FLIGHT PLAN-FULL-RC#345690,Services,1F2,
Flight Plans,FLIGHT PLAN-FULL-RC#345696,Services,1F2,
Flight Plans,FLIGHT PLAN-FULL-RC#345711,Services,1F2,
Flight Plans,FLIGHT PLAN-FULL-RC#345758,Services,1F2,
Flight Plans,FLIGHT PLAN-FULL-RC#345759,Services,1F2,
Flight Plans,FLIGHT PLAN-FULL-RC#345761,Services,1F2,
Flight Plans,FLIGHT PLAN-FULL-RC#345779,Services,1F2,
Flight Plans,FLIGHT PLAN-FULL-RC#345803,Services,1F2,
Flight Plans,FLIGHT PLAN-FULL-RC#345826,Services,1F2,
Flight Plans,FLIGHT PLAN-FULL-RC#345833,Services,1F2,
Flight Plans,FLIGHT PLAN-FULL-RC#345874,Services,1F2,
Flight Plans,FLIGHT PLAN-FULL-RC#345888,Services,1F2,
Flight Plans,FLIGHT PLAN-FULL-RC#345894,Services,1F2,
Flight Plans,FLIGHT PLAN-FULL-RC#345911,Services,1F2,
Flight Plans,FLIGHT PLAN-FULL-RC#345912,Services,1F2,
Flight Plans,FLIGHT PLAN-FULL-RC#345933,Services,1F2,
Flight Plans,FLIGHT PLAN-FULL-RC#345938,Services,1F2,
Flight Plans,FLIGHT PLAN-FULL-RC#345940,Services,1F2,
Flight Plans,FLIGHT PLAN-FULL-RC#345942,Services,1F2,
Flight Plans,FLIGHT PLAN-FULL-RC#345948,Services,1F2,
Flight Plans,FLIGHT PLAN-FULL-RC#345955,Services,1F2,
Flight Plans,FLIGHT PLAN-FULL-RC#345956,Services,1F2,
Flight Plans,FLIGHT PLAN-FULL-RC#345957,Services,1F2,
Flight Plans,FLIGHT PLAN-FULL-RC#345961,Services,1F2,
Flight Plans,FLIGHT PLAN-FULL-RC#345969,Services,1F2,
Flight Plans,FLIGHT PLAN-FULL-RC#345974,Services,1F2,
Flight Plans,FLIGHT PLAN-FULL-RC#345979,Services,1F2,
Flight Plans,FLIGHT PLAN-FULL-RC#346085,Services,1F2,
Flight Plans,FLIGHT PLAN-FULL-RC#34613,Services,1F2,
Flight Plans,FLIGHT PLAN-FULL-RC#346145,Services,1F2,
Flight Plans,FLIGHT PLAN-FULL-RC#346152,Services,1F2,
Flight Plans,FLIGHT PLAN-FULL-RC#346154,Services,1F2,
Flight Plans,FLIGHT PLAN-FULL-RC#346165,Services,1F2,
Flight Plans,FLIGHT PLAN-FULL-RC#346188,Services,1F2,
Flight Plans,FLIGHT PLAN-FULL-RC#346189,Services,1F2,
Flight Plans,FLIGHT PLAN-FULL-RC#346191,Services,1F2,
Flight Plans,FLIGHT PLAN-FULL-RC#346211,Services,1F2,
Flight Plans,FLIGHT PLAN-FULL-RC#346214,Services,1F2,
Flight Plans,FLIGHT PLAN-FULL-RC#346238,Services,1F2,
Flight Plans,FLIGHT PLAN-FULL-RC#346317,Services,1F2,
Flight Plans,FLIGHT PLAN-FULL-RC#346319,Services,1F2,
Flight Plans,FLIGHT PLAN-FULL-RC#346325,Services,1F2,
Flight Plans,FLIGHT PLAN-FULL-RC#346345,Services,1F2,
Flight Plans,FLIGHT PLAN-FULL-RC#346349,Services,1F2,
Flight Plans,FLIGHT PLAN-FULL-RC#346359,Services,1F2,
Flight Plans,FLIGHT PLAN-FULL-RC#346360,Services,1F2,
Flight Plans,FLIGHT PLAN-FULL-RC#346365,Services,1F2,
Flight Plans,FLIGHT PLAN-FULL-RC#346366,Services,1F2,
Flight Plans,FLIGHT PLAN-FULL-RC#346369,Services,1F2,
Flight Plans,FLIGHT PLAN-FULL-RC#346374,Services,1F2,
Flight Plans,FLIGHT PLAN-FULL-RC#346375,Services,1F2,
Flight Plans,FLIGHT PLAN-FULL-RC#346396,Services,1F2,
Flight Plans,FLIGHT PLAN-FULL-RC#346412,Services,1F2,
Flight Plans,FLIGHT PLAN-FULL-RC#346413,Services,1F2,
Flight Plans,FLIGHT PLAN-FULL-RC#346415,Services,1F2,
Flight Plans,FLIGHT PLAN-FULL-RC#346442,Services,1F2,
Flight Plans,FLIGHT PLAN-FULL-RC#346457,Services,1F2,
Flight Plans,FLIGHT PLAN-FULL-RC#346459,Services,1F2,
Flight Plans,FLIGHT PLAN-FULL-RC#346479,Services,1F2,
Flight Plans,FLIGHT PLAN-FULL-RC#346507,Services,1F2,
Flight Plans,FLIGHT PLAN-FULL-RC#346509,Services,1F2,
Flight Plans,FLIGHT PLAN-FULL-RC#346510,Services,1F2,
Flight Plans,FLIGHT PLAN-FULL-RC#346523,Services,1F2,
Flight Plans,FLIGHT PLAN-FULL-RC#346524,Services,1F2,
Flight Plans,FLIGHT PLAN-FULL-RC#346556,Services,1F2,
Flight Plans,FLIGHT PLAN-FULL-RC#346559,Services,1F2,
Flight Plans,FLIGHT PLAN-FULL-RC#346563,Services,1F2,
Flight Plans,FLIGHT PLAN-FULL-RC#346565,Services,1F2,
Flight Plans,FLIGHT PLAN-FULL-RC#346568,Services,1F2,
Flight Plans,FLIGHT PLAN-FULL-RC#346572,Services,1F2,
Flight Plans,FLIGHT PLAN-FULL-RC#346587,Services,1F2,
Flight Plans,FLIGHT PLAN-FULL-RC#346593,Services,1F2,
Flight Plans,FLIGHT PLAN-FULL-RC#346630,Services,1F2,
Flight Plans,FLIGHT PLAN-FULL-RC#346632,Services,1F2,
Flight Plans,FLIGHT PLAN-FULL-RC#346639,Services,1F2,
Flight Plans,FLIGHT PLAN-FULL-RC#346646,Services,1F2,
Flight Plans,FLIGHT PLAN-FULL-RC#346655,Services,1F2,
Flight Plans,FLIGHT PLAN-FULL-RC#346657,Services,1F2,
Flight Plans,FLIGHT PLAN-FULL-RC#346662,Services,1F2,
Flight Plans,FLIGHT PLAN-FULL-RC#346663,Services,1F2,
Flight Plans,FLIGHT PLAN-FULL-RC#346666,Services,1F2,
Flight Plans,FLIGHT PLAN-FULL-RC#346694,Services,1F2,
Flight Plans,FLIGHT PLAN-FULL-RC#346695,Services,1F2,
Flight Plans,FLIGHT PLAN-FULL-RC#346696,Services,1F2,
Flight Plans,FLIGHT PLAN-FULL-RC#346698,Services,1F2,
Flight Plans,FLIGHT PLAN-FULL-RC#346703,Services,1F2,
Flight Plans,FLIGHT PLAN-FULL-RC#346704,Services,1F2,
Flight Plans,FLIGHT PLAN-FULL-RC#346710,Services,1F2,
Flight Plans,FLIGHT PLAN-FULL-RC#346717,Services,1F2,
Flight Plans,FLIGHT PLAN-FULL-RC#346731,Services,1F2,
Flight Plans,FLIGHT PLAN-FULL-RC#346738,Services,1F2,
Flight Plans,FLIGHT PLAN-FULL-RC#346751,Services,1F2,
Flight Plans,FLIGHT PLAN-FULL-RC#346755,Services,1F2,
Flight Plans,FLIGHT PLAN-FULL-RC#346788,Services,1F2,
Flight Plans,FLIGHT PLAN-FULL-RC#346798,Services,1F2,
Flight Plans,FLIGHT PLAN-FULL-RC#346827,Services,1F2,
Flight Plans,FLIGHT PLAN-FULL-RC#346833,Services,1F2,
Flight Plans,FLIGHT PLAN-FULL-RC#346847,Services,1F2,
Flight Plans,FLIGHT PLAN-FULL-RC#346852,Services,1F2,
Flight Plans,FLIGHT PLAN-FULL-RC#346856,Services,1F2,
Flight Plans,FLIGHT PLAN-FULL-RC#346871,Services,1F2,
Flight Plans,FLIGHT PLAN-FULL-RC#346873,Services,1F2,
Flight Plans,FLIGHT PLAN-FULL-RC#346891,Services,1F2,
Flight Plans,FLIGHT PLAN-FULL-RC#346953,Services,1F2,
Flight Plans,FLIGHT PLAN-FULL-RC#346954,Services,1F2,
Flight Plans,FLIGHT PLAN-FULL-RC#346955,Services,1F2,
Flight Plans,FLIGHT PLAN-FULL-RC#346969,Services,1F2,
Flight Plans,FLIGHT PLAN-FULL-RC#346970,Services,1F2,
Flight Plans,FLIGHT PLAN-FULL-RC#346975,Services,1F2,
Flight Plans,FLIGHT PLAN-FULL-RC#346977,Services,1F2,
Flight Plans,FLIGHT PLAN-FULL-RC#347019,Services,1F2,
Flight Plans,FLIGHT PLAN-FULL-RC#347020,Services,1F2,
Flight Plans,FLIGHT PLAN-FULL-RC#347036,Services,1F2,
Flight Plans,FLIGHT PLAN-FULL-RC#347108,Services,1F2,
Flight Plans,FLIGHT PLAN-FULL-RC#347151,Services,1F2,
Flight Plans,FLIGHT PLAN-FULL-RC#347166,Services,1F2,
Flight Plans,FLIGHT PLAN-FULL-RC#347175,Services,1F2,
Flight Plans,FLIGHT PLAN-FULL-RC#347177,Services,1F2,
Flight Plans,FLIGHT PLAN-FULL-RC#347178,Services,1F2,
Flight Plans,FLIGHT PLAN-FULL-RC#347233,Services,1F2,
Flight Plans,FLIGHT PLAN-FULL-RC#347239,Services,1F2,
Flight Plans,FLIGHT PLAN-FULL-RC#347263,Services,1F2,
Flight Plans,FLIGHT PLAN-FULL-RC#347298,Services,1F2,
Flight Plans,FLIGHT PLAN-FULL-RC#347305,Services,1F2,
Flight Plans,FLIGHT PLAN-FULL-RC#347345,Services,1F2,
Flight Plans,FLIGHT PLAN-FULL-RC#347363,Services,1F2,
Flight Plans,FLIGHT PLAN-FULL-RC#347369,Services,1F2,
Flight Plans,FLIGHT PLAN-FULL-RC#347376,Services,1F2,
Flight Plans,FLIGHT PLAN-FULL-RC#347377,Services,1F2,
Flight Plans,FLIGHT PLAN-FULL-RC#347381,Services,1F2,
Flight Plans,FLIGHT PLAN-FULL-RC#347384,Services,1F2,
Flight Plans,FLIGHT PLAN-FULL-RC#347408,Services,1F2,
Flight Plans,FLIGHT PLAN-FULL-RC#347471,Services,1F2,
Flight Plans,FLIGHT PLAN-FULL-RC#347510,Services,1F2,
Flight Plans,FLIGHT PLAN-FULL-RC#347522,Services,1F2,
Flight Plans,FLIGHT PLAN-FULL-RC#347581,Services,1F2,
Flight Plans,FLIGHT PLAN-FULL-RC#347616,Services,1F2,
Flight Plans,FLIGHT PLAN-FULL-RC#347701,Services,1F2,
Flight Plans,FLIGHT PLAN-FULL-RC#347729,Services,1F2,
Flight Plans,FLIGHT PLAN-FULL-RC#347734,Services,1F2,
Flight Plans,FLIGHT PLAN-FULL-RC#347743,Services,1F2,
Flight Plans,FLIGHT PLAN-FULL-RC#347749,Services,1F2,
Flight Plans,FLIGHT PLAN-FULL-RC#347769,Services,1F2,
Flight Plans,FLIGHT PLAN-FULL-RC#347839,Services,1F2,
Flight Plans,FLIGHT PLAN-FULL-RC#347850,Services,1F2,
Flight Plans,FLIGHT PLAN-FULL-RC#347857,Services,1F2,
Flight Plans,FLIGHT PLAN-FULL-RC#347858,Services,1F2,
Flight Plans,FLIGHT PLAN-FULL-RC#347861,Services,1F2,
Flight Plans,FLIGHT PLAN-FULL-RC#347906,Services,1F2,
Flight Plans,FLIGHT PLAN-FULL-RC#347936,Services,1F2,
Flight Plans,FLIGHT PLAN-FULL-RC#347979,Services,1F2,
Flight Plans,FLIGHT PLAN-FULL-RC#347982,Services,1F2,
Flight Plans,FLIGHT PLAN-FULL-RC#347984,Services,1F2,
Flight Plans,FLIGHT PLAN-FULL-RC#347986,Services,1F2,
Flight Plans,FLIGHT PLAN-FULL-RC#347991,Services,1F2,
Flight Plans,FLIGHT PLAN-FULL-RC#348001,Services,1F2,
Flight Plans,FLIGHT PLAN-FULL-RC#348002,Services,1F2,
Flight Plans,FLIGHT PLAN-FULL-RC#348010,Services,1F2,
Flight Plans,FLIGHT PLAN-FULL-RC#348017,Services,1F2,
Flight Plans,FLIGHT PLAN-FULL-RC#348050,Services,1F2,
Flight Plans,FLIGHT PLAN-FULL-RC#348074,Services,1F2,
Flight Plans,FLIGHT PLAN-FULL-RC#348136,Services,1F2,
Flight Plans,FLIGHT PLAN-FULL-RC#348137,Services,1F2,
Flight Plans,FLIGHT PLAN-FULL-RC#348139,Services,1F2,
Flight Plans,FLIGHT PLAN-FULL-RC#348194,Services,1F2,
Flight Plans,FLIGHT PLAN-FULL-RC#348207,Services,1F2,
Flight Plans,FLIGHT PLAN-FULL-RC#348227,Services,1F2,
Flight Plans,FLIGHT PLAN-FULL-RC#348242,Services,1F2,
Flight Plans,FLIGHT PLAN-FULL-RC#348308,Services,1F2,
Flight Plans,FLIGHT PLAN-FULL-RC#348316,Services,1F2,
Flight Plans,FLIGHT PLAN-FULL-RC#348321,Services,1F2,
Flight Plans,FLIGHT PLAN-FULL-RC#348341,Services,1F2,
Flight Plans,FLIGHT PLAN-FULL-RC#348361.,Services,1F2,
Flight Plans,FLIGHT PLAN-FULL-RC#348363,Services,1F2,
Flight Plans,FLIGHT PLAN-FULL-RC#348373,Services,1F2,
Flight Plans,FLIGHT PLAN-FULL-RC#348375,Services,1F2,
Flight Plans,FLIGHT PLAN-FULL-RC#348377,Services,1F2,
Flight Plans,FLIGHT PLAN-FULL-RC#348381,Services,1F2,
Flight Plans,FLIGHT PLAN-FULL-RC#348385,Services,1F2,
Flight Plans,FLIGHT PLAN-FULL-RC#348397,Services,1F2,
Flight Plans,FLIGHT PLAN-FULL-RC#348424,Services,1F2,
Flight Plans,FLIGHT PLAN-FULL-RC#348428,Services,1F2,
Flight Plans,FLIGHT PLAN-FULL-RC#348429,Services,1F2,
Flight Plans,FLIGHT PLAN-FULL-RC#348430,Services,1F2,
Flight Plans,FLIGHT PLAN-FULL-RC#348448,Services,1F2,
Flight Plans,FLIGHT PLAN-FULL-RC#348625,Services,1F2,
Flight Plans,FLIGHT PLAN-FULL-RC#348633.,Services,1F2,
Flight Plans,FLIGHT PLAN-FULL-RC#348638,Services,1F2,
Flight Plans,FLIGHT PLAN-FULL-RC#348659,Services,1F2,
Flight Plans,FLIGHT PLAN-FULL-RC#348678,Services,1F2,
Flight Plans,FLIGHT PLAN-FULL-RC#348689,Services,1F2,
Flight Plans,FLIGHT PLAN-FULL-RC#348692,Services,1F2,
Flight Plans,FLIGHT PLAN-FULL-RC#348694,Services,1F2,
Flight Plans,FLIGHT PLAN-FULL-RC#348698,Services,1F2,
Flight Plans,FLIGHT PLAN-FULL-RC#348722,Services,1F2,
Flight Plans,FLIGHT PLAN-FULL-RC#348737,Services,1F2,
Flight Plans,FLIGHT PLAN-FULL-RC#348745,Services,1F2,
Flight Plans,FLIGHT PLAN-FULL-RC#348761,Services,1F2,
Flight Plans,FLIGHT PLAN-FULL-RC#348769,Services,1F2,
Flight Plans,FLIGHT PLAN-FULL-RC#348818,Services,1F2,
Flight Plans,FLIGHT PLAN-FULL-RC#348833,Services,1F2,
Flight Plans,FLIGHT PLAN-FULL-RC#348834,Services,1F2,
Flight Plans,FLIGHT PLAN-FULL-RC#348849,Services,1F2,
Flight Plans,FLIGHT PLAN-FULL-RC#348851,Services,1F2,
Flight Plans,FLIGHT PLAN-FULL-RC#348852,Services,1F2,
Flight Plans,FLIGHT PLAN-FULL-RC#348854,Services,1F2,
Flight Plans,FLIGHT PLAN-FULL-RC#348872,Services,1F2,
Flight Plans,FLIGHT PLAN-FULL-RC#348874,Services,1F2,
Flight Plans,FLIGHT PLAN-FULL-RC#348876,Services,1F2,
Flight Plans,FLIGHT PLAN-FULL-RC#348903,Services,1F2,
Flight Plans,FLIGHT PLAN-FULL-RC#348926,Services,1F2,
Flight Plans,FLIGHT PLAN-FULL-RC#348950,Services,1F2,
Flight Plans,FLIGHT PLAN-FULL-RC#348958,Services,1F2,
Flight Plans,FLIGHT PLAN-FULL-RC#349028,Services,1F2,
Flight Plans,FLIGHT PLAN-FULL-RC#349029,Services,1F2,
Flight Plans,FLIGHT PLAN-FULL-RC#349037.,Services,1F2,
Flight Plans,FLIGHT PLAN-FULL-RC#349073,Services,1F2,
Flight Plans,FLIGHT PLAN-FULL-RC#349119,Services,1F2,
Flight Plans,FLIGHT PLAN-FULL-RC#349131,Services,1F2,
Flight Plans,FLIGHT PLAN-FULL-RC#349142,Services,1F2,
Flight Plans,FLIGHT PLAN-FULL-RC#349188,Services,1F2,
Flight Plans,FLIGHT PLAN-FULL-RC#349194,Services,1F2,
Flight Plans,FLIGHT PLAN-FULL-RC#349214,Services,1F2,
Flight Plans,FLIGHT PLAN-FULL-RC#349220,Services,1F2,
Flight Plans,FLIGHT PLAN-FULL-RC#349224,Services,1F2,
Flight Plans,FLIGHT PLAN-FULL-RC#349277,Services,1F2,
Flight Plans,FLIGHT PLAN-FULL-RC#349280,Services,1F2,
Flight Plans,FLIGHT PLAN-FULL-RC#349287,Services,1F2,
Flight Plans,FLIGHT PLAN-FULL-RC#349289,Services,1F2,
Flight Plans,FLIGHT PLAN-FULL-RC#349293,Services,1F2,
Flight Plans,FLIGHT PLAN-FULL-RC#349308,Services,1F2,
Flight Plans,FLIGHT PLAN-FULL-RC#349313,Services,1F2,
Flight Plans,FLIGHT PLAN-FULL-RC#349331,Services,1F2,
Flight Plans,FLIGHT PLAN-FULL-RC#349335,Services,1F2,
Flight Plans,FLIGHT PLAN-FULL-RC#349336,Services,1F2,
Flight Plans,FLIGHT PLAN-FULL-RC#349337,Services,1F2,
Flight Plans,FLIGHT PLAN-FULL-RC#349342,Services,1F2,
Flight Plans,FLIGHT PLAN-FULL-RC#349351,Services,1F2,
Flight Plans,FLIGHT PLAN-FULL-RC#349355,Services,1F2,
Flight Plans,FLIGHT PLAN-FULL-RC#349369,Services,1F2,
Flight Plans,FLIGHT PLAN-FULL-RC#349394,Services,1F2,
Flight Plans,FLIGHT PLAN-FULL-RC#349401,Services,1F2,
Flight Plans,FLIGHT PLAN-FULL-RC#349413,Services,1F2,
Flight Plans,FLIGHT PLAN-FULL-RC#349420,Services,1F2,
Flight Plans,FLIGHT PLAN-FULL-RC#349423,Services,1F2,
Flight Plans,FLIGHT PLAN-FULL-RC#349436,Services,1F2,
Flight Plans,FLIGHT PLAN-FULL-RC#349458,Services,1F2,
Flight Plans,FLIGHT PLAN-FULL-RC#349470,Services,1F2,
Flight Plans,FLIGHT PLAN-FULL-RC#349475,Services,1F2,
Flight Plans,FLIGHT PLAN-FULL-RC#349481,Services,1F2,
Flight Plans,FLIGHT PLAN-FULL-RC#349489,Services,1F2,
Flight Plans,FLIGHT PLAN-FULL-RC#349493,Services,1F2,
Flight Plans,FLIGHT PLAN-FULL-RC#349504,Services,1F2,
Flight Plans,FLIGHT PLAN-FULL-RC#349516,Services,1F2,
Flight Plans,FLIGHT PLAN-FULL-RC#349532,Services,1F2,
Flight Plans,FLIGHT PLAN-FULL-RC#349543,Services,1F2,
Flight Plans,FLIGHT PLAN-FULL-RC#349572,Services,1F2,
Flight Plans,FLIGHT PLAN-FULL-RC#349573,Services,1F2,
Flight Plans,FLIGHT PLAN-FULL-RC#349574.,Services,1F2,
Flight Plans,FLIGHT PLAN-FULL-RC#349601,Services,1F2,
Flight Plans,FLIGHT PLAN-FULL-RC#349608,Services,1F2,
Flight Plans,FLIGHT PLAN-FULL-RC#349609,Services,1F2,
Flight Plans,FLIGHT PLAN-FULL-RC#349610,Services,1F2,
Flight Plans,FLIGHT PLAN-FULL-RC#349611,Services,1F2,
Flight Plans,FLIGHT PLAN-FULL-RC#349613,Services,1F2,
Flight Plans,FLIGHT PLAN-FULL-RC#349614,Services,1F2,
Flight Plans,FLIGHT PLAN-FULL-RC#349615,Services,1F2,
Flight Plans,FLIGHT PLAN-FULL-RC#349618,Services,1F2,
Flight Plans,FLIGHT PLAN-FULL-RC#349623,Services,1F2,
Flight Plans,FLIGHT PLAN-FULL-RC#349624,Services,1F2,
Flight Plans,FLIGHT PLAN-FULL-RC#349626,Services,1F2,
Flight Plans,FLIGHT PLAN-FULL-RC#349627,Services,1F2,
Flight Plans,FLIGHT PLAN-FULL-RC#349654,Services,1F2,
Flight Plans,FLIGHT PLAN-FULL-RC#349662,Services,1F2,
Flight Plans,FLIGHT PLAN-FULL-RC#349672,Services,1F2,
Flight Plans,FLIGHT PLAN-FULL-RC#349728,Services,1F2,
Flight Plans,FLIGHT PLAN-FULL-RC#349729,Services,1F2,
Flight Plans,FLIGHT PLAN-FULL-RC#349732,Services,1F2,
Flight Plans,FLIGHT PLAN-FULL-RC#349737,Services,1F2,
Flight Plans,FLIGHT PLAN-FULL-RC#349738,Services,1F2,
Flight Plans,FLIGHT PLAN-FULL-RC#349740,Services,1F2,
Flight Plans,FLIGHT PLAN-FULL-RC#349745,Services,1F2,
Flight Plans,FLIGHT PLAN-FULL-RC#349768,Services,1F2,
Flight Plans,FLIGHT PLAN-FULL-RC#349778,Services,1F2,
Flight Plans,FLIGHT PLAN-FULL-RC#349781,Services,1F2,
Flight Plans,FLIGHT PLAN-FULL-RC#349824,Services,1F2,
Flight Plans,FLIGHT PLAN-FULL-RC#349834,Services,1F2,
Flight Plans,FLIGHT PLAN-FULL-RC#349838,Services,1F2,
Flight Plans,FLIGHT PLAN-FULL-RC#349844,Services,1F2,
Flight Plans,FLIGHT PLAN-FULL-RC#349849,Services,1F2,
Flight Plans,FLIGHT PLAN-FULL-RC#349854,Services,1F2,
Flight Plans,FLIGHT PLAN-FULL-RC#349860,Services,1F2,
Flight Plans,FLIGHT PLAN-FULL-RC#349861,Services,1F2,
Flight Plans,FLIGHT PLAN-FULL-RC#349862,Services,1F2,
Flight Plans,FLIGHT PLAN-FULL-RC#349869,Services,1F2,
Flight Plans,FLIGHT PLAN-FULL-RC#349871,Services,1F2,
Flight Plans,FLIGHT PLAN-FULL-RC#349896,Services,1F2,
Flight Plans,FLIGHT PLAN-FULL-RC#349990,Services,1F2,
Flight Plans,FLIGHT PLAN-FULL-RC#350004,Services,1F2,
Flight Plans,FLIGHT PLAN-FULL-RC#350013,Services,1F2,
Flight Plans,FLIGHT PLAN-FULL-RC#350039,Services,1F2,
Flight Plans,FLIGHT PLAN-FULL-RC#350044,Services,1F2,
Flight Plans,FLIGHT PLAN-FULL-RC#350045,Services,1F2,
Flight Plans,FLIGHT PLAN-FULL-RC#350055,Services,1F2,
Flight Plans,FLIGHT PLAN-FULL-RC#350065,Services,1F2,
Flight Plans,FLIGHT PLAN-FULL-RC#350073,Services,1F2,
Flight Plans,FLIGHT PLAN-FULL-RC#350074,Services,1F2,
Flight Plans,FLIGHT PLAN-FULL-RC#350078,Services,1F2,
Flight Plans,FLIGHT PLAN-FULL-RC#350082,Services,1F2,
Flight Plans,FLIGHT PLAN-FULL-RC#350095.,Services,1F2,
Flight Plans,FLIGHT PLAN-FULL-RC#350096,Services,1F2,
Flight Plans,FLIGHT PLAN-FULL-RC#350097,Services,1F2,
Flight Plans,FLIGHT PLAN-FULL-RC#350099,Services,1F2,
Flight Plans,FLIGHT PLAN-FULL-RC#350101,Services,1F2,
Flight Plans,FLIGHT PLAN-FULL-RC#350105,Services,1F2,
Flight Plans,FLIGHT PLAN-FULL-RC#350140,Services,1F2,
Flight Plans,FLIGHT PLAN-FULL-RC#350215,Services,1F2,
Flight Plans,FLIGHT PLAN-FULL-RC#350231,Services,1F2,
Flight Plans,FLIGHT PLAN-FULL-RC#350289,Services,1F2,
Flight Plans,FLIGHT PLAN-FULL-RC#350291,Services,1F2,
Flight Plans,FLIGHT PLAN-FULL-RC#350315,Services,1F2,
Flight Plans,FLIGHT PLAN-FULL-RC#350320,Services,1F2,
Flight Plans,FLIGHT PLAN-FULL-RC#350342,Services,1F2,
Flight Plans,FLIGHT PLAN-FULL-RC#350353,Services,1F2,
Flight Plans,FLIGHT PLAN-FULL-RC#350354,Services,1F2,
Flight Plans,FLIGHT PLAN-FULL-RC#350402,Services,1F2,
Flight Plans,FLIGHT PLAN-FULL-RC#350406,Services,1F2,
Flight Plans,FLIGHT PLAN-FULL-RC#350408,Services,1F2,
Flight Plans,FLIGHT PLAN-FULL-RC#350412,Services,1F2,
Flight Plans,FLIGHT PLAN-FULL-RC#350413,Services,1F2,
Flight Plans,FLIGHT PLAN-FULL-RC#350414,Services,1F2,
Flight Plans,FLIGHT PLAN-FULL-RC#350423,Services,1F2,
Flight Plans,FLIGHT PLAN-FULL-RC#350424,Services,1F2,
Flight Plans,FLIGHT PLAN-FULL-RC#350431,Services,1F2,
Flight Plans,FLIGHT PLAN-FULL-RC#350441,Services,1F2,
Flight Plans,FLIGHT PLAN-FULL-RC#350442,Services,1F2,
Flight Plans,FLIGHT PLAN-FULL-RC#350485,Services,1F2,
Flight Plans,FLIGHT PLAN-FULL-RC#350486,Services,1F2,
Flight Plans,FLIGHT PLAN-FULL-RC#350558,Services,1F2,
Flight Plans,FLIGHT PLAN-FULL-RC#350596,Services,1F2,
Flight Plans,FLIGHT PLAN-FULL-RC#350705.,Services,1F2,
Flight Plans,FLIGHT PLAN-FULL-RC#350712,Services,1F2,
Flight Plans,FLIGHT PLAN-FULL-RC#350717,Services,1F2,
Flight Plans,FLIGHT PLAN-FULL-RC#350753,Services,1F2,
Flight Plans,FLIGHT PLAN-FULL-RC#350754.,Services,1F2,
Flight Plans,FLIGHT PLAN-FULL-RC#350755,Services,1F2,
Flight Plans,FLIGHT PLAN-FULL-RC#350758,Services,1F2,
Flight Plans,FLIGHT PLAN-FULL-RC#350765,Services,1F2,
Flight Plans,FLIGHT PLAN-FULL-RC#350767,Services,1F2,
Flight Plans,FLIGHT PLAN-FULL-RC#350771,Services,1F2,
Flight Plans,FLIGHT PLAN-FULL-RC#350779,Services,1F2,
Flight Plans,FLIGHT PLAN-FULL-RC#350788,Services,1F2,
Flight Plans,FLIGHT PLAN-FULL-RC#350795,Services,1F2,
Flight Plans,FLIGHT PLAN-FULL-RC#350802,Services,1F2,
Flight Plans,FLIGHT PLAN-FULL-RC#350803,Services,1F2,
Flight Plans,FLIGHT PLAN-FULL-RC#350811,Services,1F2,
Flight Plans,FLIGHT PLAN-FULL-RC#350827,Services,1F2,
Flight Plans,FLIGHT PLAN-FULL-RC#350853,Services,1F2,
Flight Plans,FLIGHT PLAN-FULL-RC#350854,Services,1F2,
Flight Plans,FLIGHT PLAN-FULL-RC#350858,Services,1F2,
Flight Plans,FLIGHT PLAN-FULL-RC#350879,Services,1F2,
Flight Plans,FLIGHT PLAN-FULL-RC#350886,Services,1F2,
Flight Plans,FLIGHT PLAN-FULL-RC#350908,Services,1F2,
Flight Plans,FLIGHT PLAN-FULL-RC#351091,Services,1F2,
Flight Plans,FLIGHT PLAN-FULL-RC#351092,Services,1F2,
Flight Plans,FLIGHT PLAN-FULL-RC#351115.,Services,1F2,
Flight Plans,FLIGHT PLAN-FULL-RC#351179,Services,1F2,
Flight Plans,FLIGHT PLAN-FULL-RC#351203,Services,1F2,
Flight Plans,FLIGHT PLAN-FULL-RC#351205.,Services,1F2,
Flight Plans,FLIGHT PLAN-FULL-RC#351268,Services,1F2,
Flight Plans,FLIGHT PLAN-FULL-RC#351277,Services,1F2,
Flight Plans,FLIGHT PLAN-FULL-RC#351303,Services,1F2,
Flight Plans,FLIGHT PLAN-FULL-RC#351322,Services,1F2,
Flight Plans,FLIGHT PLAN-FULL-RC#351343,Services,1F2,
Flight Plans,FLIGHT PLAN-FULL-RC#351352,Services,1F2,
Flight Plans,FLIGHT PLAN-FULL-RC#351354,Services,1F2,
Flight Plans,FLIGHT PLAN-FULL-RC#351356,Services,1F2,
Flight Plans,FLIGHT PLAN-FULL-RC#351361,Services,1F2,
Flight Plans,FLIGHT PLAN-FULL-RC#351364,Services,1F2,
Flight Plans,FLIGHT PLAN-FULL-RC#351366,Services,1F2,
Flight Plans,FLIGHT PLAN-FULL-RC#351375,Services,1F2,
Flight Plans,FLIGHT PLAN-FULL-RC#351377,Services,1F2,
Flight Plans,FLIGHT PLAN-FULL-RC#351388,Services,1F2,
Flight Plans,FLIGHT PLAN-FULL-RC#351393,Services,1F2,
Flight Plans,FLIGHT PLAN-FULL-RC#351419,Services,1F2,
Flight Plans,FLIGHT PLAN-FULL-RC#351469,Services,1F2,
Flight Plans,FLIGHT PLAN-FULL-RC#351515,Services,1F2,
Flight Plans,FLIGHT PLAN-FULL-RC#351529,Services,1F2,
Flight Plans,FLIGHT PLAN-FULL-RC#351540,Services,1F2,
Flight Plans,FLIGHT PLAN-FULL-RC#351543,Services,1F2,
Flight Plans,FLIGHT PLAN-FULL-RC#351546,Services,1F2,
Flight Plans,FLIGHT PLAN-FULL-RC#351567,Services,1F2,
Flight Plans,FLIGHT PLAN-FULL-RC#351580,Services,1F2,
Flight Plans,FLIGHT PLAN-FULL-RC#351617,Services,1F2,
Flight Plans,FLIGHT PLAN-FULL-RC#351628,Services,1F2,
Flight Plans,FLIGHT PLAN-FULL-RC#351636,Services,1F2,
Flight Plans,FLIGHT PLAN-FULL-RC#351716,Services,1F2,
Flight Plans,FLIGHT PLAN-FULL-RC#351744,Services,1F2,
Flight Plans,FLIGHT PLAN-FULL-RC#351754,Services,1F2,
Flight Plans,FLIGHT PLAN-FULL-RC#351759.,Services,1F2,
Flight Plans,FLIGHT PLAN-FULL-RC#351761.,Services,1F2,
Flight Plans,FLIGHT PLAN-FULL-RC#351785,Services,1F2,
Flight Plans,FLIGHT PLAN-FULL-RC#351788,Services,1F2,
Flight Plans,FLIGHT PLAN-FULL-RC#351794,Services,1F2,
Flight Plans,FLIGHT PLAN-FULL-RC#351797,Services,1F2,
Flight Plans,FLIGHT PLAN-FULL-RC#351798,Services,1F2,
Flight Plans,FLIGHT PLAN-FULL-RC#351821,Services,1F2,
Flight Plans,FLIGHT PLAN-FULL-RC#351865,Services,1F2,
Flight Plans,FLIGHT PLAN-FULL-RC#351876,Services,1F2,
Flight Plans,FLIGHT PLAN-FULL-RC#351878,Services,1F2,
Flight Plans,FLIGHT PLAN-FULL-RC#351917,Services,1F2,
Flight Plans,FLIGHT PLAN-FULL-RC#351926,Services,1F2,
Flight Plans,FLIGHT PLAN-FULL-RC#351934,Services,1F2,
Flight Plans,FLIGHT PLAN-FULL-RC#351939,Services,1F2,
Flight Plans,FLIGHT PLAN-FULL-RC#351940,Services,1F2,
Flight Plans,FLIGHT PLAN-FULL-RC#351957,Services,1F2,
Flight Plans,FLIGHT PLAN-FULL-RC#351970,Services,1F2,
Flight Plans,FLIGHT PLAN-FULL-RC#351980,Services,1F2,
Flight Plans,FLIGHT PLAN-FULL-RC#351992,Services,1F2,
Flight Plans,FLIGHT PLAN-FULL-RC#351994,Services,1F2,
Flight Plans,FLIGHT PLAN-FULL-RC#352030,Services,1F2,
Flight Plans,FLIGHT PLAN-FULL-RC#352044,Services,1F2,
Flight Plans,FLIGHT PLAN-FULL-RC#352053,Services,1F2,
Flight Plans,FLIGHT PLAN-FULL-RC#352054,Services,1F2,
Flight Plans,FLIGHT PLAN-FULL-RC#352067,Services,1F2,
Flight Plans,FLIGHT PLAN-FULL-RC#352076,Services,1F2,
Flight Plans,FLIGHT PLAN-FULL-RC#352078,Services,1F2,
Flight Plans,FLIGHT PLAN-FULL-RC#352080,Services,1F2,
Flight Plans,FLIGHT PLAN-FULL-RC#352090,Services,1F2,
Flight Plans,FLIGHT PLAN-FULL-RC#352101,Services,1F2,
Flight Plans,FLIGHT PLAN-FULL-RC#352102,Services,1F2,
Flight Plans,FLIGHT PLAN-FULL-RC#352119,Services,1F2,
Flight Plans,FLIGHT PLAN-FULL-RC#352120,Services,1F2,
Flight Plans,FLIGHT PLAN-FULL-RC#352121,Services,1F2,
Flight Plans,FLIGHT PLAN-FULL-RC#352141,Services,1F2,
Flight Plans,FLIGHT PLAN-FULL-RC#352155,Services,1F2,
Flight Plans,FLIGHT PLAN-FULL-RC#352160,Services,1F2,
Flight Plans,FLIGHT PLAN-FULL-RC#352161,Services,1F2,
Flight Plans,FLIGHT PLAN-FULL-RC#352177,Services,1F2,
Flight Plans,FLIGHT PLAN-FULL-RC#352181,Services,1F2,
Flight Plans,FLIGHT PLAN-FULL-RC#352182,Services,1F2,
Flight Plans,FLIGHT PLAN-FULL-RC#352185,Services,1F2,
Flight Plans,FLIGHT PLAN-FULL-RC#352192,Services,1F2,
Flight Plans,FLIGHT PLAN-FULL-RC#352205,Services,1F2,
Flight Plans,FLIGHT PLAN-FULL-RC#352209,Services,1F2,
Flight Plans,FLIGHT PLAN-FULL-RC#352225.,Services,1F2,
Flight Plans,FLIGHT PLAN-FULL-RC#352243,Services,1F2,
Flight Plans,FLIGHT PLAN-FULL-RC#352244,Services,1F2,
Flight Plans,FLIGHT PLAN-FULL-RC#352256,Services,1F2,
Flight Plans,FLIGHT PLAN-FULL-RC#352257,Services,1F2,
Flight Plans,FLIGHT PLAN-FULL-RC#352260,Services,1F2,
Flight Plans,FLIGHT PLAN-FULL-RC#352264,Services,1F2,
Flight Plans,FLIGHT PLAN-FULL-RC#352277,Services,1F2,
Flight Plans,FLIGHT PLAN-FULL-RC#352283.,Services,1F2,
Flight Plans,FLIGHT PLAN-FULL-RC#352285,Services,1F2,
Flight Plans,FLIGHT PLAN-FULL-RC#352337,Services,1F2,
Flight Plans,FLIGHT PLAN-FULL-RC#352338,Services,1F2,
Flight Plans,FLIGHT PLAN-FULL-RC#352339,Services,1F2,
Flight Plans,FLIGHT PLAN-FULL-RC#352352,Services,1F2,
Flight Plans,FLIGHT PLAN-FULL-RC#352363,Services,1F2,
Flight Plans,FLIGHT PLAN-FULL-RC#352372,Services,1F2,
Flight Plans,FLIGHT PLAN-FULL-RC#352383,Services,1F2,
Flight Plans,FLIGHT PLAN-FULL-RC#352401,Services,1F2,
Flight Plans,FLIGHT PLAN-FULL-RC#352402,Services,1F2,
Flight Plans,FLIGHT PLAN-FULL-RC#352411,Services,1F2,
Flight Plans,FLIGHT PLAN-FULL-RC#352413,Services,1F2,
Flight Plans,FLIGHT PLAN-FULL-RC#352430,Services,1F2,
Flight Plans,FLIGHT PLAN-FULL-RC#352437,Services,1F2,
Flight Plans,FLIGHT PLAN-FULL-RC#352439,Services,1F2,
Flight Plans,FLIGHT PLAN-FULL-RC#352441,Services,1F2,
Flight Plans,FLIGHT PLAN-FULL-RC#352445,Services,1F2,
Flight Plans,FLIGHT PLAN-FULL-RC#352458,Services,1F2,
Flight Plans,FLIGHT PLAN-FULL-RC#352486,Services,1F2,
Flight Plans,FLIGHT PLAN-FULL-RC#352511-,Services,1F2,
Flight Plans,FLIGHT PLAN-FULL-RC#352527,Services,1F2,
Flight Plans,FLIGHT PLAN-FULL-RC#352532,Services,1F2,
Flight Plans,FLIGHT PLAN-FULL-RC#352542,Services,1F2,
Flight Plans,FLIGHT PLAN-FULL-RC#352556,Services,1F2,
Flight Plans,FLIGHT PLAN-FULL-RC#352561,Services,1F2,
Flight Plans,FLIGHT PLAN-FULL-RC#352588,Services,1F2,
Flight Plans,FLIGHT PLAN-FULL-RC#352597,Services,1F2,
Flight Plans,FLIGHT PLAN-FULL-RC#352599,Services,1F2,
Flight Plans,FLIGHT PLAN-FULL-RC#352613,Services,1F2,
Flight Plans,FLIGHT PLAN-FULL-RC#352626,Services,1F2,
Flight Plans,FLIGHT PLAN-FULL-RC#352628,Services,1F2,
Flight Plans,FLIGHT PLAN-FULL-RC#352629,Services,1F2,
Flight Plans,FLIGHT PLAN-FULL-RC#352637,Services,1F2,
Flight Plans,FLIGHT PLAN-FULL-RC#352638,Services,1F2,
Flight Plans,FLIGHT PLAN-FULL-RC#352639,Services,1F2,
Flight Plans,FLIGHT PLAN-FULL-RC#352707,Services,1F2,
Flight Plans,FLIGHT PLAN-FULL-RC#352757,Services,1F2,
Flight Plans,FLIGHT PLAN-FULL-RC#352758,Services,1F2,
Flight Plans,FLIGHT PLAN-FULL-RC#352760,Services,1F2,
Flight Plans,FLIGHT PLAN-FULL-RC#352771,Services,1F2,
Flight Plans,FLIGHT PLAN-FULL-RC#352775,Services,1F2,
Flight Plans,FLIGHT PLAN-FULL-RC#352826,Services,1F2,
Flight Plans,FLIGHT PLAN-FULL-RC#352833,Services,1F2,
Flight Plans,FLIGHT PLAN-FULL-RC#352851,Services,1F2,
Flight Plans,FLIGHT PLAN-FULL-RC#352863,Services,1F2,
Flight Plans,FLIGHT PLAN-FULL-RC#352864,Services,1F2,
Flight Plans,FLIGHT PLAN-FULL-RC#352868-,Services,1F2,
Flight Plans,FLIGHT PLAN-FULL-RC#352890,Services,1F2,
Flight Plans,FLIGHT PLAN-FULL-RC#352918,Services,1F2,
Flight Plans,FLIGHT PLAN-FULL-RC#352928,Services,1F2,
Flight Plans,FLIGHT PLAN-FULL-RC#352933,Services,1F2,
Flight Plans,FLIGHT PLAN-FULL-RC#352934,Services,1F2,
Flight Plans,FLIGHT PLAN-FULL-RC#352955,Services,1F2,
Flight Plans,FLIGHT PLAN-FULL-RC#352965,Services,1F2,
Flight Plans,FLIGHT PLAN-FULL-RC#352974,Services,1F2,
Flight Plans,FLIGHT PLAN-FULL-RC#352984,Services,1F2,
Flight Plans,FLIGHT PLAN-FULL-RC#352985,Services,1F2,
Flight Plans,FLIGHT PLAN-FULL-RC#352987,Services,1F2,
Flight Plans,FLIGHT PLAN-FULL-RC#352993,Services,1F2,
Flight Plans,FLIGHT PLAN-FULL-RC#352994,Services,1F2,
Flight Plans,FLIGHT PLAN-FULL-RC#353023,Services,1F2,
Flight Plans,FLIGHT PLAN-FULL-RC#353026,Services,1F2,
Flight Plans,FLIGHT PLAN-FULL-RC#353031,Services,1F2,
Flight Plans,FLIGHT PLAN-FULL-RC#353044,Services,1F2,
Flight Plans,FLIGHT PLAN-FULL-RC#353096,Services,1F2,
Flight Plans,FLIGHT PLAN-FULL-RC#353099,Services,1F2,
Flight Plans,FLIGHT PLAN-FULL-RC#353119,Services,1F2,
Flight Plans,FLIGHT PLAN-FULL-RC#353129,Services,1F2,
Flight Plans,FLIGHT PLAN-FULL-RC#353131,Services,1F2,
Flight Plans,FLIGHT PLAN-FULL-RC#353154,Services,1F2,
Flight Plans,FLIGHT PLAN-FULL-RC#353160,Services,1F2,
Flight Plans,FLIGHT PLAN-FULL-RC#353163,Services,1F2,
Flight Plans,FLIGHT PLAN-FULL-RC#353187,Services,1F2,
Flight Plans,FLIGHT PLAN-FULL-RC#353193,Services,1F2,
Flight Plans,FLIGHT PLAN-FULL-RC#353345,Services,1F2,
Flight Plans,FLIGHT PLAN-FULL-RC#353354,Services,1F2,
Flight Plans,FLIGHT PLAN-FULL-RC#353374,Services,1F2,
Flight Plans,FLIGHT PLAN-FULL-RC#353411,Services,1F2,
Flight Plans,FLIGHT PLAN-FULL-RC#353576,Services,1F2,
Flight Plans,FLIGHT PLAN-FULL-RC#353581,Services,1F2,
Flight Plans,FLIGHT PLAN-FULL-RC#353643,Services,1F2,
Flight Plans,FLIGHT PLAN-FULL-RC#353656,Services,1F2,
Flight Plans,FLIGHT PLAN-FULL-RC#353664,Services,1F2,
Flight Plans,FLIGHT PLAN-FULL-RC#353665,Services,1F2,
Flight Plans,FLIGHT PLAN-FULL-RC#353674,Services,1F2,
Flight Plans,FLIGHT PLAN-FULL-RC#353677,Services,1F2,
Flight Plans,FLIGHT PLAN-FULL-RC#353681,Services,1F2,
Flight Plans,FLIGHT PLAN-FULL-RC#353751,Services,1F2,
Flight Plans,FLIGHT PLAN-FULL-RC#353756,Services,1F2,
Flight Plans,FLIGHT PLAN-FULL-RC#353803,Services,1F2,
Flight Plans,FLIGHT PLAN-FULL-RC#353811,Services,1F2,
Flight Plans,FLIGHT PLAN-FULL-RC#353817,Services,1F2,
Flight Plans,FLIGHT PLAN-FULL-RC#353822,Services,1F2,
Flight Plans,FLIGHT PLAN-FULL-RC#353823,Services,1F2,
Flight Plans,FLIGHT PLAN-FULL-RC#353884,Services,1F2,
Flight Plans,FLIGHT PLAN-FULL-RC#353890,Services,1F2,
Flight Plans,FLIGHT PLAN-FULL-RC#353892,Services,1F2,
Flight Plans,FLIGHT PLAN-FULL-RC#353896,Services,1F2,
Flight Plans,FLIGHT PLAN-FULL-RC#353898,Services,1F2,
Flight Plans,FLIGHT PLAN-FULL-RC#353901,Services,1F2,
Flight Plans,FLIGHT PLAN-FULL-RC#353994,Services,1F2,
Flight Plans,FLIGHT PLAN-FULL-RC#353998,Services,1F2,
Flight Plans,FLIGHT PLAN-FULL-RC#354010,Services,1F2,
Flight Plans,FLIGHT PLAN-FULL-RC#354022,Services,1F2,
Flight Plans,FLIGHT PLAN-FULL-RC#354029,Services,1F2,
Flight Plans,FLIGHT PLAN-FULL-RC#354030,Services,1F2,
Flight Plans,FLIGHT PLAN-FULL-RC#354044,Services,1F2,
Flight Plans,FLIGHT PLAN-FULL-RC#354061,Services,1F2,
Flight Plans,FLIGHT PLAN-FULL-RC#354062,Services,1F2,
Flight Plans,FLIGHT PLAN-FULL-RC#354063,Services,1F2,
Flight Plans,FLIGHT PLAN-FULL-RC#354083,Services,1F2,
Flight Plans,FLIGHT PLAN-FULL-RC#354091,Services,1F2,
Flight Plans,FLIGHT PLAN-FULL-RC#354096,Services,1F2,
Flight Plans,FLIGHT PLAN-FULL-RC#354099,Services,1F2,
Flight Plans,FLIGHT PLAN-FULL-RC#354123,Services,1F2,
Flight Plans,FLIGHT PLAN-FULL-RC#354127,Services,1F2,
Flight Plans,FLIGHT PLAN-FULL-RC#354130,Services,1F2,
Flight Plans,FLIGHT PLAN-FULL-RC#354134,Services,1F2,
Flight Plans,FLIGHT PLAN-FULL-RC#354135,Services,1F2,
Flight Plans,FLIGHT PLAN-FULL-RC#354139,Services,1F2,
Flight Plans,FLIGHT PLAN-FULL-RC#354142,Services,1F2,
Flight Plans,FLIGHT PLAN-FULL-RC#354144,Services,1F2,
Flight Plans,FLIGHT PLAN-FULL-RC#354145,Services,1F2,
Flight Plans,FLIGHT PLAN-FULL-RC#354163,Services,1F2,
Flight Plans,FLIGHT PLAN-FULL-RC#354173,Services,1F2,
Flight Plans,FLIGHT PLAN-FULL-RC#354176,Services,1F2,
Flight Plans,FLIGHT PLAN-FULL-RC#354188,Services,1F2,
Flight Plans,FLIGHT PLAN-FULL-RC#354189,Services,1F2,
Flight Plans,FLIGHT PLAN-FULL-RC#354214,Services,1F2,
Flight Plans,FLIGHT PLAN-FULL-RC#354261,Services,1F2,
Flight Plans,FLIGHT PLAN-FULL-RC#354275,Services,1F2,
Flight Plans,FLIGHT PLAN-FULL-RC#354300,Services,1F2,
Flight Plans,FLIGHT PLAN-FULL-RC#354309,Services,1F2,
Flight Plans,FLIGHT PLAN-FULL-RC#354316,Services,1F2,
Flight Plans,FLIGHT PLAN-FULL-RC#354373-,Services,1F2,
Flight Plans,FLIGHT PLAN-FULL-RC#354378-,Services,1F2,
Flight Plans,FLIGHT PLAN-FULL-RC#354380-,Services,1F2,
Flight Plans,FLIGHT PLAN-FULL-RC#354394,Services,1F2,
Flight Plans,FLIGHT PLAN-FULL-RC#354402,Services,1F2,
Flight Plans,FLIGHT PLAN-FULL-RC#354413,Services,1F2,
Flight Plans,FLIGHT PLAN-FULL-RC#354457,Services,1F2,
Flight Plans,FLIGHT PLAN-FULL-RC#354473,Services,1F2,
Flight Plans,FLIGHT PLAN-FULL-RC#354476,Services,1F2,
Flight Plans,FLIGHT PLAN-FULL-RC#354489,Services,1F2,
Flight Plans,FLIGHT PLAN-FULL-RC#354510,Services,1F2,
Flight Plans,FLIGHT PLAN-FULL-RC#354513,Services,1F2,
Flight Plans,FLIGHT PLAN-FULL-RC#354514,Services,1F2,
Flight Plans,FLIGHT PLAN-FULL-RC#354521,Services,1F2,
Flight Plans,FLIGHT PLAN-FULL-RC#354534,Services,1F2,
Flight Plans,FLIGHT PLAN-FULL-RC#354542,Services,1F2,
Flight Plans,FLIGHT PLAN-FULL-RC#354564,Services,1F2,
Flight Plans,FLIGHT PLAN-FULL-RC#354569,Services,1F2,
Flight Plans,FLIGHT PLAN-FULL-RC#354573,Services,1F2,
Flight Plans,FLIGHT PLAN-FULL-RC#354580,Services,1F2,
Flight Plans,FLIGHT PLAN-FULL-RC#354605,Services,1F2,
Flight Plans,FLIGHT PLAN-FULL-RC#354609,Services,1F2,
Flight Plans,FLIGHT PLAN-FULL-RC#354612,Services,1F2,
Flight Plans,FLIGHT PLAN-FULL-RC#354641,Services,1F2,
Flight Plans,FLIGHT PLAN-FULL-RC#354653,Services,1F2,
Flight Plans,FLIGHT PLAN-FULL-RC#354673,Services,1F2,
Flight Plans,FLIGHT PLAN-FULL-RC#354685,Services,1F2,
Flight Plans,FLIGHT PLAN-FULL-RC#354687,Services,1F2,
Flight Plans,FLIGHT PLAN-FULL-RC#354703,Services,1F2,
Flight Plans,FLIGHT PLAN-FULL-RC#354749,Services,1F2,
Flight Plans,FLIGHT PLAN-FULL-RC#354754,Services,1F2,
Flight Plans,FLIGHT PLAN-FULL-RC#354768,Services,1F2,
Flight Plans,FLIGHT PLAN-FULL-RC#354784,Services,1F2,
Flight Plans,FLIGHT PLAN-FULL-RC#354796,Services,1F2,
Flight Plans,FLIGHT PLAN-FULL-RC#354798,Services,1F2,
Flight Plans,FLIGHT PLAN-FULL-RC#354831,Services,1F2,
Flight Plans,FLIGHT PLAN-FULL-RC#354839,Services,1F2,
Flight Plans,FLIGHT PLAN-FULL-RC#354840,Services,1F2,
Flight Plans,FLIGHT PLAN-FULL-RC#354842,Services,1F2,
Flight Plans,FLIGHT PLAN-FULL-RC#354848,Services,1F2,
Flight Plans,FLIGHT PLAN-FULL-RC#354858,Services,1F2,
Flight Plans,FLIGHT PLAN-FULL-RC#354860,Services,1F2,
Flight Plans,FLIGHT PLAN-FULL-RC#354870,Services,1F2,
Flight Plans,FLIGHT PLAN-FULL-RC#354907,Services,1F2,
Flight Plans,FLIGHT PLAN-FULL-RC#354908,Services,1F2,
Flight Plans,FLIGHT PLAN-FULL-RC#354911,Services,1F2,
Flight Plans,FLIGHT PLAN-FULL-RC#354913,Services,1F2,
Flight Plans,FLIGHT PLAN-FULL-RC#354918,Services,1F2,
Flight Plans,FLIGHT PLAN-FULL-RC#354922,Services,1F2,
Flight Plans,FLIGHT PLAN-FULL-RC#354927,Services,1F2,
Flight Plans,FLIGHT PLAN-FULL-RC#354929,Services,1F2,
Flight Plans,FLIGHT PLAN-FULL-RC#354932,Services,1F2,
Flight Plans,FLIGHT PLAN-FULL-RC#354933,Services,1F2,
Flight Plans,FLIGHT PLAN-FULL-RC#354934,Services,1F2,
Flight Plans,FLIGHT PLAN-FULL-RC#354938,Services,1F2,
Flight Plans,FLIGHT PLAN-FULL-RC#354941,Services,1F2,
Flight Plans,FLIGHT PLAN-FULL-RC#354948,Services,1F2,
Flight Plans,FLIGHT PLAN-FULL-RC#354950,Services,1F2,
Flight Plans,FLIGHT PLAN-FULL-RC#354952,Services,1F2,
Flight Plans,FLIGHT PLAN-FULL-RC#354953,Services,1F2,
Flight Plans,FLIGHT PLAN-FULL-RC#354967,Services,1F2,
Flight Plans,FLIGHT PLAN-FULL-RC#354981,Services,1F2,
Flight Plans,FLIGHT PLAN-FULL-RC#354988,Services,1F2,
Flight Plans,FLIGHT PLAN-FULL-RC#354992,Services,1F2,
Flight Plans,FLIGHT PLAN-FULL-RC#354994,Services,1F2,
Flight Plans,FLIGHT PLAN-FULL-RC#355012,Services,1F2,
Flight Plans,FLIGHT PLAN-FULL-RC#355025,Services,1F2,
Flight Plans,FLIGHT PLAN-FULL-RC#355034,Services,1F2,
Flight Plans,FLIGHT PLAN-FULL-RC#355049,Services,1F2,
Flight Plans,FLIGHT PLAN-FULL-RC#355067,Services,1F2,
Flight Plans,FLIGHT PLAN-FULL-RC#355076,Services,1F2,
Flight Plans,FLIGHT PLAN-FULL-RC#355078,Services,1F2,
Flight Plans,FLIGHT PLAN-FULL-RC#355088,Services,1F2,
Flight Plans,FLIGHT PLAN-FULL-RC#355092,Services,1F2,
Flight Plans,FLIGHT PLAN-FULL-RC#355114,Services,1F2,
Flight Plans,FLIGHT PLAN-FULL-RC#355135,Services,1F2,
Flight Plans,FLIGHT PLAN-FULL-RC#355141,Services,1F2,
Flight Plans,FLIGHT PLAN-FULL-RC#355147,Services,1F2,
Flight Plans,FLIGHT PLAN-FULL-RC#355170,Services,1F2,
Flight Plans,FLIGHT PLAN-FULL-RC#355180,Services,1F2,
Flight Plans,FLIGHT PLAN-FULL-RC#355218,Services,1F2,
Flight Plans,FLIGHT PLAN-FULL-RC#355227,Services,1F2,
Flight Plans,FLIGHT PLAN-FULL-RC#355231,Services,1F2,
Flight Plans,FLIGHT PLAN-FULL-RC#355235,Services,1F2,
Flight Plans,FLIGHT PLAN-FULL-RC#355255,Services,1F2,
Flight Plans,FLIGHT PLAN-FULL-RC#355257,Services,1F2,
Flight Plans,FLIGHT PLAN-FULL-RC#355258,Services,1F2,
Flight Plans,FLIGHT PLAN-FULL-RC#355280,Services,1F2,
Flight Plans,FLIGHT PLAN-FULL-RC#355292,Services,1F2,
Flight Plans,FLIGHT PLAN-FULL-RC#355297,Services,1F2,
Flight Plans,FLIGHT PLAN-FULL-RC#355299,Services,1F2,
Flight Plans,FLIGHT PLAN-FULL-RC#355305,Services,1F2,
Flight Plans,FLIGHT PLAN-FULL-RC#355310,Services,1F2,
Flight Plans,FLIGHT PLAN-FULL-RC#355312,Services,1F2,
Flight Plans,FLIGHT PLAN-FULL-RC#355314,Services,1F2,
Flight Plans,FLIGHT PLAN-FULL-RC#355341,Services,1F2,
Flight Plans,FLIGHT PLAN-FULL-RC#355348,Services,1F2,
Flight Plans,FLIGHT PLAN-FULL-RC#355351,Services,1F2,
Flight Plans,FLIGHT PLAN-FULL-RC#355356,Services,1F2,
Flight Plans,FLIGHT PLAN-FULL-RC#355358,Services,1F2,
Flight Plans,FLIGHT PLAN-FULL-RC#355365,Services,1F2,
Flight Plans,FLIGHT PLAN-FULL-RC#355366,Services,1F2,
Flight Plans,FLIGHT PLAN-FULL-RC#355370,Services,1F2,
Flight Plans,FLIGHT PLAN-FULL-RC#355371,Services,1F2,
Flight Plans,FLIGHT PLAN-FULL-RC#355372,Services,1F2,
Flight Plans,FLIGHT PLAN-FULL-RC#355374,Services,1F2,
Flight Plans,FLIGHT PLAN-FULL-RC#355385,Services,1F2,
Flight Plans,FLIGHT PLAN-FULL-RC#355389,Services,1F2,
Flight Plans,FLIGHT PLAN-FULL-RC#355391,Services,1F2,
Flight Plans,FLIGHT PLAN-FULL-RC#355405,Services,1F2,
Flight Plans,FLIGHT PLAN-FULL-RC#355421,Services,1F2,
Flight Plans,FLIGHT PLAN-FULL-RC#355435,Services,1F2,
Flight Plans,FLIGHT PLAN-FULL-RC#355467,Services,1F2,
Flight Plans,FLIGHT PLAN-FULL-RC#355473,Services,1F2,
Flight Plans,FLIGHT PLAN-FULL-RC#355514,Services,1F2,
Flight Plans,FLIGHT PLAN-FULL-RC#355525,Services,1F2,
Flight Plans,FLIGHT PLAN-FULL-RC#355611,Services,1F2,
Flight Plans,FLIGHT PLAN-FULL-RC#355634,Services,1F2,
Flight Plans,FLIGHT PLAN-FULL-RC#355647,Services,1F2,
Flight Plans,FLIGHT PLAN-FULL-RC#355656,Services,1F2,
Flight Plans,FLIGHT PLAN-FULL-RC#355670,Services,1F2,
Flight Plans,FLIGHT PLAN-FULL-RC#355675,Services,1F2,
Flight Plans,FLIGHT PLAN-FULL-RC#355677,Services,1F2,
Flight Plans,FLIGHT PLAN-FULL-RC#355693,Services,1F2,
Flight Plans,FLIGHT PLAN-FULL-RC#355697,Services,1F2,
Flight Plans,FLIGHT PLAN-FULL-RC#355699,Services,1F2,
Flight Plans,FLIGHT PLAN-FULL-RC#355702,Services,1F2,
Flight Plans,FLIGHT PLAN-FULL-RC#355735,Services,1F2,
Flight Plans,FLIGHT PLAN-FULL-RC#355737,Services,1F2,
Flight Plans,FLIGHT PLAN-FULL-RC#355740,Services,1F2,
Flight Plans,FLIGHT PLAN-FULL-RC#355742,Services,1F2,
Flight Plans,FLIGHT PLAN-FULL-RC#355749,Services,1F2,
Flight Plans,FLIGHT PLAN-FULL-RC#355764,Services,1F2,
Flight Plans,FLIGHT PLAN-FULL-RC#355773,Services,1F2,
Flight Plans,FLIGHT PLAN-FULL-RC#355825,Services,1F2,
Flight Plans,FLIGHT PLAN-FULL-RC#355829,Services,1F2,
Flight Plans,FLIGHT PLAN-FULL-RC#355840,Services,1F2,
Flight Plans,FLIGHT PLAN-FULL-RC#355856,Services,1F2,
Flight Plans,FLIGHT PLAN-FULL-RC#355863,Services,1F2,
Flight Plans,FLIGHT PLAN-FULL-RC#355879,Services,1F2,
Flight Plans,FLIGHT PLAN-FULL-RC#355897,Services,1F2,
Flight Plans,FLIGHT PLAN-FULL-RC#355901,Services,1F2,
Flight Plans,FLIGHT PLAN-FULL-RC#355916,Services,1F2,
Flight Plans,FLIGHT PLAN-FULL-RC#356004,Services,1F2,
Flight Plans,FLIGHT PLAN-FULL-RC#356046,Services,1F2,
Flight Plans,FLIGHT PLAN-FULL-RC#356087,Services,1F2,
Flight Plans,FLIGHT PLAN-FULL-RC#356097,Services,1F2,
Flight Plans,FLIGHT PLAN-FULL-RC#356102,Services,1F2,
Flight Plans,FLIGHT PLAN-FULL-RC#356110,Services,1F2,
Flight Plans,FLIGHT PLAN-FULL-RC#356116,Services,1F2,
Flight Plans,FLIGHT PLAN-FULL-RC#356120,Services,1F2,
Flight Plans,FLIGHT PLAN-FULL-RC#356124,Services,1F2,
Flight Plans,FLIGHT PLAN-FULL-RC#356130,Services,1F2,
Flight Plans,FLIGHT PLAN-FULL-RC#356131,Services,1F2,
Flight Plans,FLIGHT PLAN-FULL-RC#356132,Services,1F2,
Flight Plans,FLIGHT PLAN-FULL-RC#356136,Services,1F2,
Flight Plans,FLIGHT PLAN-FULL-RC#356137,Services,1F2,
Flight Plans,FLIGHT PLAN-FULL-RC#356143,Services,1F2,
Flight Plans,FLIGHT PLAN-FULL-RC#356153,Services,1F2,
Flight Plans,FLIGHT PLAN-FULL-RC#356155,Services,1F2,
Flight Plans,FLIGHT PLAN-FULL-RC#356157,Services,1F2,
Flight Plans,FLIGHT PLAN-FULL-RC#356162,Services,1F2,
Flight Plans,FLIGHT PLAN-FULL-RC#356175,Services,1F2,
Flight Plans,FLIGHT PLAN-FULL-RC#356191,Services,1F2,
Flight Plans,FLIGHT PLAN-FULL-RC#356192,Services,1F2,
Flight Plans,FLIGHT PLAN-FULL-RC#356237,Services,1F2,
Flight Plans,FLIGHT PLAN-FULL-RC#356253,Services,1F2,
Flight Plans,FLIGHT PLAN-FULL-RC#356261,Services,1F2,
Flight Plans,FLIGHT PLAN-FULL-RC#356295,Services,1F2,
Flight Plans,FLIGHT PLAN-FULL-RC#356302,Services,1F2,
Flight Plans,FLIGHT PLAN-FULL-RC#356359,Services,1F2,
Flight Plans,FLIGHT PLAN-FULL-RC#356369,Services,1F2,
Flight Plans,FLIGHT PLAN-FULL-RC#356413,Services,1F2,
Flight Plans,FLIGHT PLAN-FULL-RC#356414,Services,1F2,
Flight Plans,FLIGHT PLAN-FULL-RC#356420,Services,1F2,
Flight Plans,FLIGHT PLAN-FULL-RC#356426,Services,1F2,
Flight Plans,FLIGHT PLAN-FULL-RC#356428,Services,1F2,
Flight Plans,FLIGHT PLAN-FULL-RC#356429,Services,1F2,
Flight Plans,FLIGHT PLAN-FULL-RC#356430,Services,1F2,
Flight Plans,FLIGHT PLAN-FULL-RC#356565,Services,1F2,
Flight Plans,FLIGHT PLAN-FULL-RC#356570,Services,1F2,
Flight Plans,FLIGHT PLAN-FULL-RC#356574,Services,1F2,
Flight Plans,FLIGHT PLAN-FULL-RC#356581,Services,1F2,
Flight Plans,FLIGHT PLAN-FULL-RC#356583,Services,1F2,
Flight Plans,FLIGHT PLAN-FULL-RC#356584,Services,1F2,
Flight Plans,FLIGHT PLAN-FULL-RC#356613,Services,1F2,
Flight Plans,FLIGHT PLAN-FULL-RC#356623,Services,1F2,
Flight Plans,FLIGHT PLAN-FULL-RC#356624,Services,1F2,
Flight Plans,FLIGHT PLAN-FULL-RC#356628,Services,1F2,
Flight Plans,FLIGHT PLAN-FULL-RC#356640,Services,1F2,
Flight Plans,FLIGHT PLAN-FULL-RC#356702,Services,1F2,
Flight Plans,FLIGHT PLAN-FULL-RC#356706,Services,1F2,
Flight Plans,FLIGHT PLAN-FULL-RC#356723,Services,1F2,
Flight Plans,FLIGHT PLAN-FULL-RC#356808,Services,1F2,
Flight Plans,FLIGHT PLAN-FULL-RC#356810,Services,1F2,
Flight Plans,FLIGHT PLAN-FULL-RC#356822,Services,1F2,
Flight Plans,FLIGHT PLAN-FULL-RC#356851,Services,1F2,
Flight Plans,FLIGHT PLAN-FULL-RC#356860,Services,1F2,
Flight Plans,FLIGHT PLAN-FULL-RC#356867,Services,1F2,
Flight Plans,FLIGHT PLAN-FULL-RC#356871,Services,1F2,
Flight Plans,FLIGHT PLAN-FULL-RC#356872,Services,1F2,
Flight Plans,FLIGHT PLAN-FULL-RC#356881,Services,1F2,
Flight Plans,FLIGHT PLAN-FULL-RC#356882,Services,1F2,
Flight Plans,FLIGHT PLAN-FULL-RC#356886,Services,1F2,
Flight Plans,FLIGHT PLAN-FULL-RC#356893,Services,1F2,
Flight Plans,FLIGHT PLAN-FULL-RC#356894,Services,1F2,
Flight Plans,FLIGHT PLAN-FULL-RC#356901,Services,1F2,
Flight Plans,FLIGHT PLAN-FULL-RC#356922,Services,1F2,
Flight Plans,FLIGHT PLAN-FULL-RC#356929,Services,1F2,
Flight Plans,FLIGHT PLAN-FULL-RC#356932,Services,1F2,
Flight Plans,FLIGHT PLAN-FULL-RC#356943,Services,1F2,
Flight Plans,FLIGHT PLAN-FULL-RC#356944,Services,1F2,
Flight Plans,FLIGHT PLAN-FULL-RC#356954,Services,1F2,
Flight Plans,FLIGHT PLAN-FULL-RC#356963,Services,1F2,
Flight Plans,FLIGHT PLAN-FULL-RC#357021,Services,1F2,
Flight Plans,FLIGHT PLAN-FULL-RC#357033,Services,1F2,
Flight Plans,FLIGHT PLAN-FULL-RC#357043,Services,1F2,
Flight Plans,FLIGHT PLAN-FULL-RC#357044,Services,1F2,
Flight Plans,FLIGHT PLAN-FULL-RC#357065,Services,1F2,
Flight Plans,FLIGHT PLAN-FULL-RC#357073,Services,1F2,
Flight Plans,FLIGHT PLAN-FULL-RC#357110,Services,1F2,
Flight Plans,FLIGHT PLAN-FULL-RC#357127,Services,1F2,
Flight Plans,FLIGHT PLAN-FULL-RC#357129,Services,1F2,
Flight Plans,FLIGHT PLAN-FULL-RC#357152,Services,1F2,
Flight Plans,FLIGHT PLAN-FULL-RC#357154,Services,1F2,
Flight Plans,FLIGHT PLAN-FULL-RC#357156,Services,1F2,
Flight Plans,FLIGHT PLAN-FULL-RC#357174,Services,1F2,
Flight Plans,FLIGHT PLAN-FULL-RC#357180,Services,1F2,
Flight Plans,FLIGHT PLAN-FULL-RC#357183,Services,1F2,
Flight Plans,FLIGHT PLAN-FULL-RC#357232,Services,1F2,
Flight Plans,FLIGHT PLAN-FULL-RC#357242,Services,1F2,
Flight Plans,FLIGHT PLAN-FULL-RC#357244,Services,1F2,
Flight Plans,FLIGHT PLAN-FULL-RC#357295,Services,1F2,
Flight Plans,FLIGHT PLAN-FULL-RC#357298,Services,1F2,
Flight Plans,FLIGHT PLAN-FULL-RC#357324,Services,1F2,
Flight Plans,FLIGHT PLAN-FULL-RC#357335,Services,1F2,
Flight Plans,FLIGHT PLAN-FULL-RC#357340,Services,1F2,
Flight Plans,FLIGHT PLAN-FULL-RC#357343,Services,1F2,
Flight Plans,FLIGHT PLAN-FULL-RC#357347,Services,1F2,
Flight Plans,FLIGHT PLAN-FULL-RC#357351,Services,1F2,
Flight Plans,FLIGHT PLAN-FULL-RC#357355,Services,1F2,
Flight Plans,FLIGHT PLAN-FULL-RC#357356,Services,1F2,
Flight Plans,FLIGHT PLAN-FULL-RC#357365,Services,1F2,
Flight Plans,FLIGHT PLAN-FULL-RC#357374,Services,1F2,
Flight Plans,FLIGHT PLAN-FULL-RC#357399,Services,1F2,
Flight Plans,FLIGHT PLAN-FULL-RC#357416,Services,1F2,
Flight Plans,FLIGHT PLAN-FULL-RC#357417,Services,1F2,
Flight Plans,FLIGHT PLAN-FULL-RC#357418,Services,1F2,
Flight Plans,FLIGHT PLAN-FULL-RC#357424,Services,1F2,
Flight Plans,FLIGHT PLAN-FULL-RC#357425,Services,1F2,
Flight Plans,FLIGHT PLAN-FULL-RC#357431,Services,1F2,
Flight Plans,FLIGHT PLAN-FULL-RC#357434,Services,1F2,
Flight Plans,FLIGHT PLAN-FULL-RC#357488,Services,1F2,
Flight Plans,FLIGHT PLAN-FULL-RC#357489,Services,1F2,
Flight Plans,FLIGHT PLAN-FULL-RC#357490,Services,1F2,
Flight Plans,FLIGHT PLAN-FULL-RC#357522,Services,1F2,
Flight Plans,FLIGHT PLAN-FULL-RC#357534,Services,1F2,
Flight Plans,FLIGHT PLAN-FULL-RC#357539,Services,1F2,
Flight Plans,FLIGHT PLAN-FULL-RC#357551,Services,1F2,
Flight Plans,FLIGHT PLAN-FULL-RC#357554,Services,1F2,
Flight Plans,FLIGHT PLAN-FULL-RC#357557,Services,1F2,
Flight Plans,FLIGHT PLAN-FULL-RC#357560,Services,1F2,
Flight Plans,FLIGHT PLAN-FULL-RC#357578,Services,1F2,
Flight Plans,FLIGHT PLAN-FULL-RC#357583,Services,1F2,
Flight Plans,FLIGHT PLAN-FULL-RC#357606,Services,1F2,
Flight Plans,FLIGHT PLAN-FULL-RC#357610,Services,1F2,
Flight Plans,FLIGHT PLAN-FULL-RC#357632,Services,1F2,
Flight Plans,FLIGHT PLAN-FULL-RC#357649,Services,1F2,
Flight Plans,FLIGHT PLAN-FULL-RC#357655,Services,1F2,
Flight Plans,FLIGHT PLAN-FULL-RC#357673,Services,1F2,
Flight Plans,FLIGHT PLAN-FULL-RC#357676,Services,1F2,
Flight Plans,FLIGHT PLAN-FULL-RC#357686,Services,1F2,
Flight Plans,FLIGHT PLAN-FULL-RC#357690,Services,1F2,
Flight Plans,FLIGHT PLAN-FULL-RC#357693,Services,1F2,
Flight Plans,FLIGHT PLAN-FULL-RC#357694,Services,1F2,
Flight Plans,FLIGHT PLAN-FULL-RC#357695,Services,1F2,
Flight Plans,FLIGHT PLAN-FULL-RC#357698,Services,1F2,
Flight Plans,FLIGHT PLAN-FULL-RC#357702,Services,1F2,
Flight Plans,FLIGHT PLAN-FULL-RC#357711,Services,1F2,
Flight Plans,FLIGHT PLAN-FULL-RC#357713,Services,1F2,
Flight Plans,FLIGHT PLAN-FULL-RC#357757,Services,1F2,
Flight Plans,FLIGHT PLAN-FULL-RC#357776,Services,1F2,
Flight Plans,FLIGHT PLAN-FULL-RC#357783,Services,1F2,
Flight Plans,FLIGHT PLAN-FULL-RC#357788,Services,1F2,
Flight Plans,FLIGHT PLAN-FULL-RC#357810,Services,1F2,
Flight Plans,FLIGHT PLAN-FULL-RC#357812,Services,1F2,
Flight Plans,FLIGHT PLAN-FULL-RC#357816,Services,1F2,
Flight Plans,FLIGHT PLAN-FULL-RC#357829,Services,1F2,
Flight Plans,FLIGHT PLAN-FULL-RC#357837,Services,1F2,
Flight Plans,FLIGHT PLAN-FULL-RC#357839,Services,1F2,
Flight Plans,FLIGHT PLAN-FULL-RC#357863,Services,1F2,
Flight Plans,FLIGHT PLAN-FULL-RC#357864,Services,1F2,
Flight Plans,FLIGHT PLAN-FULL-RC#357868,Services,1F2,
Flight Plans,FLIGHT PLAN-FULL-RC#357872,Services,1F2,
Flight Plans,FLIGHT PLAN-FULL-RC#357892,Services,1F2,
Flight Plans,FLIGHT PLAN-FULL-RC#357895,Services,1F2,
Flight Plans,FLIGHT PLAN-FULL-RC#357896,Services,1F2,
Flight Plans,FLIGHT PLAN-FULL-RC#357911,Services,1F2,
Flight Plans,FLIGHT PLAN-FULL-RC#357913,Services,1F2,
Flight Plans,FLIGHT PLAN-FULL-RC#357955,Services,1F2,
Flight Plans,FLIGHT PLAN-FULL-RC#357959,Services,1F2,
Flight Plans,FLIGHT PLAN-FULL-RC#357960,Services,1F2,
Flight Plans,FLIGHT PLAN-FULL-RC#357961,Services,1F2,
Flight Plans,FLIGHT PLAN-FULL-RC#357962,Services,1F2,
Flight Plans,FLIGHT PLAN-FULL-RC#358020,Services,1F2,
Flight Plans,FLIGHT PLAN-FULL-RC#358030,Services,1F2,
Flight Plans,FLIGHT PLAN-FULL-RC#358031,Services,1F2,
Flight Plans,FLIGHT PLAN-FULL-RC#358047,Services,1F2,
Flight Plans,FLIGHT PLAN-FULL-RC#358073,Services,1F2,
Flight Plans,FLIGHT PLAN-FULL-RC#358078,Services,1F2,
Flight Plans,FLIGHT PLAN-FULL-RC#358082,Services,1F2,
Flight Plans,FLIGHT PLAN-FULL-RC#358106,Services,1F2,
Flight Plans,FLIGHT PLAN-FULL-RC#358110,Services,1F2,
Flight Plans,FLIGHT PLAN-FULL-RC#358141,Services,1F2,
Flight Plans,FLIGHT PLAN-FULL-RC#358150,Services,1F2,
Flight Plans,FLIGHT PLAN-FULL-RC#358330,Services,1F2,
Flight Plans,FLIGHT PLAN-FULL-RC#358341,Services,1F2,
Flight Plans,FLIGHT PLAN-FULL-RC#358344,Services,1F2,
Flight Plans,FLIGHT PLAN-FULL-RC#358352,Services,1F2,
Flight Plans,FLIGHT PLAN-FULL-RC#358375,Services,1F2,
Flight Plans,FLIGHT PLAN-FULL-RC#358401,Services,1F2,
Flight Plans,FLIGHT PLAN-FULL-RC#358402,Services,1F2,
Flight Plans,FLIGHT PLAN-FULL-RC#358415,Services,1F2,
Flight Plans,FLIGHT PLAN-FULL-RC#358416,Services,1F2,
Flight Plans,FLIGHT PLAN-FULL-RC#358425,Services,1F2,
Flight Plans,FLIGHT PLAN-FULL-RC#358490,Services,1F2,
Flight Plans,FLIGHT PLAN-FULL-RC#358535,Services,1F2,
Flight Plans,FLIGHT PLAN-FULL-RC#358562,Services,1F2,
Flight Plans,FLIGHT PLAN-FULL-RC#358573,Services,1F2,
Flight Plans,FLIGHT PLAN-FULL-RC#358575,Services,1F2,
Flight Plans,FLIGHT PLAN-FULL-RC#358578,Services,1F2,
Flight Plans,FLIGHT PLAN-FULL-RC#358582,Services,1F2,
Flight Plans,FLIGHT PLAN-FULL-RC#358596,Services,1F2,
Flight Plans,FLIGHT PLAN-FULL-RC#358633,Services,1F2,
Flight Plans,FLIGHT PLAN-FULL-RC#358660,Services,1F2,
Flight Plans,FLIGHT PLAN-FULL-RC#358677,Services,1F2,
Flight Plans,FLIGHT PLAN-FULL-RC#358683,Services,1F2,
Flight Plans,FLIGHT PLAN-FULL-RC#358737,Services,1F2,
Flight Plans,FLIGHT PLAN-FULL-RC#358738,Services,1F2,
Flight Plans,FLIGHT PLAN-FULL-RC#358824,Services,1F2,
Flight Plans,FLIGHT PLAN-FULL-RC#358826,Services,1F2,
Flight Plans,FLIGHT PLAN-FULL-RC#358840,Services,1F2,
Flight Plans,FLIGHT PLAN-FULL-RC#358848,Services,1F2,
Flight Plans,FLIGHT PLAN-FULL-RC#358853,Services,1F2,
Flight Plans,FLIGHT PLAN-FULL-RC#358858,Services,1F2,
Flight Plans,FLIGHT PLAN-FULL-RC#358869,Services,1F2,
Flight Plans,FLIGHT PLAN-FULL-RC#358871,Services,1F2,
Flight Plans,FLIGHT PLAN-FULL-RC#358879,Services,1F2,
Flight Plans,FLIGHT PLAN-FULL-RC#358880,Services,1F2,
Flight Plans,FLIGHT PLAN-FULL-RC#358924,Services,1F2,
Flight Plans,FLIGHT PLAN-FULL-RC#358930,Services,1F2,
Flight Plans,FLIGHT PLAN-FULL-RC#358972,Services,1F2,
Flight Plans,FLIGHT PLAN-FULL-RC#359050,Services,1F2,
Flight Plans,FLIGHT PLAN-FULL-RC#359065,Services,1F2,
Flight Plans,FLIGHT PLAN-FULL-RC#359066,Services,1F2,
Flight Plans,FLIGHT PLAN-FULL-RC#359095,Services,1F2,
Flight Plans,FLIGHT PLAN-FULL-RC#359100,Services,1F2,
Flight Plans,FLIGHT PLAN-FULL-RC#359152,Services,1F2,
Flight Plans,FLIGHT PLAN-FULL-RC#359156,Services,1F2,
Flight Plans,FLIGHT PLAN-FULL-RC#359157,Services,1F2,
Flight Plans,FLIGHT PLAN-FULL-RC#359158,Services,1F2,
Flight Plans,FLIGHT PLAN-FULL-RC#359165,Services,1F2,
Flight Plans,FLIGHT PLAN-FULL-RC#359166,Services,1F2,
Flight Plans,FLIGHT PLAN-FULL-RC#359168,Services,1F2,
Flight Plans,FLIGHT PLAN-FULL-RC#359181,Services,1F2,
Flight Plans,FLIGHT PLAN-FULL-RC#359187,Services,1F2,
Flight Plans,FLIGHT PLAN-FULL-RC#359191,Services,1F2,
Flight Plans,FLIGHT PLAN-FULL-RC#359315,Services,1F2,
Flight Plans,FLIGHT PLAN-FULL-RC#359348,Services,1F2,
Flight Plans,FLIGHT PLAN-FULL-RC#359445,Services,1F2,
Flight Plans,FLIGHT PLAN-FULL-RC#359447,Services,1F2,
Flight Plans,FLIGHT PLAN-FULL-RC#359477,Services,1F2,
Flight Plans,FLIGHT PLAN-FULL-RC#359495,Services,1F2,
Flight Plans,FLIGHT PLAN-FULL-RC#359505,Services,1F2,
Flight Plans,FLIGHT PLAN-FULL-RC#359523,Services,1F2,
Flight Plans,FLIGHT PLAN-FULL-RC#359630,Services,1F2,
Flight Plans,FLIGHT PLAN-FULL-RC#359631,Services,1F2,
Flight Plans,FLIGHT PLAN-FULL-RC#359632,Services,1F2,
Flight Plans,FLIGHT PLAN-FULL-RC#359633,Services,1F2,
Flight Plans,FLIGHT PLAN-FULL-RC#359679,Services,1F2,
Flight Plans,FLIGHT PLAN-FULL-RC#359683,Services,1F2,
Flight Plans,FLIGHT PLAN-FULL-RC#359685,Services,1F2,
Flight Plans,FLIGHT PLAN-FULL-RC#359697,Services,1F2,
Flight Plans,FLIGHT PLAN-FULL-RC#359753,Services,1F2,
Flight Plans,FLIGHT PLAN-FULL-RC#359755,Services,1F2,
Flight Plans,FLIGHT PLAN-FULL-RC#359778,Services,1F2,
Flight Plans,FLIGHT PLAN-FULL-RC#359783,Services,1F2,
Flight Plans,FLIGHT PLAN-FULL-RC#359867,Services,1F2,
Flight Plans,FLIGHT PLAN-FULL-RC#359870,Services,1F2,
Flight Plans,FLIGHT PLAN-FULL-RC#359909,Services,1F2,
Flight Plans,FLIGHT PLAN-FULL-RC#359919,Services,1F2,
Flight Plans,FLIGHT PLAN-FULL-RC#360102,Services,1F2,
Flight Plans,FLIGHT PLAN-FULL-RC#360158,Services,1F2,
Flight Plans,FLIGHT PLAN-FULL-RC#360171,Services,1F2,
Flight Plans,FLIGHT PLAN-FULL-RC#360205,Services,1F2,
Flight Plans,FLIGHT PLAN-FULL-RC#360207,Services,1F2,
Flight Plans,FLIGHT PLAN-FULL-RC#360387,Services,1F2,
Flight Plans,FLIGHT PLAN-FULL-RC#360452,Services,1F2,
Flight Plans,FLIGHT PLAN-FULL-RC#360453,Services,1F2,
Flight Plans,FLIGHT PLAN-FULL-RC#360468,Services,1F2,
Flight Plans,FLIGHT PLAN-FULL-RC#360469,Services,1F2,
Flight Plans,FLIGHT PLAN-FULL-RC#360470,Services,1F2,
Flight Plans,FLIGHT PLAN-FULL-RC#360471,Services,1F2,
Flight Plans,FLIGHT PLAN-FULL-RC#360628,Services,1F2,
Flight Plans,FLIGHT PLAN-FULL-RC#360636,Services,1F2,
Flight Plans,FLIGHT PLAN-FULL-RC#360825,Services,1F2,
Flight Plans,FLIGHT PLAN-FULL-RC#360826,Services,1F2,
Flight Plans,FLIGHT PLAN-FULL-RC#360843,Services,1F2,
Flight Plans,FLIGHT PLAN-FULL-RC#360844,Services,1F2,
Flight Plans,FLIGHT PLAN-FULL-RC#360919,Services,1F2,
Flight Plans,FLIGHT PLAN-FULL-RC#360923,Services,1F2,
Flight Plans,FLIGHT PLAN-FULL-RC#361004,Services,1F2,
Flight Plans,FLIGHT PLAN-FULL-RC#361044,Services,1F2,
Flight Plans,FLIGHT PLAN-FULL-RC#361048,Services,1F2,
Flight Plans,FLIGHT PLAN-FULL-RC#361082,Services,1F2,
Flight Plans,FLIGHT PLAN-FULL-RC#361168,Services,1F2,
Flight Plans,FLIGHT PLAN-FULL-RC#361184,Services,1F2,
Flight Plans,FLIGHT PLAN-FULL-RC#361186,Services,1F2,
Flight Plans,FLIGHT PLAN-FULL-RC#361196,Services,1F2,
Flight Plans,FLIGHT PLAN-FULL-RC#361231,Services,1F2,
Flight Plans,FLIGHT PLAN-FULL-RC#361233,Services,1F2,
Flight Plans,FLIGHT PLAN-FULL-RC#361248,Services,1F2,
Flight Plans,FLIGHT PLAN-FULL-RC#361250,Services,1F2,
Flight Plans,FLIGHT PLAN-FULL-RC#361307,Services,1F2,
Flight Plans,FLIGHT PLAN-FULL-RC#361315,Services,1F2,
Flight Plans,FLIGHT PLAN-FULL-RC#361328,Services,1F2,
Flight Plans,FLIGHT PLAN-FULL-RC#361350,Services,1F2,
Flight Plans,FLIGHT PLAN-FULL-RC#361378,Services,1F2,
Flight Plans,FLIGHT PLAN-FULL-RC#361380,Services,1F2,
Flight Plans,FLIGHT PLAN-FULL-RC#361437,Services,1F2,
Flight Plans,FLIGHT PLAN-FULL-RC#361471,Services,1F2,
Flight Plans,FLIGHT PLAN-FULL-RC#361472,Services,1F2,
Flight Plans,FLIGHT PLAN-FULL-RC#361477,Services,1F2,
Flight Plans,FLIGHT PLAN-FULL-RC#361478,Services,1F2,
Flight Plans,FLIGHT PLAN-FULL-RC#361592,Services,1F2,
Flight Plans,FLIGHT PLAN-FULL-RC#361594,Services,1F2,
Flight Plans,FLIGHT PLAN-FULL-RC#361616,Services,1F2,
Flight Plans,FLIGHT PLAN-FULL-RC#361657,Services,1F2,
Flight Plans,FLIGHT PLAN-FULL-RC#361870,Services,1F2,
Flight Plans,FLIGHT PLAN-FULL-RC#361918,Services,1F2,
Flight Plans,FLIGHT PLAN-FULL-RC#361999,Services,1F2,
Flight Plans,FLIGHT PLAN-FULL-RC#362027,Services,1F2,
Flight Plans,FLIGHT PLAN-FULL-RC#362057,Services,1F2,
Flight Plans,FLIGHT PLAN-FULL-RC#362066,Services,1F2,
Flight Plans,FLIGHT PLAN-FULL-RC#362069,Services,1F2,
Flight Plans,FLIGHT PLAN-FULL-RC#362083,Services,1F2,
Flight Plans,FLIGHT PLAN-FULL-RC#362105,Services,1F2,
Flight Plans,FLIGHT PLAN-FULL-RC#362208,Services,1F2,
Flight Plans,FLIGHT PLAN-FULL-RC#362253,Services,1F2,
Flight Plans,FLIGHT PLAN-FULL-RC#362278,Services,1F2,
Flight Plans,FLIGHT PLAN-FULL-RC#362280,Services,1F2,
Flight Plans,FLIGHT PLAN-FULL-RC#362387,Services,1F2,
Flight Plans,FLIGHT PLAN-FULL-RC#362388,Services,1F2,
Flight Plans,FLIGHT PLAN-FULL-RC#362406,Services,1F2,
Flight Plans,FLIGHT PLAN-FULL-RC#362429,Services,1F2,
Flight Plans,FLIGHT PLAN-FULL-RC#362451,Services,1F2,
Flight Plans,FLIGHT PLAN-FULL-RC#362452,Services,1F2,
Flight Plans,FLIGHT PLAN-FULL-RC#362453,Services,1F2,
Flight Plans,FLIGHT PLAN-FULL-RC#362454,Services,1F2,
Flight Plans,FLIGHT PLAN-FULL-RC#362530,Services,1F2,
Flight Plans,FLIGHT PLAN-FULL-RC#362532,Services,1F2,
Flight Plans,FLIGHT PLAN-FULL-RC#362538,Services,1F2,
Flight Plans,FLIGHT PLAN-FULL-RC#362587,Services,1F2,
Flight Plans,FLIGHT PLAN-FULL-RC#362762,Services,1F2,
Flight Plans,FLIGHT PLAN-FULL-RC#362798,Services,1F2,
Flight Plans,FLIGHT PLAN-FULL-RC#362931,Services,1F2,
Flight Plans,FLIGHT PLAN-FULL-RC#362932,Services,1F2,
Flight Plans,FLIGHT PLAN-FULL-RC#362955,Services,1F2,
Flight Plans,FLIGHT PLAN-FULL-RC#362957,Services,1F2,
Flight Plans,FLIGHT PLAN-FULL-RC#363009,Services,1F2,
Flight Plans,FLIGHT PLAN-FULL-RC#363014,Services,1F2,
Flight Plans,FLIGHT PLAN-FULL-RC#363045,Services,1F2,
Flight Plans,FLIGHT PLAN-FULL-RC#363047,Services,1F2,
Flight Plans,FLIGHT PLAN-FULL-RC#363066,Services,1F2,
Flight Plans,FLIGHT PLAN-FULL-RC#363070,Services,1F2,
Flight Plans,FLIGHT PLAN-FULL-RC#363071,Services,1F2,
Flight Plans,FLIGHT PLAN-FULL-RC#363094,Services,1F2,
Flight Plans,FLIGHT PLAN-FULL-RC#363096,Services,1F2,
Flight Plans,FLIGHT PLAN-FULL-RC#363102,Services,1F2,
Flight Plans,FLIGHT PLAN-FULL-RC#363107,Services,1F2,
Flight Plans,FLIGHT PLAN-FULL-RC#363232,Services,1F2,
Flight Plans,FLIGHT PLAN-FULL-RC#363245,Services,1F2,
Flight Plans,FLIGHT PLAN-FULL-RC#363246,Services,1F2,
Flight Plans,FLIGHT PLAN-FULL-RC#363267,Services,1F2,
Flight Plans,FLIGHT PLAN-FULL-RC#363297,Services,1F2,
Flight Plans,FLIGHT PLAN-FULL-RC#363299,Services,1F2,
Flight Plans,FLIGHT PLAN-FULL-RC#363309,Services,1F2,
Flight Plans,FLIGHT PLAN-FULL-RC#363312,Services,1F2,
Flight Plans,FLIGHT PLAN-FULL-RC#363315,Services,1F2,
Flight Plans,FLIGHT PLAN-FULL-RC#363320,Services,1F2,
Flight Plans,FLIGHT PLAN-FULL-RC#363340,Services,1F2,
Flight Plans,FLIGHT PLAN-FULL-RC#363341,Services,1F2,
Flight Plans,FLIGHT PLANNING & WEATHER,Services,6MHFP,
Flight Plans,FLIGHT PLAN?UNLIMITED-MONTHLY-APRIL 2020,Services,1FPUNLM,
Flight Plans,FLIGHT PLAN?UNLIMITED-MONTHLY-DECEMBER 2019,Services,1FPUNLM,
Flight Plans,FLIGHT PLAN?UNLIMITED-MONTHLY-FEBRUARY,Services,1FPUNLM,
Flight Plans,FLIGHT PLAN?UNLIMITED-MONTHLY-FEBRUARY 2020,Services,1FPUNLM,
Flight Plans,FLIGHT PLAN?UNLIMITED-MONTHLY-FEBURARY,Services,1FPUNLM,
Flight Plans,FLIGHT PLAN?UNLIMITED-MONTHLY-JANUARY 2020,Services,1FPUNLM,
Flight Plans,FLIGHT PLAN?UNLIMITED-MONTHLY-MARCH 2020,Services,1FPUNLM,
Flight Plans,FLIGHT PLAN?UNLIMITED-MONTHLY-NOVEMBER 2019,Services,1FPUNLM,
Flight Plans,FLIGHT PLAN?UNLIMITED-MONTHLY-OCTOBER 2019,Services,1FPUNLM,
Flight Plans,FULL FLIGHT PLAN-#5504,Services,6FP,
Flight Plans,FULL FLIGHT PLAN-LOG#7789,Services,6FP,
Flight Plans,FULL FLIGHT PLAN-RC 357245,Services,6FP,
Flight Plans,FULL FLIGHT PLAN-RC 357253,Services,6FP,
Flight Plans,FULL FLIGHT PLAN-RC#354146,Services,6FP,
Flight Plans,NAVIGATION FEES-CAAP,Services,2NF,
Flight Plans,NAVIGATION FEES-FRANCE,Services,2NF,
Flight Plans,OFP/MYWORLD SUBSCRIPTION-ONLINE FLIGHT PLANNING/MYWORLD APP - GLOBAL,Services,1IPADSUB,
Flight Plans,OFP/MYWORLD SUBSCRIPTION-ONLINE FLIGHT PLANNING/MYWORLD FLIGHT PLANNING SUBSCRIPTION,Services,1IPADSUB,
Flight Plans,OFP/MYWORLD SUBSCRIPTION-ONLINE FLIGHT PLANNING/MYWORLD FLIGHT PLANNING SUBSCRIPTION - MARCH - MONTHLY,Services,1IPADSUB,
Flight Plans,OFP/MYWORLD SUBSCRIPTION-ONLINE FLIGHT PLANNING/MYWORLD FLIGHT PLANNING SUBSCRIPTION - MARCH MONTHLY,Services,1IPADSUB,
Flight Plans,OFP/MYWORLD SUBSCRIPTION-ONLINE FLIGHT PLANNING/MYWORLD FLIGHT PLANNING SUBSCRIPTION - SILVER,Services,1IPADSUB,
Flight Plans,OFP/MYWORLD SUBSCRIPTION-ONLINE FLIGHT PLANNING/MYWORLD FLIGHT PLANNING SUBSCRIPTION - SILVER - GLOBAL,Services,1IPADSUB,
Flight Plans,SLOT COORDINATION -ARRIVAL,Services,1PPR,
Flight Plans,SLOT COORDINATION -DEPARTURE,Services,1PPR,
Flight Plans,SLOT COORDINATION-ARRIVAL,Services,1PPR,
Flight Plans,SLOT COORDINATION-ARRIVAL--,Services,1PPR,
Flight Plans,SLOT COORDINATION-ARRIVAL-.,Services,1PPR,
Flight Plans,SLOT COORDINATION-DEPARTURE,Services,1PPR,
Flight Plans,SLOT COORDINATION-DEPARTURE--,Services,1PPR,
Flight Plans,SLOT COORDINATION-DEPARTURE-.,Services,1PPR,
Flight Plans,SLOT COORDINATION-DEPARTURE-BELARUS,Services,1PPR,
Flight Plans,FLIGHT PLAN -FULL-RC#365607,Services,,
Flight Plans,FLIGHT PLAN -FULL-RC#365608,Services,,
Flight Plans,FLIGHT PLAN -FULL-RC#365090,Services,,
Flight Plans,FLIGHT PLAN -FULL-RC#365092,Services,,
Flight Plans,FLIGHT PLAN -FULL-RC#365936,Services,,
Flight Plans,FLIGHT PLAN -FULL-RC#365949,Services,,
Flight Plans,FLIGHT PLAN -FULL-RC#365959,Services,,
Flight Plans,FLIGHT PLAN -FULL-RC#366348,Services,,
Flight Plans,FLIGHT PLAN -FULL-RC#366353,Services,,
Flight Plans,FLIGHT PLAN -FULL-RC#366626,Services,,
Flight Plans,FLIGHT PLAN -FULL-RC#366596,Services,,
Flight Plans,FLIGHT PLAN -FULL-RC#366627,Services,,
Flight Plans,FLIGHT PLAN -FULL-RC#366630,Services,,
Flight Plans,FLIGHT PLAN -FULL-RC#366635,Services,,
Flight Plans,FLIGHT PLAN -FULL-RC#366725,Services,,
Flight Plans,FLIGHT PLAN -FULL-RC#366732,Services,,
Flight Plans,FLIGHT PLAN -FULL-RC#367007,Services,,
Flight Plans,FLIGHT PLAN -FULL-RC#367013,Services,,
Flight Plans,FLIGHT PLAN -FULL-RC#367528,Services,,
Flight Plans,FLIGHT PLAN -FULL-RC#367535,Services,,
Flight Plans,FLIGHT PLAN -FULL-RC#368435,Services,,
Flight Plans,FLIGHT PLAN -FULL-RC#368440,Services,,
Flight Plans,*AGENT RELOCATION,Services,2AGREL,
Flight Plans,*AGENT RELOCATION-AGENT TRAVEL EXP,Services,2AGREL,
Flight Plans,*AGENT RELOCATION-TRAVEL EXPENSES,Services,2AGREL,
Flight Plans,*AGENT SUPERVISION FEE,Services,2AGSF,
Flight Plans,*AGENT SUPERVISION FEE-2 AGENTS TRAVEL,Services,2AGSF,
Flight Plans,*AGENT SUPERVISION FEE-ARRIVAL & DEPARTURE,Services,2AGSF,
Flight Plans,*AIR STAIRS-PASSENGER,Services,2ASTR,
Flight Plans,*AIR STAIRS-QTY 5,Services,2ASTR,
Flight Plans,*AIR STAIRS-SKY SERVICE BUSINESS AVIATION,Services,2ASTR,
Flight Plans,*AIR STAIRS-STEPS ARR/DEP,Services,2ASTR,
Flight Plans,*AIR START,Services,7AST,
Flight Plans,*AIRCRAFT SECURITY CHARGES,Services,2SEA,
Flight Plans,*AIRPORT FLOW FEE-BUILDING CHARGE _ ARRIVAL,Services,2APFL,
Flight Plans,*AMBULANCE,Services,2AMB,
Flight Plans,*APPROACH FEES-AIR TRAFFIC APPROACH FEES,Services,2APFE,
Flight Plans,*APPROACH FEES-AIR TRAFFIC CONTROL APPROACH CHANGE,Services,2APFE,
Flight Plans,*APPROACH FEES-LONDON,Services,2APFE,
Flight Plans,*APPROACH FEES-LONDON APPROACH,Services,2APFE,
Flight Plans,*APPROACH FEES-LONDON APPROACH STANSTED AIRPORT,Services,2APFE,
Flight Plans,*APPROACH FEES-NATS LONDON APPROACH,Services,2APFE,
Flight Plans,*APU/GPU CHARGES-& TOILET SERVICES,Services,2APU,
Flight Plans,*APU/GPU CHARGES-GROUND POWER UNIT : PER HOUR,Services,2APU,
Flight Plans,*ATC FILING,Services,2AGAT,
Flight Plans,*ATC FILING-DISPATCH/NOTAM,Services,2AGAT,
Flight Plans,*COMMUNICATION-& SUPERVISION FEES,Services,2CO,
Flight Plans,*COMMUNICATION-AFS/AFTN,Services,2CO,
Flight Plans,*COMMUNICATION-CARGO SHIPPING CHARGES - SPARE PARTS,Services,2CO,
Flight Plans,*COMMUNICATION-INDIA,Services,2CO,
Flight Plans,*COMMUNICATION-INDONESIA,Services,2CO,
Flight Plans,*COMMUNICATION-LOCAL STATION,Services,2CO,
Flight Plans,*COMMUNICATION-LOCAL STATION COMMUNICATION CHARGES,Services,2CO,
Flight Plans,*COMMUNICATION-NOTIFICACIONES,Services,2CO,
Flight Plans,*COMMUNICATION-NOTIFICATION,Services,2CO,
Flight Plans,*COMMUNICATION-NOTIFICATIONS,Services,2CO,
Flight Plans,*COMMUNICATION-NOTIFICATIONS,Services,2CO,
Flight Plans,*COMMUNICATION-RADIO AID,Services,2CO,
Flight Plans,*COMMUNICATION-RADIO AID,Services,2CO,
Flight Plans,*COMMUNICATION-RADIO AID FEE,Services,2CO,
Flight Plans,*COMMUNICATION-RADIO AID FEE,Services,2CO,
Flight Plans,*COMMUNICATION-REFUND ON TELEPHONE COST,Services,2CO,
Flight Plans,*COMMUNICATION-SHANWICK,Services,2CO,
Flight Plans,*COMMUNICATIONS-DISPATCH,Services,7CO,
Flight Plans,*COMMUNICATIONS-IRELAND,Services,7CO,
Flight Plans,*COMMUNICATIONS-SHANWICK,Services,7CO,
Flight Plans,*COMMUNICATIONS-VSAT FEE,Services,7CO,
Flight Plans,APG-IPREFLIGHT,Services,1IPADSUB,Flight Plans
Flight Plans,APG-WB-ANNUAL - JANUARY - DECEMBER 2020,Services,1IPADSUB,Flight Plans
Flight Plans,APG-WB-ANNUAL - JANUARY 2020 - DECEMBER 2020,Services,1IPADSUB,Flight Plans
Flight Plans,APG-WB-ANNUAL - PRORATED DECEMBER 2019,Services,1IPADSUB,Flight Plans
Flight Plans,APG-WB-JANUARY - DECEMBER 2020,Services,1IPADSUB,Flight Plans
Flight Plans,OFP/MYWORLD ADHOC-APRIL 2020,Services,1IPADSUB,Flight Plans
Flight Plans,OFP/MYWORLD ADHOC-FEBRUARY,Services,1IPADSUB,Flight Plans
Flight Plans,OFP/MYWORLD ADHOC-FEBRUARY,Services,1IPADSUB,Flight Plans
Flight Plans,OFP/MYWORLD ADHOC-JANUARY 2020,Services,1IPADSUB,Flight Plans
Flight Plans,OFP/MYWORLD ADHOC-MARCH 2020,Services,1IPADSUB,Flight Plans
Flight Plans,*SUPERVISION FEES,Services,2SV,
Flight Plans,FLIGHT PLAN -FULL-RC#645014,Services,,
Flight Plans,FLIGHT PLAN -FULL-RC#648438,Services,,
Flight Plans,EUROCONTROL AIRWAY SLOT COORDINATION-RC#648438,Services,,
Flight Plans,FLIGHT PLAN -FULL-RC#643347,Services,,
Handling,GROUND HANDLING SERVICES - EA,Contract,8261,
Handling,HANDLING FEE - EA,Contract,815,
Handling,INTERNATIONAL HANDLING,Contract,8277,
Handling,PASSENGER HANDLING,Contract,8287,
Handling,RAMP HANDLING FEE - EA,Contract,846,
Handling,CRANE TRUCK,Contract,8319,
Handling,EQUIPMENT LEASE,Contract,8342,
Handling,EQUIPMENT RENTAL,Contract,8350,
Handling,EQUIPMENT USE FEE,Contract,803,
Handling,FIRE TRUCK,Contract,8320,
Handling,GROUND HANDLING SERVICES,Contract,8161,
Handling,GROUNDHANDLING CONCESSION FEE,Contract,8190,
Handling,HANDLING FEE,Contract,890,
Handling,AIRCRAFT TOWING,Retail,2ATW,
Handling,CARGO HANDLING,Retail,2CARH,
Handling,GROUND HANDLING,Retail,2GR,
Handling,GROUND EQUIPMENT CHARGE,Retail,,
Handling,*LANDING FEES-SIGNATURE FLIGHT SUPPORT YYZ,Retail,,
Handling,GROUND EQUIPMENT CHARGE,Retail,,
Handling,CARGO HANDLING,Retail,,
Handling,*AGENT HANDLING-FBO,Retail,,
Handling,AGENT HANDLING,Retail,2AH,
Handling,BAGGAGE HANDLING,Retail,2BH,
Handling,TRAFFIC HANDLING,Retail,2TH,
Handling,CREW TRANSPORT,Retail,2CT,
Handling,DELIVERY FEE,Retail,2DLV,
Handling,DEPARTURE TAX,Retail,T05,
Handling,FORK LIFT,Retail,2FL,
Handling,GROUND EQUIPMENT SERVICE,Retail,2GES,
Handling,OFFICE RENT,Retail,2OFRE,
Handling,OFFICE RENTAL,Retail,2OFF,
Handling,OTHER,Retail,2OT,
Handling,OUTSIDE SERVICES,Retail,2OS,
Handling,SPECIAL EVENTS,Retail,2SPEV,
Handling,STORAGE CASE,Retail,2STCG,
Handling,*AGENT HANDLING,Services,2AH,
Handling,*AGENT HANDLING,Services,7AH,
Handling,*AGENT HANDLING-FBO,Services,2AH,
Handling,*AIRCRAFT TOWING,Services,2ATW,
Handling,*AIRCRAFT TOWING,Services,7ATW,
Handling,*BAGGAGE HANDLING,Services,2BH,
Handling,*BAGGAGE HANDLING,Services,7BH,
Handling,*CARGO HANDLING,Services,2CARH,
Handling,*CARGO HANDLING,Services,7CARH,
Handling,*DEPARTURE FEES,Services,2DEPFEE,
Handling,*GROUND HANDLING,Services,2GH,
Handling,*GROUND HANDLING,Services,7GR,
Handling,*GROUND HANDLING-ARRIVAL,Services,2GH,
Handling,*GROUND HANDLING-ARRIVAL,Services,7GR,
Handling,*GROUND HANDLING-ARRIVAL/DEPARTURE,Services,2GH,
Handling,*GROUND HANDLING-DEPARTURE,Services,2GH,
Handling,*GROUND HANDLING-DEPARTURE,Services,7GR,
Handling,*GROUND HANDLING-TECH STOP,Services,2GH,
Handling,*GROUND HANDLING-TECH STOP,Services,7GR,
Handling,*PASSENGER HANDLING,Services,2PH,
Handling,*PASSENGER HANDLING,Services,7PH,
Handling,TOWING  SHORT DISTANCE,Services,2ATW,
Handling,*TOW BAR,Services,2ATW,
Handling,*TRAFFIC HANDLING,Services,2TH,
Handling,CARGO HANDLING,Services,6CARH,
Handling,GROUND HANDLING,Services,2GH,
Handling,*AGENT HANDLING-20% SERVICE CHARGE,Services,2AH,
Handling,*AGENT HANDLING-AEROTRON - UPON ARRIVAL,Services,2AH,
Handling,*AGENT HANDLING-AEROTRON - UPON DEPARTURE,Services,2AH,
Handling,*AGENT HANDLING-AGENT TRAVEL JAN 12 - FEB 11,Services,2AH,
Handling,*AGENT HANDLING-AIRFARE TICKETS,Services,2AH,
Handling,*AGENT HANDLING-ARRIVAL & DEPARTURE,Services,2AH,
Handling,*AGENT HANDLING-ARRIVAL/DEPARTURE,Services,2AH,
Handling,*AGENT HANDLING-AST,Services,7AH,
Handling,*AGENT HANDLING-FBO SERVICE CHARGE,Services,2AH,
Handling,*AGENT HANDLING-FBO SERVICE FEE,Services,2AH,
Handling,*AGENT HANDLING-FRAIS DE STATIONNEMENT SUPERIEUR A 3 JOURS,Services,2AH,
Handling,*AGENT HANDLING-HOTAC JAN 13 - JAN 22,Services,2AH,
Handling,*AGENT HANDLING-MEET & ASSIST,Services,2AH,
Handling,*AGENT HANDLING-MEET & ASSIST,Services,2AH,
Handling,*AGENT HANDLING-OPERATION NOTIFICATIONS,Services,2AH,
Handling,*AGENT HANDLING-PERDIEM,Services,2AH,
Handling,*AGENT HANDLING-REPRESENTATION & ACCOMMODATING,Services,2AH,
Handling,*AGENT HANDLING-SERVICE CHARGE,Services,2AH,
Handling,*AGENT HANDLING-SKILLED PERSONNEL,Services,2AH,
Handling,*AGENT HANDLING-TBPB SERVICE CHARGE,Services,2AH,
Handling,*AGENT HANDLING-TBPB SERVICE CHARGE,Services,2AH,
Handling,*AGENT HANDLING-TRANSPORTATION,Services,2AH,
Handling,*AGENT HANDLING-TUPJ SERVICE CHARGE,Services,2AH,
Handling,*AIRCRAFT SERVICES-CREW HANDLING,Services,2AS,
Handling,*AIRCRAFT SERVICES-DUVET COVER/FLAT SHEET/FITTED SHEET/PILLOWCASE/NAPKINS/FACE TOWELS,Services,2AS,
Handling,*AIRCRAFT SERVICES-LUGGAGE HANDLING,Services,2AS,
Handling,*AIRCRAFT SERVICES-MARSHALL/CHOCKING/TOWING,Services,2AS,
Handling,*AIRCRAFT SERVICES-TECHNICAL HANDLING,Services,2AS,
Handling,*AIRCRAFT SERVICES-TOWING/CONES/GARBAGE,Services,2AS,
Handling,*AIRCRAFT TOWING-200,Services,2ATW,
Handling,*AIRCRAFT TOWING-AIRCRAFT POSITIONING,Services,2ATW,
Handling,*AIRCRAFT TOWING-TOWBAR,Services,7ATW,
Handling,*AIRPORT FEES-AIRPORT CHARGES & HANDLING FEES,Services,2AC,
Handling,*AIRPORT FEES-HALL 4 BAGGAGE HANDLING,Services,2AC,
Handling,*AIRPORT FEES-HALL 4 HANDLING,Services,2AC,
Handling,*AIRPORT FEES-LUGGAGE HANDLING _ ARRIVAL,Services,2AC,
Handling,*AIRPORT FEES-PASSENGER HANDLING & DISPATCH,Services,7AC,
Handling,*BAGGAGE HANDLING-& SECURITY,Services,2BH,
Handling,*BAGGAGE HANDLING-ADDITIONAL PORTERS,Services,2BH,
Handling,*BAGGAGE HANDLING-BAG CHARGE,Services,2BH,
Handling,*BAGGAGE HANDLING-BAGGAGE TRANSFERS,Services,2BH,
Handling,*BAGGAGE HANDLING-CART,Services,2BH,
Handling,*BAGGAGE HANDLING-CONVEYOR BELT,Services,2BH,
Handling,*BAGGAGE HANDLING-INSPECTION,Services,2BH,
Handling,*BAGGAGE HANDLING-LUGGAGE CAR,Services,2BH,
Handling,*BAGGAGE HANDLING-PAX BAGGAGE HANDLING - IN/OUT,Services,2BH,
Handling,*BAGGAGE HANDLING-PORTER,Services,2BH,
Handling,*BAGGAGE HANDLING-PORTER SERVICE,Services,2BH,
Handling,*BAGGAGE HANDLING-PORTERAGE,Services,2BH,
Handling,*BAGGAGE HANDLING-PORTERS,Services,2BH,
Handling,*BAGGAGE HANDLING-SECURITY,Services,2BH,
Handling,*BAGGAGE HANDLING-X-RAY,Services,2BH,
Handling,*BAGGAGE HANDLING-XRAY FEE,Services,2BH,
Handling,*CALL OUT FEE-AVFUEL / HANDLING,Services,2COF,
Handling,*CANCELLATION FEES-50% OF HANDLING FEE,Services,7HY,
Handling,*CANCELLATION FEES-GROUND HANDLING,Services,7HY,
Handling,*CANCELLATION FEES-HANDLING,Services,2HY,
Handling,*CARGO HANDLING-EXTRA MANPOWER,Services,2CARH,
Handling,*CONCESSION FEE-SXM HANDLING,Services,2CON,
Handling,*COORDINATION FEE-GROUND HANDLING,Services,2GR,
Handling,*COORDINATION FEE-GROUND HANDLING & SUPERVISION,Services,2GR,
Handling,*COORDINATION FEE-PRE-ARRANGE GROUND HANDLING FEE,Services,2GR,
Handling,*CREW ACCOMMODATION-HANDLING - DEPARTURE,Services,2CRHO,
Handling,*CREW SERVICES-CREW HANDLING,Services,2CRSVC,
Handling,*CREW SERVICES-CREW HANDLING & TRANSPORT,Services,2CRSVC,
Handling,*CREW SERVICES-HANDLING,Services,2CRSVC,
Handling,*CREW SERVICES-HANDLING & TRANSPOER,Services,2CRSVC,
Handling,*CREW SERVICES-TRANSPORT & CREW HANDLING,Services,2CRSVC,
Handling,*CREW TRANSPORT-SBAC TO SHERATON TOWERS,Services,2CT,
Handling,*CREW TRANSPORT-SHERATON TOWER TO SBAC,Services,2CT,
Handling,*CREW TRANSPORT-SHERATON TOWERS SINGAPORE TO SBAC,Services,2CT,
Handling,*CREW TRANSPORT-TOWN,Services,7CT,
Handling,*CUSTOMS FEE-HANDLING & PARKING,Services,2CUS,
Handling,*DEICING-HANDLING,Services,2DI,
Handling,*DISPATCH FEES-TOWER,Services,2DP,
Flight Plans,*GPU-HANDLING CHARGE 10%,Services,2GE,
Handling,*GROUND EQUIPMENT CHARGE-TOW,Services,2GE,
Handling,*GROUND EQUIPMENT CHARGE-TOW BAR,Services,2GE,
Handling,*GROUND EQUIPMENT CHARGE-TOWING/CONES/GARBAGE,Services,2GE,
Handling,*GROUND HANDLING-& AIRPORT HAND,Services,2GH,
Handling,*GROUND HANDLING-& LANDING,Services,2GH,
Handling,*GROUND HANDLING-& SUPERVISION FEES,Services,2GH,
Handling,*GROUND HANDLING-+TOWBAR HIRE CAHRGES,Services,2GH,
Handling,*GROUND HANDLING-10% RSW,Services,2GH,
Handling,*GROUND HANDLING-ACM BUSINESS AVIATION,Services,2GH,
Handling,*GROUND HANDLING-ACM BUSINESS AVIATION HANDLING,Services,2GH,
Handling,*GROUND HANDLING-AEROTRON,Services,2GH,
Handling,*GROUND HANDLING-AEROTRON - UPON ARRIVAL,Services,2GH,
Handling,*GROUND HANDLING-AEROTRON - UPON ARRIVAL,Services,2GH,
Handling,*GROUND HANDLING-AEROTRON - UPON DEPARTURE,Services,2GH,
Handling,*GROUND HANDLING-AEROTRON HANDLING- ARRIVAL/DEP,Services,2GH,
Handling,*GROUND HANDLING-AEROTRON-ARRIVAL/DEPARTURE,Services,2GH,
Handling,*GROUND HANDLING-AEROTRON/ARRIVAL,Services,2GH,
Handling,*GROUND HANDLING-AEROTRON/DEPARTURE,Services,2GH,
Handling,*GROUND HANDLING-ANGOLA,Services,2GH,
Handling,*GROUND HANDLING-ARR/DEP,Services,2GH,
Handling,*GROUND HANDLING-ARRIVAL,Services,2GH,
Handling,*GROUND HANDLING-ARRIVAL/ DEPARTURE,Services,2GH,
Handling,*GROUND HANDLING-ASG FLIGHT SUPPORT LTD,Services,2GH,
Handling,*GROUND HANDLING-BELIZE,Services,2GH,
Handling,*GROUND HANDLING-BY EUROTRON,Services,2GH,
Handling,*GROUND HANDLING-CALL OUT FEE,Services,2GH,
Handling,*GROUND HANDLING-CANCELLATION,Services,2GH,
Handling,*GROUND HANDLING-CANCELLATION,Services,2GH,
Handling,*GROUND HANDLING-CANCELLATION CHARGE,Services,2GH,
Handling,*GROUND HANDLING-CANCELLATION FEE,Services,2GH,
Handling,*GROUND HANDLING-CANCELLATION FEE,Services,2GH,
Handling,*GROUND HANDLING-CANCELLATION FEES,Services,2GH,
Handling,*GROUND HANDLING-CAPTAIN : ROBERT TMUR,Services,2GH,
Handling,*GROUND HANDLING-CHINA,Services,2GH,
Handling,*GROUND HANDLING-DAMMAM _ ARRIVAL,Services,2GH,
Handling,*GROUND HANDLING-DAMMAM _ DEPARTURE,Services,2GH,
Handling,*GROUND HANDLING-DEPARTURE,Services,2GH,
Handling,*GROUND HANDLING-DISBURSEMENT,Services,2GH,
Handling,*GROUND HANDLING-DISCOUNT,Services,2GH,
Handling,*GROUND HANDLING-DISCOUNT TECH STOP,Services,2GH,
Handling,*GROUND HANDLING-EQUIPMENT,Services,2GH,
Handling,*GROUND HANDLING-EURO JET,Services,2GH,
Handling,*GROUND HANDLING-EURO JET GROUND SUPPORT SERVICES,Services,2GH,
Handling,*GROUND HANDLING-EXTRA ASSISTANCE,Services,2GH,
Handling,*GROUND HANDLING-FORK LIFT,Services,2GH,
Handling,*GROUND HANDLING-GOOD FAITH CREDIT,Services,2GH,
Handling,*GROUND HANDLING-GROUND EQUIPMENT,Services,2GH,
Handling,*GROUND HANDLING-GROUND EQUIPMENT,Services,2GH,
Handling,*GROUND HANDLING-GROUND HANDLING/PUSHBACK & STEPS,Services,2GH,
Handling,*GROUND HANDLING-HANDLING & SUPERVISION,Services,2GH,
Handling,*GROUND HANDLING-HANDLING / SUPERVISION,Services,2GH,
Handling,*GROUND HANDLING-HANDLING FEE / HANDLING SURCHARGE,Services,2GH,
Handling,*GROUND HANDLING-HANDLING SURCHARGE,Services,2GH,
Handling,*GROUND HANDLING-INBOUND,Services,2GH,
Handling,*GROUND HANDLING-INBOUND 12/26/19,Services,2GH,
Handling,*GROUND HANDLING-INBOUND 12/27/19,Services,2GH,
Handling,*GROUND HANDLING-INBOUND 12/29/19,Services,2GH,
Handling,*GROUND HANDLING-INBOUND/OUTBOUND,Services,2GH,
Handling,*GROUND HANDLING-INBOUND/OUTBOUND WITH PAX AND CREW,Services,2GH,
Flight Plans,"*GROUND HANDLING-INCL GPU, LAVATORY, WATER, RAMP BUS",Services,2GH,
Handling,*GROUND HANDLING-INCL SURCHARGE,Services,2GH,
Handling,*GROUND HANDLING-INDIA,Services,2GH,
Handling,*GROUND HANDLING-INTERNATIONAL,Services,2GH,
Handling,*GROUND HANDLING-INTERNATIONAL,Services,2GH,
Handling,*GROUND HANDLING-JAPAN,Services,2GH,
Handling,*GROUND HANDLING-LANDING & HANDLING,Services,2GH,
Handling,*GROUND HANDLING-LANDING AND HANDLING,Services,2GH,
Handling,*GROUND HANDLING-LANDING AND HANDLING,Services,2GH,
Handling,*GROUND HANDLING-LATE CANCELLATION,Services,2GH,
Handling,*GROUND HANDLING-MALAYSIA - CANCELLATION,Services,2GH,
Handling,*GROUND HANDLING-MARCH 3/5/6/13/15/19,Services,2GH,
Handling,*GROUND HANDLING-MEDICAL FLIGHT,Services,2GH,
Handling,*GROUND HANDLING-MILITARY APRON,Services,2GH,
Handling,*GROUND HANDLING-NAMIBIA FLIGHT SUPPORT,Services,2GH,
Handling,*GROUND HANDLING-NIGHT SURCHARGE,Services,2GH,
Handling,*GROUND HANDLING-NIGHT TIME OPERATION SURCHARGE,Services,2GH,
Handling,*GROUND HANDLING-OPERATIONS FEE,Services,2GH,
Handling,*GROUND HANDLING-OPERATIONS FEE,Services,2GH,
Handling,*GROUND HANDLING-OUTBOUND,Services,2GH,
Handling,*GROUND HANDLING-OUTBOUND 01/02/20,Services,2GH,
Handling,*GROUND HANDLING-OUTBOUND 01/03/20,Services,2GH,
Handling,*GROUND HANDLING-OUTBOUND/01/03/20,Services,2GH,
Handling,*GROUND HANDLING-PRE ARRANGED & GROUND HANDLING,Services,2GH,
Handling,*GROUND HANDLING-PRE ARRANGED & GROUND HANDLING,Services,2GH,
Handling,*GROUND HANDLING-PRE-ARRANGED GROUND HANDLING,Services,2GH,
Handling,*GROUND HANDLING-PROVIDED BY AEROTRON,Services,2GH,
Handling,*GROUND HANDLING-PROVIDED BY AEROTRON,Services,2GH,
Handling,*GROUND HANDLING-PROVIDED BY AEROTRON / ARRIVAL,Services,2GH,
Handling,*GROUND HANDLING-PROVIDED BY AEROTRON / DEPARTURE,Services,2GH,
Handling,*GROUND HANDLING-PROVIDED BY AEROTRON /DEPARTURE,Services,2GH,
Handling,*GROUND HANDLING-PROVIDED BY AEROTRON ARRIVAL & DEPARTURE,Services,2GH,
Handling,*GROUND HANDLING-PROVIDED BY AEROTRON UPON ARRIVAL,Services,2GH,
Handling,*GROUND HANDLING-PROVIDED BY AEROTRON UPON DEPARTURE,Services,2GH,
Handling,*GROUND HANDLING-PROVIDED BY AEROTRON/ARRIVAL,Services,2GH,
Handling,*GROUND HANDLING-PROVIDED BY AEROTRON/ARRIVAL,Services,2GH,
Handling,*GROUND HANDLING-PROVIDED BY AEROTRON/DEPARTURE,Services,2GH,
Handling,*GROUND HANDLING-PROVIDED BY AREOTRON,Services,2GH,
Handling,*GROUND HANDLING-QTY 8,Services,2GH,
Handling,*GROUND HANDLING-RAMP,Services,2GH,
Handling,*GROUND HANDLING-RAMP,Services,2GH,
Handling,*GROUND HANDLING-RAMP FEE,Services,2GH,
Handling,*GROUND HANDLING-RAMP HANDLING,Services,2GH,
Handling,*GROUND HANDLING-ROYAL TERMINAL,Services,2GH,
Handling,*GROUND HANDLING-SAUDI ARABIA,Services,2GH,
Handling,*GROUND HANDLING-SIGNATURE FLIGHT SUPPORT / SPECIAL EVENT FEE,Services,2GH,
Handling,*GROUND HANDLING-SIGNATURE FLIGHT SUPPORT LAS,Services,2GH,
Handling,*GROUND HANDLING-SIGNATURE FLIGHT SUPPORT MIA / SPECIAL EVENT FEE / SUPERBOWL,Services,2GH,
Handling,*GROUND HANDLING-SIGNATURE FLIGHT SUPPORT MIA / SPECIAL EVENT SUPER BOWL WEEKEND,Services,2GH,
Handling,*GROUND HANDLING-SPLIT,Services,2GH,
Handling,*GROUND HANDLING-SPLIT,Services,2GH,
Handling,*GROUND HANDLING-SPLIT HANDLING,Services,2GH,
Handling,*GROUND HANDLING-SURCHARGE,Services,2GH,
Handling,*GROUND HANDLING-SWISSPORT USA,Services,2GH,
Handling,*GROUND HANDLING-TECHINCAL,Services,2GH,
Handling,*GROUND HANDLING-TECHNICAL,Services,2GH,
Handling,*GROUND HANDLING-TECHNICAL,Services,2GH,
Handling,*GROUND HANDLING-TECHNICAL,Services,2GH,
Handling,*GROUND HANDLING-TECHNICAL HANDLING,Services,2GH,
Handling,*GROUND HANDLING-TECHNICAL STOP,Services,2GH,
Handling,*GROUND HANDLING-TOW BAR HIRE,Services,2GH,
Handling,*GROUND HANDLING-TOWBAR,Services,2GH,
Flight Plans,*GROUND HANDLING-TOWBAR + GPU CHARGES,Services,2GH,
Handling,*GROUND HANDLING-TOWBAR HIRE CHARGES,Services,2GH,
Handling,*GROUND HANDLING-TURNAROUND SERVICE,Services,2GH,
Handling,*GROUND HANDLING-WEEKEND SURCHARGE,Services,2GH,
Handling,*LANDING FEES-GROUND HANDLING,Services,2LA,
Handling,*LANDING FEES-LANDING & HANDLING,Services,2LA,
Handling,*MISCELLANEOUS-REFRIGERATED HANDLING,Services,2MISC,
Handling,*MISCELLANEOUS-SPLIT HANDLING,Services,2MISC,
Handling,*MISCELLANEOUS-TOWER,Services,2MISC,
Handling,*MISCELLANEOUS-TOWING /REPOSITION,Services,2MISC,
Handling,*OVERTIME FEE-AFTER HOURS FOR HANDLING,Services,2OVR,
Handling,*OVERTIME FEE-HANDLING,Services,2OVR,
Handling,*OVERTIME FEE-HANDLING SURCHARGE,Services,2OVR,
Handling,*PASSENGER HANDLING-ARRIVAL,Services,2PH,
Handling,*PASSENGER HANDLING-DEPARTURE,Services,2PH,
Handling,*PUSH BACK-& TOWING,Services,2PB,
Handling,*PUSH BACK-PUSHBACK OR TOWING,Services,2PB,
Handling,*PUSH BACK-PUSHBACK OR TOWING,Services,2PB,
Handling,*RAMP FEE-HANDLING,Services,2RF,
Handling,*RAMP FEE-HANDLING FEE,Services,2RF,
Handling,*RAMP FEE-RAMP HANDLING,Services,2RF,
Handling,*SERVICE FEE-TOWING,Services,2SVCFEE,
Handling,*SUPERVISION FEES-GROUND HANDLING SUPERVISION,Services,2SV,
Handling,*SUPERVISION FEES-HANDLING SUPERVISION,Services,2SV,
Handling,*TOW BAR-2 TIMES,Services,2ATW,
Handling,*TOW BAR-QTY 2,Services,2ATW,
Handling,*TRANSPORTATION-AIRCRAFT TOWING,Services,2TR,
Handling,*TRANSPORTATION-HANDLING CHARGE 10%,Services,2TR,
Handling,*TRANSPORTATION-HANDLING CHARGE 10% - CHOCE TAXI,Services,2TR,
Handling,*TRANSPORTATION-HANDLING CHARGE 10% - CHOICE TAXI,Services,2TR,
Handling,*TRANSPORTATION-HANDLING CHARGE 10% - HAYWARD,Services,2TR,
Handling,*TRANSPORTATION-HANDLING CHARGE 10% - RSW,Services,2TR,
Handling,*TRANSPORTATION-RSW & CHOICE TAXI INCL HANDLING CHARGE,Services,2TR,
Handling,*TRANSPORTATION-WELLS AIRPORT/PRINCE TOWER,Services,2TR,
Handling,*TRANSPORTATION-WELLS PRINCE TOWER/AIRPORT,Services,2TR,
Handling,AGENT HANDLING-FALA,Services,1AH,
Handling,GROUND HANDLING CANCELLATION-TRIP CANCELLATION FEE,Services,1GRC,
Handling,GROUND HANDLING SERVICE COORD. -REVISION,Services,6GH,
Handling,GROUND HANDLING SERVICE COORDINATION,Services,6GH,
Handling,GROUND HANDLING SERVICE COORDINATION-ADELAIDE,Services,6GH,
Handling,GROUND HANDLING SERVICE COORDINATION-ALTERNATE - RON,Services,6GH,
Handling,GROUND HANDLING SERVICE COORDINATION-CANCELLED SERVICES,Services,6GH,
Handling,GROUND HANDLING SERVICE COORDINATION-FLORIDA,Services,6GH,
Handling,GROUND HANDLING SERVICE COORDINATION-HAIKOU,Services,6GH,
Handling,GROUND HANDLING SERVICE COORDINATION-MAINE,Services,6GH,
Handling,GROUND HANDLING SERVICE COORDINATION-OJAI,Services,6GH,
Handling,GROUND HANDLING SERVICE COORDINATION-SYDNEY,Services,6GH,
Handling,GROUND HANDLING SERVICE COORDINATION-TAPACHULA,Services,6GH,
Handling,GROUND HANDLING SERVICE COORDINATION-TOLUCA,Services,6GH,
Handling,GROUND HANDLING SERVICE COORDINATION-URUMIQI,Services,6GH,
Handling,GROUND HANDLING SERVICES COORD.,Services,1M2,
Handling,GROUND HANDLING SERVICES COORD. -REVISION,Services,1GCR,
Handling,GROUND HANDLING SERVICES COORD.-.,Services,1M2,
Handling,GROUND HANDLING SERVICES COORD.-BGBW-,Services,1M2,
Handling,GROUND HANDLING SERVICES COORD.-BGSF,Services,1M2,
Handling,GROUND HANDLING SERVICES COORD.-BIKF,Services,1M2,
Handling,GROUND HANDLING SERVICES COORD.-BIKF-,Services,1M2,
Handling,GROUND HANDLING SERVICES COORD.-BIRK,Services,1M2,
Handling,GROUND HANDLING SERVICES COORD.-CYQX,Services,1M2,
Handling,GROUND HANDLING SERVICES COORD.-CYYR,Services,1M2,
Handling,GROUND HANDLING SERVICES COORD.-CYYR-,Services,1M2,
Handling,GROUND HANDLING SERVICES COORD.-DAAG,Services,1M2,
Handling,GROUND HANDLING SERVICES COORD.-DAAG-,Services,1M2,
Handling,GROUND HANDLING SERVICES COORD.-DAAT,Services,1M2,
Handling,GROUND HANDLING SERVICES COORD.-DFFD,Services,1M2,
Handling,GROUND HANDLING SERVICES COORD.-DFFD.,Services,1M2,
Handling,GROUND HANDLING SERVICES COORD.-DGAA,Services,1M2,
Handling,GROUND HANDLING SERVICES COORD.-DGAA-,Services,1M2,
Handling,GROUND HANDLING SERVICES COORD.-DGAA.,Services,1M2,
Handling,GROUND HANDLING SERVICES COORD.-DIAP,Services,1M2,
Handling,GROUND HANDLING SERVICES COORD.-DIAP.,Services,1M2,
Handling,GROUND HANDLING SERVICES COORD.-DIYO,Services,1M2,
Handling,GROUND HANDLING SERVICES COORD.-DNMM,Services,1M2,
Handling,GROUND HANDLING SERVICES COORD.-DNPO,Services,1M2,
Handling,GROUND HANDLING SERVICES COORD.-DNSO,Services,1M2,
Handling,GROUND HANDLING SERVICES COORD.-DRRM,Services,1M2,
Handling,GROUND HANDLING SERVICES COORD.-DRRN,Services,1M2,
Handling,GROUND HANDLING SERVICES COORD.-DRRN-,Services,1M2,
Handling,GROUND HANDLING SERVICES COORD.-DTTA,Services,1M2,
Handling,GROUND HANDLING SERVICES COORD.-DTTA.,Services,1M2,
Handling,GROUND HANDLING SERVICES COORD.-DTTX,Services,1M2,
Handling,GROUND HANDLING SERVICES COORD.-EDDF,Services,1M2,
Handling,GROUND HANDLING SERVICES COORD.-EDDM,Services,1M2,
Handling,GROUND HANDLING SERVICES COORD.-EGLF,Services,1M2,
Handling,GROUND HANDLING SERVICES COORD.-EGPF,Services,1M2,
Handling,GROUND HANDLING SERVICES COORD.-EGPF-,Services,1M2,
Handling,GROUND HANDLING SERVICES COORD.-EGPK-,Services,1M2,
Handling,GROUND HANDLING SERVICES COORD.-EGSS,Services,1M2,
Handling,GROUND HANDLING SERVICES COORD.-EGSS-,Services,1M2,
Handling,GROUND HANDLING SERVICES COORD.-ELLX,Services,1M2,
Handling,GROUND HANDLING SERVICES COORD.-FACT,Services,1M2,
Handling,GROUND HANDLING SERVICES COORD.-FAGG,Services,1M2,
Handling,GROUND HANDLING SERVICES COORD.-FAKM,Services,1M2,
Handling,GROUND HANDLING SERVICES COORD.-FALA,Services,1M2,
Handling,GROUND HANDLING SERVICES COORD.-FALE,Services,1M2,
Handling,GROUND HANDLING SERVICES COORD.-FAOR,Services,1M2,
Handling,GROUND HANDLING SERVICES COORD.-FAOR - CANCELLED,Services,1M2,
Handling,GROUND HANDLING SERVICES COORD.-FAOR.,Services,1M2,
Handling,GROUND HANDLING SERVICES COORD.-FAUP,Services,1M2,
Handling,GROUND HANDLING SERVICES COORD.-FBMN,Services,1M2,
Handling,GROUND HANDLING SERVICES COORD.-FBSK,Services,1M2,
Handling,GROUND HANDLING SERVICES COORD.-FBSK.,Services,1M2,
Handling,GROUND HANDLING SERVICES COORD.-FCBB,Services,1M2,
Handling,GROUND HANDLING SERVICES COORD.-FCBB-,Services,1M2,
Handling,GROUND HANDLING SERVICES COORD.-FCBB.,Services,1M2,
Handling,GROUND HANDLING SERVICES COORD.-FCPP,Services,1M2,
Handling,GROUND HANDLING SERVICES COORD.-FIMP,Services,1M2,
Handling,GROUND HANDLING SERVICES COORD.-FJDG,Services,1M2,
Handling,GROUND HANDLING SERVICES COORD.-FKKD,Services,1M2,
Handling,GROUND HANDLING SERVICES COORD.-FLHN,Services,1M2,
Handling,GROUND HANDLING SERVICES COORD.-FLKK,Services,1M2,
Handling,GROUND HANDLING SERVICES COORD.-FMMT,Services,1M2,
Handling,GROUND HANDLING SERVICES COORD.-FMNN,Services,1M2,
Handling,GROUND HANDLING SERVICES COORD.-FNCA,Services,1M2,
Handling,GROUND HANDLING SERVICES COORD.-FNCA-,Services,1M2,
Handling,GROUND HANDLING SERVICES COORD.-FNCT,Services,1M2,
Handling,GROUND HANDLING SERVICES COORD.-FNGI,Services,1M2,
Handling,GROUND HANDLING SERVICES COORD.-FNLU,Services,1M2,
Handling,GROUND HANDLING SERVICES COORD.-FNLU-,Services,1M2,
Handling,GROUND HANDLING SERVICES COORD.-FNUB,Services,1M2,
Handling,GROUND HANDLING SERVICES COORD.-FOOG,Services,1M2,
Handling,GROUND HANDLING SERVICES COORD.-FOOL,Services,1M2,
Handling,GROUND HANDLING SERVICES COORD.-FPPR,Services,1M2,
Handling,GROUND HANDLING SERVICES COORD.-FPST,Services,1M2,
Handling,GROUND HANDLING SERVICES COORD.-FQBR,Services,1M2,
Handling,GROUND HANDLING SERVICES COORD.-FQMA,Services,1M2,
Handling,GROUND HANDLING SERVICES COORD.-FQPB,Services,1M2,
Handling,GROUND HANDLING SERVICES COORD.-FQTT,Services,1M2,
Handling,GROUND HANDLING SERVICES COORD.-FQVL,Services,1M2,
Handling,GROUND HANDLING SERVICES COORD.-FSIA,Services,1M2,
Handling,GROUND HANDLING SERVICES COORD.-FVCP-,Services,1M2,
Handling,GROUND HANDLING SERVICES COORD.-FVFA,Services,1M2,
Handling,GROUND HANDLING SERVICES COORD.-FVJN,Services,1M2,
Handling,GROUND HANDLING SERVICES COORD.-FVRG,Services,1M2,
Handling,GROUND HANDLING SERVICES COORD.-FVRG.,Services,1M2,
Handling,GROUND HANDLING SERVICES COORD.-FWCL,Services,1M2,
Handling,GROUND HANDLING SERVICES COORD.-FWKI,Services,1M2,
Handling,GROUND HANDLING SERVICES COORD.-FWKI-,Services,1M2,
Handling,GROUND HANDLING SERVICES COORD.-FWKI.,Services,1M2,
Handling,GROUND HANDLING SERVICES COORD.-FYWE-,Services,1M2,
Handling,GROUND HANDLING SERVICES COORD.-FYWH,Services,1M2,
Handling,GROUND HANDLING SERVICES COORD.-FZAA,Services,1M2,
Handling,GROUND HANDLING SERVICES COORD.-FZQA,Services,1M2,
Handling,GROUND HANDLING SERVICES COORD.-FZQM,Services,1M2,
Handling,GROUND HANDLING SERVICES COORD.-GABS,Services,1M2,
Handling,GROUND HANDLING SERVICES COORD.-GABS-,Services,1M2,
Handling,GROUND HANDLING SERVICES COORD.-GABS.,Services,1M2,
Handling,GROUND HANDLING SERVICES COORD.-GCXO,Services,1M2,
Handling,GROUND HANDLING SERVICES COORD.-GFLL,Services,1M2,
Handling,GROUND HANDLING SERVICES COORD.-GMMN,Services,1M2,
Handling,GROUND HANDLING SERVICES COORD.-GMMN.,Services,1M2,
Handling,GROUND HANDLING SERVICES COORD.-GMMT,Services,1M2,
Handling,GROUND HANDLING SERVICES COORD.-GOBD,Services,1M2,
Handling,GROUND HANDLING SERVICES COORD.-GOBD.,Services,1M2,
Handling,GROUND HANDLING SERVICES COORD.-GOOD FAITH CREDIT,Services,1M2,
Handling,GROUND HANDLING SERVICES COORD.-GQNO,Services,1M2,
Handling,GROUND HANDLING SERVICES COORD.-GUCY,Services,1M2,
Handling,GROUND HANDLING SERVICES COORD.-GVNP,Services,1M2,
Handling,GROUND HANDLING SERVICES COORD.-HAAB,Services,1M2,
Handling,GROUND HANDLING SERVICES COORD.-HAAB.,Services,1M2,
Handling,GROUND HANDLING SERVICES COORD.-HECA,Services,1M2,
Handling,GROUND HANDLING SERVICES COORD.-HECA.,Services,1M2,
Handling,GROUND HANDLING SERVICES COORD.-HELX,Services,1M2,
Handling,GROUND HANDLING SERVICES COORD.-HESN.,Services,1M2,
Handling,GROUND HANDLING SERVICES COORD.-HKJK,Services,1M2,
Handling,GROUND HANDLING SERVICES COORD.-HKJK.,Services,1M2,
Handling,GROUND HANDLING SERVICES COORD.-HKMO,Services,1M2,
Handling,GROUND HANDLING SERVICES COORD.-HKNK,Services,1M2,
Handling,GROUND HANDLING SERVICES COORD.-HRYR,Services,1M2,
Handling,GROUND HANDLING SERVICES COORD.-HRYR-,Services,1M2,
Handling,GROUND HANDLING SERVICES COORD.-HRYR.,Services,1M2,
Handling,GROUND HANDLING SERVICES COORD.-HSSJ.,Services,1M2,
Handling,GROUND HANDLING SERVICES COORD.-HSSS.,Services,1M2,
Handling,GROUND HANDLING SERVICES COORD.-HTDA,Services,1M2,
Handling,GROUND HANDLING SERVICES COORD.-HTDA.,Services,1M2,
Handling,GROUND HANDLING SERVICES COORD.-HTDO,Services,1M2,
Handling,GROUND HANDLING SERVICES COORD.-HTDO.,Services,1M2,
Handling,GROUND HANDLING SERVICES COORD.-HTGW,Services,1M2,
Handling,GROUND HANDLING SERVICES COORD.-HTKJ.,Services,1M2,
Handling,GROUND HANDLING SERVICES COORD.-HTMW,Services,1M2,
Handling,GROUND HANDLING SERVICES COORD.-HTMW.,Services,1M2,
Handling,GROUND HANDLING SERVICES COORD.-HTZA,Services,1M2,
Handling,GROUND HANDLING SERVICES COORD.-HUEN,Services,1M2,
Handling,GROUND HANDLING SERVICES COORD.-HUEN.,Services,1M2,
Handling,GROUND HANDLING SERVICES COORD.-KBFI,Services,1M2,
Handling,GROUND HANDLING SERVICES COORD.-KBGR,Services,1M2,
Handling,GROUND HANDLING SERVICES COORD.-KBGR-,Services,1M2,
Handling,GROUND HANDLING SERVICES COORD.-KIAD,Services,1M2,
Handling,GROUND HANDLING SERVICES COORD.-KJFK,Services,1M2,
Handling,GROUND HANDLING SERVICES COORD.-KLAX,Services,1M2,
Handling,GROUND HANDLING SERVICES COORD.-KLUK,Services,1M2,
Handling,GROUND HANDLING SERVICES COORD.-KMKE,Services,1M2,
Handling,GROUND HANDLING SERVICES COORD.-KOXR,Services,1M2,
Handling,GROUND HANDLING SERVICES COORD.-KPSM,Services,1M2,
Handling,GROUND HANDLING SERVICES COORD.-KRSW,Services,1M2,
Handling,GROUND HANDLING SERVICES COORD.-KSLC,Services,1M2,
Handling,GROUND HANDLING SERVICES COORD.-KTEB,Services,1M2,
Handling,GROUND HANDLING SERVICES COORD.-KVNY - SIGNATURE FLIGHT SUPPORT,Services,1M2,
Handling,GROUND HANDLING SERVICES COORD.-KVNY -CLAY LACY AVIATION,Services,1M2,
Handling,GROUND HANDLING SERVICES COORD.-LCPH,Services,1M2,
Handling,GROUND HANDLING SERVICES COORD.-LFBD,Services,1M2,
Handling,GROUND HANDLING SERVICES COORD.-LFPB,Services,1M2,
Handling,GROUND HANDLING SERVICES COORD.-LIRA,Services,1M2,
Handling,GROUND HANDLING SERVICES COORD.-LPPR,Services,1M2,
Handling,GROUND HANDLING SERVICES COORD.-LSZB,Services,1M2,
Handling,GROUND HANDLING SERVICES COORD.-LSZH,Services,1M2,
Handling,GROUND HANDLING SERVICES COORD.-LSZH.,Services,1M2,
Handling,GROUND HANDLING SERVICES COORD.-LTBA,Services,1M2,
Handling,GROUND HANDLING SERVICES COORD.-LTCG,Services,1M2,
Handling,GROUND HANDLING SERVICES COORD.-LTFM,Services,1M2,
Handling,GROUND HANDLING SERVICES COORD.-MMMY,Services,1M2,
Handling,GROUND HANDLING SERVICES COORD.-NWWW,Services,1M2,
Handling,GROUND HANDLING SERVICES COORD.-OEJN.,Services,1M2,
Handling,GROUND HANDLING SERVICES COORD.-OERK,Services,1M2,
Handling,GROUND HANDLING SERVICES COORD.-OERK.,Services,1M2,
Handling,GROUND HANDLING SERVICES COORD.-OMDB,Services,1M2,
Handling,GROUND HANDLING SERVICES COORD.-OMDW,Services,1M2,
Handling,GROUND HANDLING SERVICES COORD.-OMSJ,Services,1M2,
Handling,GROUND HANDLING SERVICES COORD.-OOMS,Services,1M2,
Handling,GROUND HANDLING SERVICES COORD.-OOMS.,Services,1M2,
Handling,GROUND HANDLING SERVICES COORD.-OPKC,Services,1M2,
Handling,GROUND HANDLING SERVICES COORD.-PAFA,Services,1M2,
Handling,GROUND HANDLING SERVICES COORD.-PANC,Services,1M2,
Handling,GROUND HANDLING SERVICES COORD.-PGUM,Services,1M2,
Handling,GROUND HANDLING SERVICES COORD.-PHNL,Services,1M2,
Handling,GROUND HANDLING SERVICES COORD.-RCKH,Services,1M2,
Handling,GROUND HANDLING SERVICES COORD.-RCMQ,Services,1M2,
Handling,GROUND HANDLING SERVICES COORD.-RCSS,Services,1M2,
Handling,GROUND HANDLING SERVICES COORD.-RCSS.,Services,1M2,
Handling,GROUND HANDLING SERVICES COORD.-REVISION,Services,1GCR,
Handling,GROUND HANDLING SERVICES COORD.-RJBB,Services,1M2,
Handling,GROUND HANDLING SERVICES COORD.-RJCC.,Services,1M2,
Handling,GROUND HANDLING SERVICES COORD.-RJFK,Services,1M2,
Handling,GROUND HANDLING SERVICES COORD.-RJGG,Services,1M2,
Handling,GROUND HANDLING SERVICES COORD.-RJOY,Services,1M2,
Handling,GROUND HANDLING SERVICES COORD.-RJTT,Services,1M2,
Handling,GROUND HANDLING SERVICES COORD.-TXKF,Services,1M2,
Handling,GROUND HANDLING SERVICES COORD.-UACC,Services,1M2,
Handling,GROUND HANDLING SERVICES COORD.-UACC.,Services,1M2,
Handling,GROUND HANDLING SERVICES COORD.-UBBB,Services,1M2,
Handling,GROUND HANDLING SERVICES COORD.-UBBB-,Services,1M2,
Handling,GROUND HANDLING SERVICES COORD.-UGTB.,Services,1M2,
Handling,GROUND HANDLING SERVICES COORD.-UTSS,Services,1M2,
Handling,GROUND HANDLING SERVICES COORD.-UTTT,Services,1M2,
Handling,GROUND HANDLING SERVICES COORD.-VAAH,Services,1M2,
Handling,GROUND HANDLING SERVICES COORD.-VAAH-,Services,1M2,
Handling,GROUND HANDLING SERVICES COORD.-VABB.,Services,1M2,
Handling,GROUND HANDLING SERVICES COORD.-VAUD,Services,1M2,
Handling,GROUND HANDLING SERVICES COORD.-VEBN,Services,1M2,
Handling,GROUND HANDLING SERVICES COORD.-VEBS,Services,1M2,
Handling,GROUND HANDLING SERVICES COORD.-VEBS-,Services,1M2,
Handling,GROUND HANDLING SERVICES COORD.-VEBS.,Services,1M2,
Handling,GROUND HANDLING SERVICES COORD.-VECC,Services,1M2,
Handling,GROUND HANDLING SERVICES COORD.-VECC-,Services,1M2,
Handling,GROUND HANDLING SERVICES COORD.-VEGY,Services,1M2,
Handling,GROUND HANDLING SERVICES COORD.-VHHH,Services,1M2,
Handling,GROUND HANDLING SERVICES COORD.-VHHH.,Services,1M2,
Handling,GROUND HANDLING SERVICES COORD.-VIDN,Services,1M2,
Handling,GROUND HANDLING SERVICES COORD.-VIDP,Services,1M2,
Handling,GROUND HANDLING SERVICES COORD.-VIDP.,Services,1M2,
Handling,GROUND HANDLING SERVICES COORD.-VIJP,Services,1M2,
Handling,GROUND HANDLING SERVICES COORD.-VILK,Services,1M2,
Handling,GROUND HANDLING SERVICES COORD.-VOCB,Services,1M2,
Handling,GROUND HANDLING SERVICES COORD.-VRMM,Services,1M2,
Handling,GROUND HANDLING SERVICES COORD.-VVDN,Services,1M2,
Handling,GROUND HANDLING SERVICES COORD.-VYMD,Services,1M2,
Handling,GROUND HANDLING SERVICES COORD.-WAFF,Services,1M2,
Handling,GROUND HANDLING SERVICES COORD.-WALL,Services,1M2,
Handling,GROUND HANDLING SERVICES COORD.-WALL.,Services,1M2,
Handling,GROUND HANDLING SERVICES COORD.-WAOO,Services,1M2,
Handling,GROUND HANDLING SERVICES COORD.-WAOO.,Services,1M2,
Handling,GROUND HANDLING SERVICES COORD.-WIHH,Services,1M2,
Handling,GROUND HANDLING SERVICES COORD.-WIHH.,Services,1M2,
Handling,GROUND HANDLING SERVICES COORD.-WMKL,Services,1M2,
Handling,GROUND HANDLING SERVICES COORD.-WMKP,Services,1M2,
Handling,GROUND HANDLING SERVICES COORD.-WMSA,Services,1M2,
Handling,GROUND HANDLING SERVICES COORD.-WSSL,Services,1M2,
Handling,GROUND HANDLING SERVICES COORD.-WSSL.,Services,1M2,
Handling,GROUND HANDLING SERVICES COORD.-YBBN.,Services,1M2,
Handling,GROUND HANDLING SERVICES COORD.-YMML,Services,1M2,
Handling,GROUND HANDLING-ARRIVAL/DEPARTURE,Services,2GH,
Handling,SPIRE-GROUND HANDLING SERVICE COORD.-REVISION,Services,6GH,
Handling,SPIRE-GROUND HANDLING SERVICE COORD.-REVISION-ALTERNATE - RON,Services,6GH,
Handling,SPIRE-GROUND HANDLING SERVICE COORD.-REVISION-CANCELLED SERVICES,Services,6GH,
Handling,SPIRE-GROUND HANDLING SERVICE COORD.-REVISION-OJAI,Services,6GH,
Handling,SPIRE-GROUND HANDLING SERVICE COORD.-REVISION-REGISTRY CHANGE,Services,6GH,
Handling,SPIRE-GROUND HANDLING SERVICE COORD.-REVISION-REVISION #2,Services,6GH,
Handling,SPIRE-GROUND HANDLING SERVICE COORD.-REVISION-VCRI,Services,6GH,
Handling,*CARGO CHARGES,Services,2CARH,
Handling,*CARGO CHARGES-PLASTIC SHEETS FOR CARGO,Services,2CARH,
Handling,"*RUNWAY ANALYSIS-JAN - DEC 2020 N563AAW, N567WK, N568AW, N569AW, N570AW, N589AW",Services,2EU,
Handling,"*RUNWAY ANALYSIS-JAN-DEC 19 N560WK,N563AW,N567WK,N568AW,N569AW,N570AW,N589AW",Services,2EU,
Handling,"*RUNWAY ANALYSIS-JAN-DEC 2019 N563AW, N567WK, N568AW, N569AW, N570AW, N589AW",Services,2EU,
Handling,"*RUNWAY ANALYSIS-JAN-DEC 2020 N560WK, N560AW, N567WK, N568AW, N569AW, N570AW, N589AW",Services,2EU,
Handling,*RUNWAY ANALYSIS-RUNWAY LIGHTING,Services,2EU,
Handling,*RVSM CERTIFICATION,Services,7RVSMC,
Handling,*CREW ACCOMMODATION,Services,2CRHO,Handling
Handling,*DELIVERY FEE-CATERING DELIVERY,Services,2DLV,Handling
Handling,*DELIVERY FEE-CATERING DELIVERY SERVICE,Services,2DLV,Handling
Handling,*DELIVERY FEE-JET FUEL DELIVERY FEE,Services,2DLV,Handling
Handling,*DELIVERY FEE-ON BOARD,Services,2DLV,Handling
Handling,*DEPARTURE FEES-& ARRIVAL FEES,Services,2DEPFEE,Handling
Handling,*DEPARTURE FEES-& SURCHARGE,Services,2DEPFEE,Handling
Handling,*DEPARTURE FEES-AFTER-HOURS SURCHARGE,Services,2DEPFEE,Handling
Handling,*DEPARTURE FEES-ARRIVAL + DEPARTURE,Services,2DEPFEE,Handling
Handling,*DEPARTURE FEES-ARRIVAL/DEPARTURE TAX,Services,2DEPFEE,Handling
Handling,*DEPARTURE FEES-DEPARTURE BRIEFING,Services,2DEPFEE,Handling
Handling,*DEPARTURE FEES-DEPARTURE TAX,Services,2DEPFEE,Handling
Handling,*DEPARTURE FEES-DEPARTURE TAX / DEVELOPMENT FEE,Services,2DEPFEE,Handling
Handling,*DEPARTURE FEES-DEPARTURE TAX NOT COLLECTED,Services,2DEPFEE,Handling
Handling,*DEPARTURE FEES-FAX DEPARTURE,Services,2DEPFEE,Handling
Handling,"*DEPARTURE FEES-H.M. DEPARTURE, AIRPORT, DEVELOPMENT FEE ",Services,2DEPFEE,Handling
Handling,*DEPARTURE FEES-IMMIGRATION DEPARTURE,Services,2DEPFEE,Handling
Handling,*DEPARTURE FEES-IMMIGRATION DEPARTURE TAX,Services,2DEPFEE,Handling
Handling,*DEPARTURE FEES-INTERNATIONAL,Services,2DEPFEE,Handling
Handling,*DEPARTURE FEES-MINIMUM,Services,2DEPFEE,Handling
Handling,*DEPARTURE FEES-PASSANGER,Services,2DEPFEE,Handling
Handling,*DEPARTURE FEES-PAX CHARGE,Services,2DEPFEE,Handling
Handling,*DEPARTURE FEES-PAX DEPARTURE TAX,Services,2DEPFEE,Handling
Handling,*DEPARTURE FEES-TAX NOT COLLECTED,Services,2DEPFEE,Handling
Handling,*DISPATCH FEES-ATC,Services,2DP,Handling
Handling,*DISPATCH FEES-ATC DISPATCH & NOTAM SERVICE FEE,Services,2DP,Handling
Handling,*DISPATCH FEES-ATC DISPATCH SERVICE,Services,2DP,Handling
Handling,*DISPATCH FEES-ATC LANDING,Services,2DP,Handling
Handling,*DISPATCH FEES-ATC LANDING,Services,2DP,Handling
Handling,*DISPATCH FEES-ATC SERVICE CHARGE,Services,2DP,Handling
Handling,*DISPATCH FEES-ATC TAKE OFF,Services,2DP,Handling
Handling,*DISPATCH FEES-ATS DISPATCH SERVICE,Services,2DP,Handling
Handling,*DISPATCH FEES-CONTROL,Services,2DP,Handling
Handling,*DISPATCH FEES-FPL-FILING & DISPATCH SERVICE CHARGE,Services,2DP,Handling
Handling,*DISPATCH FEES-MAINAMI STAFF,Services,2DP,Handling
Handling,*DISPATCH FEES-RADIO AID,Services,2DP,Handling
Handling,"*DISPATCH FEES-RADIO AID FEE UNLIT 24,251 LB",Services,2DP,Handling
Handling,"*DISPATCH FEES-RADIO AID FEE UNLIT 24,251 LB. ",Services,2DP,Handling
Handling,*MEET & GREET-REINHARD ISCHNER,Services,2PH,Handling
Handling,*SERVICE FEE-10%,Services,2SVCFEE,Handling
Handling,*SERVICE FEE-PACKAGE: GOLD 2/01/20 - 1/31/21,Services,2SVCFEE,Handling
Handling,*SERVICE FEE-QUARTERLY SUBSCRIPTION - 1/1/20 - 3/31/20,Services,2SVCFEE,Handling
Handling,*SERVICE FEE-QUARTERLY SUBSCRIPTION 1/01/20 - 3/31/20,Services,2SVCFEE,Handling
Handling,*SERVICE FEE-QUARTERLY SUBSCRIPTION 2/01/20 - 4/30/20,Services,2SVCFEE,Handling
Handling,*SERVICE FEE-QUARTERLY SUBSCRIPTION 4/01/20 - 6/03/20,Services,2SVCFEE,Handling
Handling,*SERVICE FEE-QUARTERLY SUBSCRIPTION 4/01/20 - 6/30/20,Services,2SVCFEE,Handling
Handling,*SERVICE FEE-TBPB SERVICE CHARGE,Services,2SVCFEE,Handling
Handling,*SERVICE FEE-TUPJ SERVICE CHARGE,Services,2SVCFEE,Handling
Handling,*WHEELCHAIR/AISLE CHAIR,Services,2PH,Handling
Handling,*AIRCRAFT SERVICES-FIRE SERVICES - DERECHO CARRO BOMBEROS ABASTEC.,Services,2AS,
Handling,*PUSH BACK,Services,2PB,
Handling,*SERVICE FEE-QUARANTINE,Services,,
Hangar Services,AIRCRAFT CLEANING,Contract,8227,
Hangar Services,AIRCRAFT CLEANING,Contract,8864,
Hangar Services,AIR STAIRS,Contract,8394,
Hangar Services,AIRCRAFT TOWING,Contract,8307,
Hangar Services,HANGAR RENTAL,Contract,8232,
Hangar Services,DRYCLEANING SVC,Contract,8808,
Hangar Services,DE-ICER RENTAL,Contract,8915,
Hangar Services,DROP OFF,Contract,8355,
Hangar Services,EQUIPMENT COST - EA,Contract,8191,
Hangar Services,HANGAR FUELING FEE - EA,Contract,8386,
Hangar Services,TERMINAL OPERATIONS FEE - EA,Contract,8302,
Hangar Services,TIEDOWN/HANGAR FEE,Contract,8855,
Hangar Services,AIRCRAFT CLEANING,Retail,2ACC,
Hangar Services,HANGAR RENTAL,Retail,2HA,
Hangar Services,OVERNIGHT FEE,Retail,2ON,
Hangar Services,LAUNDRY/DRY CLEANING,Retail,2LAUN,
Hangar Services,PEAK/AFTER HOURS CHARGES,Retail,2PEAK,
Hangar Services,*AIRCRAFT CLEANING,Services,2ACC,
Hangar Services,*CLEAN UP FEE,Services,2CF,
Hangar Services,*LAUNDRY/DRY CLEANING,Services,7LAUN,
Hangar Services,*HANGAR SPACE-& TOWING FEE,Services,2HA,
Hangar Services,*ACU (AIR CONDITIONER UNIT),Services,2ACU,
Hangar Services,*ACU (AIR CONDITIONER UNIT)-4/05/20 - 5/04/20,Services,2ACU,
Hangar Services,*AIRCRAFT CLEANING - EXTERIOR,Services,2ACC,
Hangar Services,*AIRCRAFT CLEANING - INTERIOR,Services,2ACC,
Hangar Services,*AIRCRAFT CLEANING-CABIN,Services,2ACC,
Hangar Services,*AIRCRAFT CLEANING-CROCKERY & EQUIPMENT,Services,2ACC,
Hangar Services,*AIRCRAFT CLEANING-FAST CABIN CLEANING,Services,2ACC,
Hangar Services,*AIRCRAFT CLEANING-FULL WASH,Services,2ACC,
Hangar Services,*AIRCRAFT CLEANING-LINENS,Services,2ACC,
Hangar Services,*AIRCRAFT SERVICES-DRY CLEANING,Services,2AS,
Hangar Services,*CLEAN UP FEE-FAST CABIN CLEANING,Services,2CF,
Hangar Services,*LAUNDRY-DRY CLEANING,Services,2LAUN,
Hangar Services,CREW HOTEL RESERVATION-BOURBON CATARATAS DO IGUACU RESORT,Services,1HO,
Hangar Services,*HANGAR SPACE,Services,2HA,
Hangar Services,*HANGAR SPACE-(31.01.2020-24.02.2020),Services,2HA,
Hangar Services,*HANGAR SPACE-11-30 JANUARY 2020,Services,2HA,
Hangar Services,*HANGAR SPACE-2 HANGARAGE PER DAY,Services,2HA,
Hangar Services,*HANGAR SPACE-2/25-29,Services,2HA,
Hangar Services,*HANGAR SPACE-OVERNIGHT,Services,2HA,
Hangar Services,*HANGAR SPACE-TIEDDOWN,Services,2HA,
Hangar Services,*HANGAR SPACE-TIEDDOWN OR HANGAR,Services,2HA,
Hotels,HOTEL ACCOMMODATIONS,Retail,2HO,
Hotels,*CREW TRANSPORT-AIRPORT TO HOTEL,Services,2CT,
Hotels,*CREW TRANSPORT-AIRPORT TO HOTEL,Services,7CT,
Hotels,*CREW TRANSPORT-ARRIVAL (AIRPORT TO HOTEL),Services,2CT,
Hotels,*CREW TRANSPORT-DEPARTURE (HOTEL TO AIRPORT),Services,2CT,
Hotels,*HOTEL ACCOMMODATION,Services,7HOA,
Hotels,*AGENT RELOCATION-HOTEL ACCOMMODATION,Services,2AGREL,
Hotels,*CANCELLATION FEES-HOTEL,Services,2HY,
Hotels,*CREW TRANSPORT-AIRPORT/HOTEL,Services,2CT,
Hotels,*CREW TRANSPORT-AIRPORT/HOTEL/AIRPORT,Services,2CT,
Hotels,*CREW TRANSPORT-ARRIVAL (AIRPORT - HOTEL),Services,2CT,
Hotels,*CREW TRANSPORT-ATKINS-AIRPORT TO HOTEL,Services,2CT,
Hotels,*CREW TRANSPORT-ATKINS-HOTEL TO AIRPORT,Services,2CT,
Hotels,*CREW TRANSPORT-BRINTON-AIRPORT TO HOTEL,Services,2CT,
Hotels,*CREW TRANSPORT-BRINTON-HOTEL-AIRPORT,Services,2CT,
Hotels,*CREW TRANSPORT-BUSSARD- AIRPORT TO HOTEL,Services,2CT,
Hotels,*CREW TRANSPORT-BUSSARD-HOTEL TO AIRPORT,Services,2CT,
Hotels,*CREW TRANSPORT-DEPARTURE (HOTEL - AIRPORT),Services,2CT,
Hotels,*CREW TRANSPORT-DILME - AIRPORT TO HOTEL,Services,2CT,
Hotels,*CREW TRANSPORT-DILME - HOTEL TO AIRPORT,Services,2CT,
Hotels,*CREW TRANSPORT-EBERL-AIRPORT TO HOTEL,Services,2CT,
Hotels,*CREW TRANSPORT-EBERL-HOTEL-AIRPORT,Services,2CT,
Hotels,*CREW TRANSPORT-GAZY - HOTEL TO AIRPORT,Services,2CT,
Hotels,*CREW TRANSPORT-HARMS-AIRPORT TO HOTEL,Services,2CT,
Hotels,*CREW TRANSPORT-HARMS-AIRPORT- HOTEL,Services,2CT,
Hotels,*CREW TRANSPORT-HARMS-HOTEL TO AIRPORT,Services,2CT,
Hotels,*CREW TRANSPORT-HARMS-HOTEL-AIRPORT,Services,2CT,
Hotels,*CREW TRANSPORT-HATA - AIRPORT/HOTEL/AIRPORT,Services,2CT,
Hotels,*CREW TRANSPORT-HOTEL,Services,2CT,
Hotels,*CREW TRANSPORT-HOTEL - AIRPORT - HOTEL,Services,2CT,
Hotels,*CREW TRANSPORT-HOTEL TO AIRPORT,Services,2CT,
Hotels,*CREW TRANSPORT-HOTEL/AIRPORT,Services,2CT,
Hotels,*CREW TRANSPORT-HOTEL/AIRPORT/HOTEL,Services,2CT,
Hotels,*CREW TRANSPORT-KRUGER-AIRPORT TO HOTEL,Services,2CT,
Hotels,*CREW TRANSPORT-KRUGER-HOTEL TO AIRPORT,Services,2CT,
Hotels,*CREW TRANSPORT-MATHIEU AIRPORT/HOTEL,Services,2CT,
Hotels,*CREW TRANSPORT-RAHM-AIRPORT TO HOTEL,Services,2CT,
Hotels,*CREW TRANSPORT-RAHM-HOTEL TO AIRPORT,Services,2CT,
Hotels,*CREW TRANSPORT-SINGH - AIRPORT TO HOTEL,Services,2CT,
Hotels,*CREW TRANSPORT-SINGH - HOTEL TO AIRPORT,Services,2CT,
Hotels,*CREW TRANSPORT-TAHER - AIRPORT TO HOTEL,Services,2CT,
Hotels,*CREW TRANSPORT-TAHER - HOTEL TO AIRPORT,Services,2CT,
Hotels,*CREW TRANSPORT-TAHER - HOTEL TO RESORT,Services,2CT,
Hotels,*CREW TRANSPORT-TAHER - RESORT TO HOTEL,Services,2CT,
Hotels,*CREW TRANSPORT-TAXI CREW TO/FROM HOTEL,Services,2CT,
Hotels,*CREW TRANSPORT-TO NEARBY HOTEL,Services,2CT,
Hotels,*CREW TRANSPORT-TO/FROM - HOTEL,Services,2CT,
Hotels,*CREW TRANSPORT-TO/FROM HOTEL,Services,2CT,
Hotels,*CREW TRANSPORT-TO/FROM HOTEL,Services,2CT,
Hotels,*CREW TRANSPORT-TO/FROM HOTEL POSEIDON,Services,2CT,
Hotels,*CREW TRANSPORT-TO/FROM MARRIOTT HOTEL,Services,2CT,
Hotels,*CREW TRANSPORT-VILLEZCAS - HOTEL TO AIRPORT,Services,2CT,
Hotels,*CREW TRANSPORT-VILLEZCAS-AIRPORT TO HOTEL,Services,2CT,
Hotels,*HOTEL ACCOMMODATION-DOUBLETREE BY HILTON,Services,7HOA,
Hotels,*HOTEL ACCOMMODATION-FOUR POINTS SHERATON,Services,7HOA,
Hotels,*HOTEL ACCOMMODATION-KSAV - CANDLEWOOD SUITES SAVANNAH AIRPORT,Services,7HOA,
Hotels,*HOTEL ACCOMMODATION-RJGG - FOUR POINTS BY SHERATON NAGOYA,Services,7HOA,
Hotels,*HOTEL ACCOMMODATION-VABB - JW MARRIOTT MUMBAI SAHAR AIRPORT,Services,7HOA,
Hotels,*HOTEL CHARGES,Services,2HOA,
Hotels,*HOTEL CHARGES- MERCURE BANGKOK MAKKASAN / W. JOHANSON,Services,2HOA,
Hotels,*HOTEL CHARGES- SHERATON JEDDAH / M. FRUMOSU,Services,2HOA,
Hotels,*HOTEL CHARGES- THE WESTIN PUNTACANA RESORT / D. DORR,Services,2HOA,
Hotels,*HOTEL CHARGES-A. ALLOGHANI,Services,2HOA,
Hotels,*HOTEL CHARGES-A. BUQAMAZ,Services,2HOA,
Hotels,*HOTEL CHARGES-A. C. STONE,Services,2HOA,
Hotels,*HOTEL CHARGES-A. GAVASAN,Services,2HOA,
Hotels,*HOTEL CHARGES-A. HASAN,Services,2HOA,
Hotels,*HOTEL CHARGES-A. HUNT,Services,2HOA,
Hotels,*HOTEL CHARGES-A. LANGMEAD,Services,2HOA,
Hotels,*HOTEL CHARGES-A. LANGMEAD / CXLD,Services,2HOA,
Hotels,*HOTEL CHARGES-A. NOONAN,Services,2HOA,
Hotels,*HOTEL CHARGES-ACCOMMODATION,Services,2HOA,
Hotels,*HOTEL CHARGES-AEROTEL LONDON HEATHROW / V. MANERA,Services,2HOA,
Hotels,*HOTEL CHARGES-ALEX MARTINS,Services,2HOA,
Hotels,*HOTEL CHARGES-ALOFT DALLAS LOVE FIELD / M. VILLEZCAS (PARTIAL),Services,2HOA,
Hotels,*HOTEL CHARGES-ALOFT DUBAI SOUTH,Services,2HOA,
Hotels,*HOTEL CHARGES-ALOFT LONDON EXCEL / V. MANERA,Services,2HOA,
Hotels,*HOTEL CHARGES-AMARI VANG VIENG / Y. GUO,Services,2HOA,
Hotels,*HOTEL CHARGES-AMRATH HOTEL DUCASQUE / R. ALZAMANAN & CREW,Services,2HOA,
Hotels,*HOTEL CHARGES-ARICA LTDA / A. NOONAN PLUS 5 CREW,Services,2HOA,
Hotels,*HOTEL CHARGES-ASCOTT RAFAL OLAYA RIYADH / J. JOHANSON,Services,2HOA,
Hotels,"*HOTEL CHARGES-ASCOTT RAFAL OLAYA RIYADH / J. JOHANSON, F&B CHARGE",Services,2HOA,
Hotels,*HOTEL CHARGES-AVIATOR,Services,2HOA,
Hotels,*HOTEL CHARGES-AVID HOTEL INTERNATIONAL AIRPORT / I. CIMINELLI,Services,2HOA,
Hotels,*HOTEL CHARGES-AVID HOTELS ORLANDO INTERNATIONAL AIRPORT / I. CIMINELLI,Services,2HOA,
Hotels,*HOTEL CHARGES-B. & S.B. ALNAHAS,Services,2HOA,
Hotels,*HOTEL CHARGES-B. ALNAHAS AND H. ALBEHBEHANI,Services,2HOA,
Hotels,*HOTEL CHARGES-B. BELCHER,Services,2HOA,
Hotels,*HOTEL CHARGES-B. BROKAW,Services,2HOA,
Hotels,*HOTEL CHARGES-B. EBAUGH,Services,2HOA,
Hotels,*HOTEL CHARGES-B. HORGASH,Services,2HOA,
Hotels,*HOTEL CHARGES-B. KUCHTA,Services,2HOA,
Hotels,*HOTEL CHARGES-B. SAAD,Services,2HOA,
Hotels,*HOTEL CHARGES-BOLONGO BAY BEACH RESORT / N. GEORGE,Services,2HOA,
Hotels,*HOTEL CHARGES-C. DINES,Services,2HOA,
Hotels,*HOTEL CHARGES-C. HEILEMAN,Services,2HOA,
Hotels,*HOTEL CHARGES-C. KNIGHT,Services,2HOA,
Hotels,*HOTEL CHARGES-C. LOUPEE,Services,2HOA,
Hotels,*HOTEL CHARGES-C. MOSSOP,Services,2HOA,
Hotels,*HOTEL CHARGES-C. PHILLIPS,Services,2HOA,
Hotels,*HOTEL CHARGES-C. PYLE,Services,2HOA,
Hotels,*HOTEL CHARGES-C. SAMAN / LATE CXL,Services,2HOA,
Hotels,*HOTEL CHARGES-CABO AZUL RESORT / S. CRAWFORD,Services,2HOA,
Hotels,*HOTEL CHARGES-CANOUAN ESTATE VILLAS / T. PALAR,Services,2HOA,
Hotels,*HOTEL CHARGES-CARIBBEAN INN HOWELLS 3 NIGHTS,Services,2HOA,
Hotels,*HOTEL CHARGES-CARIBBEAN INN HUGHES 3 NIGHTS,Services,2HOA,
Hotels,*HOTEL CHARGES-CARIBBEAN INN KENNEDY 3 NIGHTS,Services,2HOA,
Hotels,*HOTEL CHARGES-CITY LODGE HOTEL AT OR TAMBO INTERNATIONAL AIRPORT,Services,2HOA,
Hotels,*HOTEL CHARGES-CITY LODGE HOTEL OR TAMBO INTERNATIONAL,Services,2HOA,
Hotels,*HOTEL CHARGES-COLONNADE CORAL GABLES / W. POTEET / NO SHOW,Services,2HOA,
Hotels,*HOTEL CHARGES-CONRAD ALGARVE HOTEL / J. HART,Services,2HOA,
Hotels,*HOTEL CHARGES-COURTYARD ANCHORAGE MARRIOTT / M. SANGO,Services,2HOA,
Hotels,*HOTEL CHARGES-COURTYARD GLEN ALLEN MARRIOTT / M. FRUMOSU,Services,2HOA,
Hotels,*HOTEL CHARGES-COURTYARD GUAYAQUIL / J. ZICCARELLI,Services,2HOA,
Hotels,*HOTEL CHARGES-COURTYARD LUTON AIRPORT BY MARRIOTT / M. FRUMOSU,Services,2HOA,
Hotels,*HOTEL CHARGES-COURTYARD MARRIOTT LUTON AIRPORT / M. FRUMOSU,Services,2HOA,
Hotels,*HOTEL CHARGES-COURTYARD NASSAU DWNTN / C. PHILLIPS,Services,2HOA,
Hotels,*HOTEL CHARGES-COURTYARD PORTSMOUTH MARRIOTT / R. SMAGLIK,Services,2HOA,
Hotels,*HOTEL CHARGES-COURTYARD TOLUCA AIRPORT / M. DRAKE,Services,2HOA,
Hotels,*HOTEL CHARGES-CREW PICK UP & DROP OFF,Services,2HOA,
Hotels,*HOTEL CHARGES-CROWNE PLAZA ATHENS CITY CENTRE / M. ABDULLA,Services,2HOA,
Hotels,*HOTEL CHARGES-CROWNE PLAZA MIDTOWN MANHATTAN / D. BONDARENKO,Services,2HOA,
Hotels,*HOTEL CHARGES-CROWNE PLAZA MIDTOWN MANHATTAN / S. YARULLINA,Services,2HOA,
Hotels,*HOTEL CHARGES-CROWNE PLAZA VIENTIANE / L. KANG,Services,2HOA,
Hotels,*HOTEL CHARGES-D. CALLAWAY,Services,2HOA,
Hotels,*HOTEL CHARGES-D. CALLAWAY / CXLD,Services,2HOA,
Hotels,*HOTEL CHARGES-D. KRUGER,Services,2HOA,
Hotels,*HOTEL CHARGES-DALLAS MARRIOTT / M. VILLEZCAS,Services,2HOA,
Hotels,*HOTEL CHARGES-DALLAS MARRIOTT DOWNTOWN / M. VILLEZCAS,Services,2HOA,
Hotels,*HOTEL CHARGES-DEVILLE PRIME CAMPO GRANDE / A. REY BAIS,Services,2HOA,
Hotels,*HOTEL CHARGES-DIEGO DE ALMAGRO PUNTA ARENAS / J. MARSHALL,Services,2HOA,
Hotels,*HOTEL CHARGES-DOUBLETREE GLASGOW CENTRAL / T. ALZANKAWI,Services,2HOA,
Hotels,*HOTEL CHARGES-DOUBLETREE HILTON GLASGOW CENTRAL / A. BUQAMAZ,Services,2HOA,
Hotels,"*HOTEL CHARGES-DOUBLETREE HILTON GLASGOW CENTRAL / H. ALBEHBEHANI, NO SHOW",Services,2HOA,
Hotels,*HOTEL CHARGES-DOUBLETREE HILTON GLASGOW CENTRAL / S. HASAN,Services,2HOA,
Hotels,*HOTEL CHARGES-DRURY INN & SUITES ATLANTA AIRPORT,Services,2HOA,
Hotels,*HOTEL CHARGES-DRURY INN & SUITES ATLANTA AIRPORT,Services,2HOA,
Hotels,*HOTEL CHARGES-DRURY INN & SUITES ST LOUIS AIRPORT,Services,2HOA,
Hotels,*HOTEL CHARGES-DRURY INN & SUITES ST LOUSE AIRPORT,Services,2HOA,
Hotels,*HOTEL CHARGES-E. GARCIA,Services,2HOA,
Hotels,*HOTEL CHARGES-E. RUCH,Services,2HOA,
Hotels,*HOTEL CHARGES-EL MANGROOVE AUTOGRAPH / D. CALLAWAY,Services,2HOA,
Hotels,*HOTEL CHARGES-EMBASSY SUITES DALLAS GALLERIA / K. WHITE,Services,2HOA,
Hotels,*HOTEL CHARGES-EMBASSY SUITES LOVE FIELD / M. VILLEZCAS / RM 301,Services,2HOA,
Hotels,*HOTEL CHARGES-EMERALD BEACH RESORT / J. SCARROW,Services,2HOA,
Hotels,*HOTEL CHARGES-EPIC SANA LUANDA,Services,2HOA,
Hotels,*HOTEL CHARGES-F. ALJUWAISRI,Services,2HOA,
Hotels,*HOTEL CHARGES-F. ALKANDARI,Services,2HOA,
Hotels,*HOTEL CHARGES-F. ALKHULAIFI,Services,2HOA,
Hotels,*HOTEL CHARGES-F. ALZOUFAIRI,Services,2HOA,
Hotels,*HOTEL CHARGES-F. ESTIPHAN,Services,2HOA,
Hotels,*HOTEL CHARGES-FLAMINGO BEACH RESORT & SPA,Services,2HOA,
Hotels,*HOTEL CHARGES-FORT LAUDERDALE MARRIOTT NORTH / I. CIMINELLI,Services,2HOA,
Hotels,*HOTEL CHARGES-FOUR POINTS BY SHERATON NAGOYA CHUBU / N. CASTRENCE / RM 823,Services,2HOA,
Hotels,*HOTEL CHARGES-GOLDEN TULIP HAIL HOTEL / T. MILLER / CXLD,Services,2HOA,
Hotels,*HOTEL CHARGES-GUAM PLAZA RESORT / Y. GUO,Services,2HOA,
Hotels,*HOTEL CHARGES-GUAM PLAZA RESORT AND SPA / T. STEPHENS,Services,2HOA,
Hotels,*HOTEL CHARGES-H. DAILO,Services,2HOA,
Hotels,*HOTEL CHARGES-H. DAILO / NO HOW RM 130,Services,2HOA,
Hotels,*HOTEL CHARGES-H. DAILO / RM 830,Services,2HOA,
Hotels,*HOTEL CHARGES-H. KHAN,Services,2HOA,
Hotels,"*HOTEL CHARGES-H. PEACE / NO SHOW, CXL",Services,2HOA,
Hotels,*HOTEL CHARGES-HAWTHORN SUITES VIENNA TYSONS CORNER / H. ALBEHBEHANI,Services,2HOA,
Hotels,*HOTEL CHARGES-HENNESSY PARK HOTEL,Services,2HOA,
Hotels,*HOTEL CHARGES-HERITAGE PARK HOTEL / R. HORTON PLUS 3 CREW,Services,2HOA,
Hotels,*HOTEL CHARGES-HILTON GARDEN INN OLAYA RIYADH / V. MANERA,Services,2HOA,
Hotels,*HOTEL CHARGES-HILTON GARDEN INN RIYADH OLAYA / V. MANERA,Services,2HOA,
Hotels,*HOTEL CHARGES-HILTON GUAM RESORT / L. BIRURAKIS,Services,2HOA,
Hotels,"*HOTEL CHARGES-HILTON GUAM RESORT / L. KANG, LATE CXL",Services,2HOA,
Hotels,"*HOTEL CHARGES-HILTON GUATEMALA CITY / C. SHERMAN / NO SHOW, CXL",Services,2HOA,
Hotels,*HOTEL CHARGES-HILTON GUATEMALA CITY / S. WILLIAMS / CXL,Services,2HOA,
Hotels,*HOTEL CHARGES-HILTON MUNICH AIRPORT / R. CLARKE / LATE CXL,Services,2HOA,
Hotels,*HOTEL CHARGES-HODGES BAY RESORT / J. PLOURDE,Services,2HOA,
Hotels,*HOTEL CHARGES-HOLIDAY INN ANCHORAGE / F. PANTINO / NO SHOW -RM 122,Services,2HOA,
Hotels,*HOTEL CHARGES-HOLIDAY INN EXPRESS MALTA / M. HAIDER,Services,2HOA,
Hotels,*HOTEL CHARGES-HOLIDAY INN MAURITIUS,Services,2HOA,
Hotels,*HOTEL CHARGES-HOLIDAY INN MAURITIUS MON TRESOR,Services,2HOA,
Hotels,*HOTEL CHARGES-HOLIDAY INN MUNICH - CITY CENTRE / A. MOHAMMAD,Services,2HOA,
Hotels,*HOTEL CHARGES-HOLIDAY INN RESORT GRAND / C. PETERSEN,Services,2HOA,
Hotels,*HOTEL CHARGES-HOMEWOOD SUITES ORLANDO / A. MARTINS,Services,2HOA,
Hotels,*HOTEL CHARGES-HONG KONG SKYCITY MARRIOTT/ C. LOUPEE,Services,2HOA,
Hotels,*HOTEL CHARGES-HORMUZ GRAND / W. JOHANSON,Services,2HOA,
Hotels,*HOTEL CHARGES-HOTAC,Services,2HOA,
Hotels,*HOTEL CHARGES-HOTEL & MEALS,Services,2HOA,
Hotels,*HOTEL CHARGES-HOTEL ALFONSO X / J. HAWKINS,Services,2HOA,
Hotels,"*HOTEL CHARGES-HOTEL ALFONSO X / M. FULLEN, CXLD",Services,2HOA,
Hotels,"*HOTEL CHARGES-HOTEL ALFONSO X / T. PALAR, CXLD",Services,2HOA,
Hotels,*HOTEL CHARGES-HOTEL ALFONSO X CIUDAD REAL / M. FULLEN,Services,2HOA,
Hotels,*HOTEL CHARGES-HOTEL BRAVIA,Services,2HOA,
Hotels,*HOTEL CHARGES-HOTEL BRAVIA OUAGADOUGOU,Services,2HOA,
Hotels,*HOTEL CHARGES-HOTEL FLEUR DEPEE / R. BERNHARD / CXLD,Services,2HOA,
Hotels,*HOTEL CHARGES-HOTEL OASIS SALINAS SEE / M. PUCCI,Services,2HOA,
Hotels,*HOTEL CHARGES-HOTEL PORTO SANTO,Services,2HOA,
Hotels,*HOTEL CHARGES-HOTEL VERDE,Services,2HOA,
Hotels,*HOTEL CHARGES-HOYO HOYO,Services,2HOA,
Hotels,*HOTEL CHARGES-HYATT REGENCY AHMEDABAD / T. MILLER,Services,2HOA,
Hotels,*HOTEL CHARGES-IBEROSTAR SELECTION CANCUN / P. BRESHER,Services,2HOA,
Hotels,*HOTEL CHARGES-IBIS DOUALA HOTEL,Services,2HOA,
Hotels,*HOTEL CHARGES-INTERCONTINENTAL LJUBLJANA / V. MANERA,Services,2HOA,
Hotels,*HOTEL CHARGES-INTERCONTINENTAL LUSAKA / T. DODSON,Services,2HOA,
Hotels,"*HOTEL CHARGES-J. BENISEK, CXLD",Services,2HOA,
Hotels,"*HOTEL CHARGES-J. CHARLTON, CXLD",Services,2HOA,
Hotels,*HOTEL CHARGES-J. DUVAL / LAUNDRY,Services,2HOA,
Hotels,*HOTEL CHARGES-J. FAILS,Services,2HOA,
Hotels,*HOTEL CHARGES-J. GREENE,Services,2HOA,
Hotels,*HOTEL CHARGES-J. HARKIN,Services,2HOA,
Hotels,*HOTEL CHARGES-J. HART,Services,2HOA,
Hotels,*HOTEL CHARGES-J. LEE,Services,2HOA,
Hotels,*HOTEL CHARGES-J. LYNN,Services,2HOA,
Hotels,*HOTEL CHARGES-J. MARSHALL,Services,2HOA,
Hotels,*HOTEL CHARGES-J. MYERS,Services,2HOA,
Hotels,*HOTEL CHARGES-J. OBERING,Services,2HOA,
Hotels,*HOTEL CHARGES-J. OLIVEIRA,Services,2HOA,
Hotels,"*HOTEL CHARGES-J. PIGNATELLI / NO SHOW, CXL",Services,2HOA,
Hotels,"*HOTEL CHARGES-J. SANDRIDGE "" CXL FEE """,Services,2HOA,
Hotels,*HOTEL CHARGES-J. SMYTHE,Services,2HOA,
Hotels,*HOTEL CHARGES-J. SPIEGEL,Services,2HOA,
Hotels,*HOTEL CHARGES-J. SPIEGEL  / NO SHOW,Services,2HOA,
Hotels,*HOTEL CHARGES-J. TAYLOR,Services,2HOA,
Hotels,"*HOTEL CHARGES-J. TAYLOR, CXLD",Services,2HOA,
Hotels,*HOTEL CHARGES-J. WHEATLEY,Services,2HOA,
Hotels,*HOTEL CHARGES-J. ZICCARELLI,Services,2HOA,
Hotels,*HOTEL CHARGES-JW MARRIOTT HOTEL MEXICO CITY SANTA FE / P. CARTER,Services,2HOA,
Hotels,*HOTEL CHARGES-JW MARRIOTT MARQUIS DUBAI / R. BLADES,Services,2HOA,
Hotels,*HOTEL CHARGES-K. GIUFFRE,Services,2HOA,
Hotels,*HOTEL CHARGES-K. GUIFFRE,Services,2HOA,
Hotels,*HOTEL CHARGES-KIRIMIZI HOTEL,Services,2HOA,
Hotels,*HOTEL CHARGES-L. CONCEPCION,Services,2HOA,
Hotels,*HOTEL CHARGES-L. FELICIANO,Services,2HOA,
Hotels,*HOTEL CHARGES-L. KANG,Services,2HOA,
Hotels,*HOTEL CHARGES-L. POPA,Services,2HOA,
Hotels,*HOTEL CHARGES-L. SMITH,Services,2HOA,
Hotels,"*HOTEL CHARGES-L. SMITH / NO SHOW, CXL",Services,2HOA,
Hotels,*HOTEL CHARGES-LA SEINE HOTEL / Y. ZHU,Services,2HOA,
Hotels,*HOTEL CHARGES-LA TOUBANA HOTEL & SPA / J. BENISCK & CREW,Services,2HOA,
Hotels,*HOTEL CHARGES-LE MERIDIEN PICCADILLY / R. BLADES,Services,2HOA,
Hotels,*HOTEL CHARGES-LE ROYAL MERIDIEN ABU DHABI / R. SMAGLIK,Services,2HOA,
Hotels,*HOTEL CHARGES-LEGEND LAGOS AIRPORT CURIO BY HILTON / M. VILLEZCAS,Services,2HOA,
Hotels,*HOTEL CHARGES-LUIZ CLAUDIO,Services,2HOA,
Hotels,*HOTEL CHARGES-M. BARATTA,Services,2HOA,
Hotels,*HOTEL CHARGES-M. FRUMOSU,Services,2HOA,
Hotels,*HOTEL CHARGES-M. FULLEN,Services,2HOA,
Hotels,*HOTEL CHARGES-M. MALALLA,Services,2HOA,
Hotels,*HOTEL CHARGES-M. MALALLAH,Services,2HOA,
Hotels,*HOTEL CHARGES-M. POETZ,Services,2HOA,
Hotels,*HOTEL CHARGES-M. PUCCI,Services,2HOA,
Hotels,*HOTEL CHARGES-M. REABE,Services,2HOA,
Hotels,*HOTEL CHARGES-M. RONCHETTI,Services,2HOA,
Hotels,*HOTEL CHARGES-M. SANGO,Services,2HOA,
Hotels,*HOTEL CHARGES-M. VILLEZCAS,Services,2HOA,
Hotels,*HOTEL CHARGES-M. VILLEZCAS / GUEST# 198343 / NO SHOW,Services,2HOA,
Hotels,*HOTEL CHARGES-M. VILLEZCAS / RM 401,Services,2HOA,
Hotels,*HOTEL CHARGES-M. VILLEZCAS / ROOM,Services,2HOA,
Hotels,*HOTEL CHARGES-M. WATTS,Services,2HOA,
Hotels,*HOTEL CHARGES-MARGARITAVILLE VACATION CLUB WYNDHAM / J. BENISEK,Services,2HOA,
Hotels,*HOTEL CHARGES-MARRIOTT ALOFT DALLAS LOVE FIELD / M. VILLEZCAS (PARTIAL BILLING) GUEST# 198342,Services,2HOA,
Hotels,*HOTEL CHARGES-MARRIOTT ANCHORAGE / M. FRUMOSU,Services,2HOA,
Hotels,*HOTEL CHARGES-MARRIOTT BURBANK AIRPORT / R. BLADES,Services,2HOA,
Hotels,*HOTEL CHARGES-MARRIOTT CARDIFF / M. ALMEIDA,Services,2HOA,
Hotels,*HOTEL CHARGES-MARRIOTT DALLAS DOWNTOWN / M. VILLEZCAS,Services,2HOA,
Hotels,*HOTEL CHARGES-MARRIOTT DALLAS FORT WORTH AIRPORT / M. PUCCI,Services,2HOA,
Hotels,*HOTEL CHARGES-MARRIOTT DALLAS FT WORTH AIRPORT / M. PUCCI,Services,2HOA,
Hotels,"*HOTEL CHARGES-MARRIOTT DOWNTOWN DALLAS / M. VILLEZCAS, INCIDENTALS",Services,2HOA,
Hotels,"*HOTEL CHARGES-MARRIOTT GRAND CAYMAN RESORT / JR. STOUFFER "" CXL FEE""",Services,2HOA,
Hotels,*HOTEL CHARGES-MARRIOTT HOUSTON IAH AIRPORT / R. BLADES,Services,2HOA,
Hotels,*HOTEL CHARGES-MARRIOTT LONDON HEATHROW / R. BLADES,Services,2HOA,
Hotels,*HOTEL CHARGES-MARRIOTT OPERA AMBASSADOR HOTEL PARIS / R. BLADES,Services,2HOA,
Hotels,*HOTEL CHARGES-MARRIOTT RIYADH / K. HASHER,Services,2HOA,
Hotels,*HOTEL CHARGES-MARRIOTT RIYADH AIRPORT HOTEL / J. OLIVEIRA,Services,2HOA,
Hotels,*HOTEL CHARGES-MARRIOTT ST KITTS RESORT / B. KUCHTA (PARTIAL),Services,2HOA,
Hotels,*HOTEL CHARGES-MARRIOTT ST. KITTS RESORT / D. CALLAWAY,Services,2HOA,
Hotels,*HOTEL CHARGES-MERCURE SINGAPORE ON STEVENS / W. JOHANSOR,Services,2HOA,
Hotels,*HOTEL CHARGES-MIDRAND CONFERENCE CENTRE,Services,2HOA,
Hotels,*HOTEL CHARGES-MOVENPICK GENEVA HOTEL AND CASINO / V. MANERA,Services,2HOA,
Hotels,*HOTEL CHARGES-N. CASTRENCE,Services,2HOA,
Hotels,*HOTEL CHARGES-N. CASTRENCE / NO SHOW * RM 332,Services,2HOA,
Hotels,*HOTEL CHARGES-N. CASTRENCE / NO SHOW RM 330,Services,2HOA,
Hotels,*HOTEL CHARGES-N. GEORGE,Services,2HOA,
Hotels,*HOTEL CHARGES-N. GOTTLE,Services,2HOA,
Hotels,*HOTEL CHARGES-N. SCHAFFER,Services,2HOA,
Hotels,*HOTEL CHARGES-NAUTILUS HOTEL,Services,2HOA,
Hotels,*HOTEL CHARGES-NORTH TWO HOTEL,Services,2HOA,
Hotels,*HOTEL CHARGES-O?SIS ATL?NTICO HOT?L SALINAS / D. KRUGER,Services,2HOA,
Hotels,*HOTEL CHARGES-P. E. SHRYACK,Services,2HOA,
Hotels,*HOTEL CHARGES-P. MALIA / CXL,Services,2HOA,
Hotels,*HOTEL CHARGES-P. SHRYACK,Services,2HOA,
Hotels,*HOTEL CHARGES-P. STURGEON,Services,2HOA,
Hotels,*HOTEL CHARGES-PALAU HOTEL / M. MEDINA JR.,Services,2HOA,
Hotels,*HOTEL CHARGES-PARK INN SHANNON AIRPORT / V. MANERA,Services,2HOA,
Hotels,*HOTEL CHARGES-PESTANA SAO TOME HOTEL,Services,2HOA,
Hotels,*HOTEL CHARGES-PESTANA TROPICO / J. LYNN,Services,2HOA,
Hotels,*HOTEL CHARGES-PROTEA WINDHOEK FURSTENHOF / M. FRUMOSU,Services,2HOA,
Hotels,*HOTEL CHARGES-PULLMAN LUANG PRABANG / L. KANG,Services,2HOA,
Hotels,*HOTEL CHARGES-R. BERNHARD,Services,2HOA,
Hotels,*HOTEL CHARGES-R. BLADES,Services,2HOA,
Hotels,*HOTEL CHARGES-R. CORTEZ,Services,2HOA,
Hotels,*HOTEL CHARGES-R. E. LINGSON,Services,2HOA,
Hotels,*HOTEL CHARGES-R. MEADOWS / CXL,Services,2HOA,
Hotels,*HOTEL CHARGES-R. SMAGLIK,Services,2HOA,
Hotels,*HOTEL CHARGES-R. SOARES,Services,2HOA,
Hotels,*HOTEL CHARGES-R. TELLARINI,Services,2HOA,
Hotels,*HOTEL CHARGES-R. VAFIN,Services,2HOA,
Hotels,*HOTEL CHARGES-R. VARGAS,Services,2HOA,
Hotels,*HOTEL CHARGES-RADISSON BLU,Services,2HOA,
Hotels,*HOTEL CHARGES-RADISSON BLU HOTEL AHMEDABAD / W. JOHANSON,Services,2HOA,
Hotels,*HOTEL CHARGES-RADISSON LUCKNOW CITY CENTER / S. KAMAI,Services,2HOA,
Hotels,*HOTEL CHARGES-RENAISSANCE ST PANCRAS HOTEL / R. SMAGLIK,Services,2HOA,
Hotels,*HOTEL CHARGES-RENAISSANCE ST. PANCRAS HOTEL LONDON / R. SMAGLIK,Services,2HOA,
Hotels,*HOTEL CHARGES-RESIDENCE INN PADUCAH / R. SMAGLIK,Services,2HOA,
Hotels,*HOTEL CHARGES-RESIDENCE INN SAVANNAH AIRPORT / H. KHAN,Services,2HOA,
Hotels,*HOTEL CHARGES-RICARDO SOARES,Services,2HOA,
Hotels,*HOTEL CHARGES-ROOTZ RESTAURANT,Services,2HOA,
Hotels,*HOTEL CHARGES-S. ALDHAFIRI,Services,2HOA,
Hotels,*HOTEL CHARGES-S. ALSAYEGH,Services,2HOA,
Hotels,*HOTEL CHARGES-S. MAGRUM,Services,2HOA,
Hotels,*HOTEL CHARGES-S. RASTORGUEV,Services,2HOA,
Hotels,*HOTEL CHARGES-SHERATON DAMMAM HOTEL / M. FRUMOSU,Services,2HOA,
Hotels,*HOTEL CHARGES-SHERATON DAMMAM HOTEL AND TOWERS / M. FRUMOSU,Services,2HOA,
Hotels,*HOTEL CHARGES-SHERATON JEDDAH / L. POPA,Services,2HOA,
Hotels,*HOTEL CHARGES-SHERATON JEDDAH / M. FRUMOSU,Services,2HOA,
Hotels,*HOTEL CHARGES-SHERATON JEDDAH HOTEL / R. BLADES,Services,2HOA,
Hotels,*HOTEL CHARGES-SHERATON JEDDAH HOTEL / V. MANERA,Services,2HOA,
Hotels,*HOTEL CHARGES-SHERATON JEDDAH/M. FRUMOSU,Services,2HOA,
Hotels,*HOTEL CHARGES-SHERATON LAGOS / M. PUCCI,Services,2HOA,
Hotels,*HOTEL CHARGES-SHERATON LAGOS HOTEL / M. PUCCI,Services,2HOA,
Hotels,*HOTEL CHARGES-SHERATON LAGUNA GUAM RESORT / B. TRAVIS,Services,2HOA,
Hotels,*HOTEL CHARGES-SHERATON LAGUNA GUAM RESORT / L. BIRURAKIS JR.,Services,2HOA,
Hotels,*HOTEL CHARGES-SIMPSON BAY RESORT AND MARINA / J. MYERS,Services,2HOA,
Hotels,*HOTEL CHARGES-SONESTA OCEAN POINT RESORT / M. PUCCI / NO SHOW,Services,2HOA,
Hotels,*HOTEL CHARGES-ST PANCRAS RENAISSANCE LONDON / M. FRUMOSU,Services,2HOA,
Hotels,*HOTEL CHARGES-ST PANCRAS RENAISSANCE LONDON / R. SMAGLIK,Services,2HOA,
Hotels,*HOTEL CHARGES-ST PANCRAS RENAISSANCE LONDON / V. HERNANDO MANERA,Services,2HOA,
Hotels,*HOTEL CHARGES-T. ALZANKAWI,Services,2HOA,
Hotels,"*HOTEL CHARGES-T. PALAR, CXLD",Services,2HOA,
Hotels,*HOTEL CHARGES-T. PUCCI,Services,2HOA,
Hotels,*HOTEL CHARGES-T. SAVALIA,Services,2HOA,
Hotels,*HOTEL CHARGES-T. SOUTHARDS / CXL,Services,2HOA,
Hotels,*HOTEL CHARGES-T. STEPHENS,Services,2HOA,
Hotels,*HOTEL CHARGES-TERRASS HOTEL / L. CONCEPCION,Services,2HOA,
Hotels,*HOTEL CHARGES-THE CAPITAL HILTON / A. ALBATEL,Services,2HOA,
Hotels,*HOTEL CHARGES-THE LAKEFRONT ANCHORAGE / F. PATINO,Services,2HOA,
Hotels,*HOTEL CHARGES-THE NAUTILUS HOTEL,Services,2HOA,
Hotels,*HOTEL CHARGES-THE WESTIN PUERTO VALLARTA / J. PLOURDE,Services,2HOA,
Hotels,*HOTEL CHARGES-TOKYO MARRIOTT HOTEL / C. LOUPEE,Services,2HOA,
Hotels,*HOTEL CHARGES-TOKYO MARRIOTT HOTEL / P. SHRYACK,Services,2HOA,
Hotels,*HOTEL CHARGES-TRANSCORP HILTON ABUJA / D. KRUGER,Services,2HOA,
Hotels,*HOTEL CHARGES-TYSONS CORNER MARRIOTT / ABDULWAHAB-ALBATEL / NO SHOW,Services,2HOA,
Hotels,*HOTEL CHARGES-UTENGULE COFFEE LODGE,Services,2HOA,
Hotels,*HOTEL CHARGES-V. GROH,Services,2HOA,
Hotels,*HOTEL CHARGES-V. GROH / FOOD,Services,2HOA,
Hotels,*HOTEL CHARGES-V. HERNANDO,Services,2HOA,
Hotels,*HOTEL CHARGES-V. HERNANDO MANERA,Services,2HOA,
Hotels,*HOTEL CHARGES-V. MANERA,Services,2HOA,
Hotels,*HOTEL CHARGES-V. PEREZ,Services,2HOA,
Hotels,*HOTEL CHARGES-V. PEREZ,Services,2HOA,
Hotels,*HOTEL CHARGES-V. PEREZ / CXLD,Services,2HOA,
Hotels,*HOTEL CHARGES-VELAS VALLARTA RESORT / J. JETCHEV,Services,2HOA,
Hotels,*HOTEL CHARGES-VIP INN BEIRA,Services,2HOA,
Hotels,*HOTEL CHARGES-VLLB,Services,2HOA,
Hotels,*HOTEL CHARGES-VLVT,Services,2HOA,
Hotels,*HOTEL CHARGES-WESTIN DALLAS DOWNTOWN / M. PUCCI,Services,2HOA,
Hotels,*HOTEL CHARGES-WESTIN PUERTO VALLARTA / J. PLOURDE,Services,2HOA,
Hotels,*HOTEL CHARGES-WESTIN PUERTO VALLARTA / V. GROH,Services,2HOA,
Hotels,*HOTEL CHARGES-WINGS HOTEL / J. BELTRAN,Services,2HOA,
Hotels,*HOTEL CHARGES-WYMARA RESORT AND VILLAS / P. MARSH,Services,2HOA,
Hotels,*HOTEL CHARGES-X. MENG,Services,2HOA,
Hotels,"*HOTEL CHARGES-X. MENG, LATE CXL",Services,2HOA,
Hotels,*HOTEL CHARGES-X.MENG,Services,2HOA,
Hotels,*HOTEL CHARGES-Y. GUO,Services,2HOA,
Hotels,"*HOTEL CHARGES-Y. GUO, LATE CXL",Services,2HOA,
Hotels,*HOTEL CHARGES-Y. ZHU,Services,2HOA,
Hotels,*HOTEL RESERVATIONS,Services,2HO,
Hotels,*HOTEL RESERVATIONS-PESTANA MIRAMAR SAO TOME,Services,2HO,
Hotels,*LIMOUSINE-FROM HOTEL ARISTON MILAN TO MXP,Services,2LI,
Hotels,*LIMOUSINE-FROM MXP TO HOTEL ARISTON MILAN,Services,2LI,
Hotels,*LIMOUSINE-HOTEL - MXP,Services,2LI,
Hotels,*LIMOUSINE-MXP - HOTEL,Services,2LI,
Hotels,*LIMOUSINE-PASSENGER FBO-HOTEL-FBO,Services,2LI,
Hotels,*SUPERVISION FEES-BUSINESS TRAVEL EXPENSE HOTEL & MEAL,Services,2SV,
Hotels,*SUPERVISION FEES-BUSINESS TRAVEL EXPENSE HOTEL & MEAL,Services,2SV,
Hotels,*SUPERVISION FEES-BUSINESS TRAVEL EXPENSE HOTEL & MEALS,Services,2SV,
Hotels,*SUPERVISION FEES-BUSINESS TRAVEL EXPENSES HOTEL & MEAL,Services,2SV,
Hotels,*SUPERVISION FEES-BUSINESS TRAVEL EXPENSES HOTEL & MEALS,Services,2SV,
Hotels,*SUPERVISION FEES-BUSINESS TRAVEL EXPENSES HOTEL & MEALS,Services,2SV,
Hotels,*TRANSPORTATION - LANDSIDE-JAMES AIRPORT/HOTEL,Services,2TR,
Hotels,*TRANSPORTATION - LANDSIDE-PACHOREK - AIRPORT TO HOTEL,Services,2TR,
Hotels,*TRANSPORTATION - LANDSIDE-PACHOREK - HOTEL TO AIRPORT,Services,2TR,
Hotels,*TRANSPORTATION-AIRPORT-HOTEL-AIRPORT,Services,2TR,
Hotels,*TRANSPORTATION-AIRPORT/HOTEL,Services,2TR,
Hotels,*TRANSPORTATION-AIRPORT/HOTEL PASSENGER,Services,2TR,
Hotels,*TRANSPORTATION-ALBERT HOTEL-AIRPORT,Services,2TR,
Hotels,*TRANSPORTATION-ANDREWS HOTEL/AIRPORT,Services,2TR,
Hotels,*TRANSPORTATION-BERNSTEIN & CANDACE AIRPORT/HOTEL/AIRPORT,Services,2TR,
Hotels,*TRANSPORTATION-BOYD AIRPORT/HOTEL,Services,2TR,
Hotels,*TRANSPORTATION-BOYD HOTEL/AIRPORT,Services,2TR,
Hotels,*TRANSPORTATION-BREZNIK AIRPORT/HOTEL,Services,2TR,
Hotels,*TRANSPORTATION-BREZNIK HOTEL/AIRPORT,Services,2TR,
Hotels,*TRANSPORTATION-BUXTON AIRPORT/HOTEL,Services,2TR,
Hotels,*TRANSPORTATION-BUXTON HOTEL/AIRPORT,Services,2TR,
Hotels,*TRANSPORTATION-CHAZANOW / AIRPORT/HOTEL,Services,2TR,
Hotels,*TRANSPORTATION-CHAZANOW / HOTEL/AIRPORT,Services,2TR,
Hotels,*TRANSPORTATION-CIRNE AIRPORT/HOTEL,Services,2TR,
Hotels,*TRANSPORTATION-COFELL/AIRPORT/HOTEL,Services,2TR,
Hotels,*TRANSPORTATION-COFELL/HOTEL/AIRPORT,Services,2TR,
Hotels,*TRANSPORTATION-COOKSY AIRPORT/HOTEL,Services,2TR,
Hotels,*TRANSPORTATION-COOKSY HOTEL/AIRPORT,Services,2TR,
Hotels,*TRANSPORTATION-CREW FROM HOTEL,Services,2TR,
Hotels,*TRANSPORTATION-CRINE HOTEL/AIRPORT,Services,2TR,
Hotels,*TRANSPORTATION-DEBRUCE AIRPORT/HOTEL,Services,2TR,
Hotels,*TRANSPORTATION-DILME AIRPORT/HOTEL,Services,2TR,
Hotels,*TRANSPORTATION-DILME HOTEL/AIRPORT,Services,2TR,
Hotels,*TRANSPORTATION-DRAGOLOVICH AIRPORT/HOTEL,Services,2TR,
Hotels,*TRANSPORTATION-DUFFY : AIRPORT - HOTEL,Services,2TR,
Hotels,*TRANSPORTATION-DUFFY : HOTEL - AIRPORT,Services,2TR,
Hotels,*TRANSPORTATION-DURY AIRPORT - HOTEL,Services,2TR,
Hotels,*TRANSPORTATION-DURY HOTEL - AIRPORT,Services,2TR,
Hotels,*TRANSPORTATION-ENRIQUEZ AIRPORT/HOTEL,Services,2TR,
Hotels,*TRANSPORTATION-ENRIQUEZ HOTEL/AIRPORT,Services,2TR,
Hotels,*TRANSPORTATION-EVSTIGNEEV & RAHM / HOTEL / AIRPORT,Services,2TR,
Hotels,*TRANSPORTATION-EVSTIGNEEV/RAHM / AIRPORT/HOTEL,Services,2TR,
Hotels,*TRANSPORTATION-GALLEGOS AIRPORT/HOTEL,Services,2TR,
Hotels,*TRANSPORTATION-GALLEGOS HOTEL/AIRPORT,Services,2TR,
Hotels,*TRANSPORTATION-GARAVENTE/HOTEL/AIRPORT,Services,2TR,
Hotels,*TRANSPORTATION-GAZY AIRPORT - HOTEL,Services,2TR,
Hotels,*TRANSPORTATION-GAZY HOTEL - AIRPORT,Services,2TR,
Hotels,*TRANSPORTATION-GRAIN AIRPORT/HOTEL,Services,2TR,
Hotels,*TRANSPORTATION-GRAIN HOTEL/AIRPORT,Services,2TR,
Hotels,*TRANSPORTATION-GREDENBERFG / AIRPORT/HOTEL,Services,2TR,
Hotels,*TRANSPORTATION-GREDENBERG / HOTEL/AIRPORT,Services,2TR,
Hotels,*TRANSPORTATION-HARMS AIRPORT - HOTEL,Services,2TR,
Hotels,*TRANSPORTATION-HARMS HOTEL - AIRPORT,Services,2TR,
Hotels,*TRANSPORTATION-HAUSMANN AIRPORT/HOTEL,Services,2TR,
Hotels,*TRANSPORTATION-HAUSMANN HOTEL/AIRPORT,Services,2TR,
Hotels,*TRANSPORTATION-HAUSMANN-AIRPORT TO HOTEL,Services,2TR,
Hotels,*TRANSPORTATION-HELGESON AIRPORT/HOTEL,Services,2TR,
Hotels,*TRANSPORTATION-HELGESON HOTEL/AIRPORT,Services,2TR,
Hotels,*TRANSPORTATION-HERNANDO / AIRPORT/HOTEL,Services,2TR,
Hotels,*TRANSPORTATION-HERRERA AIRPORT/HOTEL,Services,2TR,
Hotels,*TRANSPORTATION-HILLIER - AIRPORT TO HOTEL,Services,2TR,
Hotels,*TRANSPORTATION-HILLIER - AIRPORT TO HOTEL,Services,2TR,
Hotels,*TRANSPORTATION-HOLLANAGLE-AIRPORT-HOTEL,Services,2TR,
Hotels,*TRANSPORTATION-HOLLANAGLE-HOTEL-AIRPORT,Services,2TR,
Hotels,*TRANSPORTATION-HOTEL,Services,2TR,
Hotels,*TRANSPORTATION-HOTEL TRANSFURES,Services,2TR,
Hotels,*TRANSPORTATION-HOTEL/AIRPORT,Services,2TR,
Hotels,*TRANSPORTATION-HOTEL/AIRPORT MAIN TERMINAL,Services,2TR,
Hotels,*TRANSPORTATION-HOTEL/AIRPORT PASSENGER,Services,2TR,
Hotels,*TRANSPORTATION-HOTEL/HOTEL PASSENGER,Services,2TR,
Hotels,*TRANSPORTATION-JAVAMAN-POPE ARMY TO HOTEL,Services,2TR,
Hotels,*TRANSPORTATION-KAZMER - AIRPORT TO HOTEL,Services,2TR,
Hotels,*TRANSPORTATION-KAZMER - HOTEL TO AIRPORT,Services,2TR,
Hotels,*TRANSPORTATION-KOHLER GAR CGN - HOTEL,Services,2TR,
Hotels,*TRANSPORTATION-KOHLER HOTEL-AIRPORT,Services,2TR,
Hotels,*TRANSPORTATION-KORAN : AIRPORT - HOTEL,Services,2TR,
Hotels,*TRANSPORTATION-KORAN : HOTEL - AIRPORT,Services,2TR,
Hotels,*TRANSPORTATION-KREIDLER AIRPORT/HOTEL,Services,2TR,
Hotels,*TRANSPORTATION-KREIDLER HOTEL/AIRPORT,Services,2TR,
Hotels,*TRANSPORTATION-KRISHMAN / AIRPORT/HOTEL,Services,2TR,
Hotels,*TRANSPORTATION-KRUGER - HOTEL TO AIRPORT,Services,2TR,
Hotels,*TRANSPORTATION-KRUGER / HOTEL/AIRPORT,Services,2TR,
Hotels,*TRANSPORTATION-LEONHARDT AIRPORT - HOTEL,Services,2TR,
Hotels,*TRANSPORTATION-LEONHARDT HOTEL - AIRPORT,Services,2TR,
Hotels,*TRANSPORTATION-LEONHARDT-AIRPORT TO HOTEL,Services,2TR,
Hotels,*TRANSPORTATION-LEONHARDT-HOTEL TO AIRPORT,Services,2TR,
Hotels,*TRANSPORTATION-LIMO TO ARISTON HOTEL MI/WAITING,Services,2TR,
Hotels,*TRANSPORTATION-LIMOUSINE - FROM HOTEL ARISTON,Services,2TR,
Hotels,*TRANSPORTATION-LIMOUSINE - TO HOTEL ARISON,Services,2TR,
Hotels,*TRANSPORTATION-LUNEAU / AIRPORT/HOTEL,Services,2TR,
Hotels,*TRANSPORTATION-LUNEAU / HOTEL/AIRPORT,Services,2TR,
Hotels,*TRANSPORTATION-MANCINELLI - AIRPORT TO HOTEL,Services,2TR,
Hotels,*TRANSPORTATION-MANGEOT HOTEL/AIRPORT,Services,2TR,
Hotels,*TRANSPORTATION-MANGRUM : HOTEL - AIRPORT,Services,2TR,
Hotels,*TRANSPORTATION-MANGRUM: AIRPORT - HOTEL,Services,2TR,
Hotels,*TRANSPORTATION-MANN AIRPORT/HOTEL,Services,2TR,
Hotels,*TRANSPORTATION-MANN HOTEL/AIRPORT,Services,2TR,
Hotels,*TRANSPORTATION-MARIA LIMO SERVICE / TO & FROM HOTEL,Services,2TR,
Hotels,*TRANSPORTATION-MAYES AIRPORT-HOTEL,Services,2TR,
Hotels,*TRANSPORTATION-MILTON-HOTEL-AIRPORT,Services,2TR,
Hotels,*TRANSPORTATION-MONTERO AIRPORT/HOTEL,Services,2TR,
Hotels,*TRANSPORTATION-O'BRIEN - FROM AIRPORT TO HOTEL,Services,2TR,
Hotels,*TRANSPORTATION-O'BRIEN - FROM HOTEL TO AIRPORT,Services,2TR,
Hotels,*TRANSPORTATION-PARK AIRPORT/HOTEL,Services,2TR,
Hotels,*TRANSPORTATION-PARK HOTEL/AIRPORT,Services,2TR,
Hotels,*TRANSPORTATION-PASSENGER TRANSPORTATION AIRPORT TO HOTEL,Services,2TR,
Hotels,*TRANSPORTATION-PASSENGER TRANSPORTATION HOTEL TO AIRPORT,Services,2TR,
Hotels,*TRANSPORTATION-PETROLLO / AIRPORT/HOTEL,Services,2TR,
Hotels,*TRANSPORTATION-PETROLLO / HOTEL/AIRPORT,Services,2TR,
Hotels,*TRANSPORTATION-PEUGOT - FROM AIRPORT TO HOTEL,Services,2TR,
Hotels,*TRANSPORTATION-PEUGOT - FROM HOTEL TO AIRPORT,Services,2TR,
Hotels,*TRANSPORTATION-PRAY AIRPORT-HOTEL,Services,2TR,
Hotels,*TRANSPORTATION-PRAY HOTEL-AIRPORT,Services,2TR,
Hotels,*TRANSPORTATION-PUCCI / HOTEL/AIRORT,Services,2TR,
Hotels,*TRANSPORTATION-RAY AIRPORT/HOTEL,Services,2TR,
Hotels,*TRANSPORTATION-RAY HOTEL/AIRPORT,Services,2TR,
Hotels,*TRANSPORTATION-RING : AIRPORT - HOTEL,Services,2TR,
Hotels,*TRANSPORTATION-RING : HOTEL - AIRPORT,Services,2TR,
Hotels,*TRANSPORTATION-RING-AIRPORT TO HOTEL,Services,2TR,
Hotels,*TRANSPORTATION-RING-HOTEL TO AIRPORT,Services,2TR,
Hotels,*TRANSPORTATION-RING-HOTEL TO AIRPORT,Services,2TR,
Hotels,*TRANSPORTATION-RING: AIRPORT - HOTEL,Services,2TR,
Hotels,*TRANSPORTATION-ROUTS-HOTEL TO AIRPORT,Services,2TR,
Hotels,*TRANSPORTATION-ROUTS-HOTEL TO AS DIRECTED,Services,2TR,
Hotels,*TRANSPORTATION-SCHAFFER AIRPORT-HOTEL,Services,2TR,
Hotels,*TRANSPORTATION-SCHAFFER HOTEL-AIRPORT,Services,2TR,
Hotels,*TRANSPORTATION-SEARCY AIRPORT/HOTEL,Services,2TR,
Hotels,*TRANSPORTATION-SMITH AIRPORT-HOTEL,Services,2TR,
Hotels,*TRANSPORTATION-SMITH-AIRPORT TO HOTEL,Services,2TR,
Hotels,*TRANSPORTATION-SOBELMAN AIRPORT/HOTEL,Services,2TR,
Hotels,*TRANSPORTATION-SOBELMAN HOTEL/AIRPORT,Services,2TR,
Hotels,*TRANSPORTATION-SOUTHERN-AIRPORT TO HOTEL,Services,2TR,
Hotels,*TRANSPORTATION-SOUTHERN-HOTEL-AIRPORT,Services,2TR,
Hotels,*TRANSPORTATION-SOWIEJA AIRPORT/HOTEL,Services,2TR,
Hotels,*TRANSPORTATION-SOWIEJA HOTEL/AIRPORT,Services,2TR,
Hotels,*TRANSPORTATION-SOWIEJA HOTEL/AS DIRECTED,Services,2TR,
Hotels,*TRANSPORTATION-STEPHEN AIRPORT/HOTEL,Services,2TR,
Hotels,*TRANSPORTATION-STEPHEN HOTEL/AIRPORT,Services,2TR,
Hotels,*TRANSPORTATION-TAHER / AIRPORT/HOTEL,Services,2TR,
Hotels,*TRANSPORTATION-TAHER / HOTEL/AIRPORT,Services,2TR,
Hotels,*TRANSPORTATION-TAHER AIRPORT/HOTEL,Services,2TR,
Hotels,*TRANSPORTATION-TAHER HOTEL/AIRPORT,Services,2TR,
Hotels,*TRANSPORTATION-TAHER/AIRPORT/HOTEL,Services,2TR,
Hotels,*TRANSPORTATION-TAHER/HOTEL/AIRPORT,Services,2TR,
Hotels,*TRANSPORTATION-THOMAS AIRPORT/HOTEL,Services,2TR,
Hotels,*TRANSPORTATION-THOMAS HOTEL/AIRPORT,Services,2TR,
Hotels,*TRANSPORTATION-TIPSWORD & MUTH - FROM AIRPORT TO HOTEL,Services,2TR,
Hotels,*TRANSPORTATION-TIPSWORD & MUTH - FROM HOTEL TO AIRPORT,Services,2TR,
Hotels,*TRANSPORTATION-TO HOTEL,Services,2TR,
Hotels,*TRANSPORTATION-TO/FROM HOTEL,Services,2TR,
Hotels,*TRANSPORTATION-TURLEY AIRPORT-HOTEL,Services,2TR,
Hotels,*TRANSPORTATION-TURLEY HOTEL-AIRPORT,Services,2TR,
Hotels,*TRANSPORTATION-UCCI / AIRPORT/HOTEL,Services,2TR,
Hotels,*TRANSPORTATION-VAFIN- FROM AIRPORT TO HOTEL,Services,2TR,
Hotels,*TRANSPORTATION-VILLEZCAS AIRPORT/HOTEL,Services,2TR,
Hotels,*TRANSPORTATION-VILLEZCAS HOTEL/AIRPORT,Services,2TR,
Hotels,*TRANSPORTATION-VOORHEES / AIIRPORT/HOTEL,Services,2TR,
Hotels,*TRANSPORTATION-VOORHEES / HOTEL/AIRPORT,Services,2TR,
Hotels,*TRANSPORTATION-VOORHEES AIRPORT/HOTEL,Services,2TR,
Hotels,*TRANSPORTATION-VOORHEES HOTEL/AIRPORT,Services,2TR,
Hotels,*TRANSPORTATION-WATKINS / AIRPORT/HOTEL,Services,2TR,
Hotels,*TRANSPORTATION-WATKINS / HOTEL/AIRPORT,Services,2TR,
Hotels,*TRANSPORTATION-WINTER-AIRPORT TO HOTEL,Services,2TR,
Hotels,*TRANSPORTATION-WINTER-HOTEL TO AIRPORT,Services,2TR,
Hotels,*TRANSPORTATION-YEUNG HOTEL/AIRPORT,Services,2TR,
Hotels,*TRANSPORTATION-ZIEGLER-AIRPORT TO HOTEL,Services,2TR,
Hotels,*TRANSPORTATION-ZIEGLER-HOTEL-AIRPORT,Services,2TR,
Hotels,CREW HOTEL RESERVATION,Services,1HO,
Hotels,CREW HOTEL RESERVATION-3/25/MARRIOTT,Services,1HO,
Hotels,CREW HOTEL RESERVATION-AC BY MARRIOTT HOTEL CUZCO,Services,1HO,
Hotels,CREW HOTEL RESERVATION-ACCOR HOTEL SENEGAL,Services,1HO,
Hotels,CREW HOTEL RESERVATION-AEROTEL T3 LONDON HEATHROW,Services,1HO,
Hotels,CREW HOTEL RESERVATION-ALOFT CANCUN,Services,1HO,
Hotels,CREW HOTEL RESERVATION-ALOFT DUBAI SOUTH,Services,1HO,
Hotels,CREW HOTEL RESERVATION-ALOFT LONDON EXCEL,Services,1HO,
Hotels,CREW HOTEL RESERVATION-ANTIGUA VILLAGE CONDOMINIUM,Services,1HO,
Hotels,CREW HOTEL RESERVATION-ARICA LTDA,Services,1HO,
Hotels,CREW HOTEL RESERVATION-ARISTON,Services,1HO,
Hotels,CREW HOTEL RESERVATION-ARISTON HOTEL,Services,1HO,
Hotels,CREW HOTEL RESERVATION-ASCOTT RAFAL OLAYA RIYADH,Services,1HO,
Hotels,CREW HOTEL RESERVATION-AVID HOTEL ORLANDO INTERNATIONAL AIRPORT,Services,1HO,
Hotels,CREW HOTEL RESERVATION-AVID HOTELS ORLANDO INTERNATIONAL AIRPORT,Services,1HO,
Hotels,CREW HOTEL RESERVATION-BARCELO KARMINA,Services,1HO,
Hotels,CREW HOTEL RESERVATION-BELAIR BEACH HOTEL,Services,1HO,
Hotels,CREW HOTEL RESERVATION-BEST WESTERN HOTEL FINIS TERRAE,Services,1HO,
Hotels,CREW HOTEL RESERVATION-BEST WESTERN METRO CLARK,Services,1HO,
Hotels,CREW HOTEL RESERVATION-BOM BOM PRINCIPE,Services,1HO,
Hotels,CREW HOTEL RESERVATION-BOUTIQUE HOTEL PESCADOR,Services,1HO,
Hotels,CREW HOTEL RESERVATION-BUCCANEER HISTORIC HOTEL,Services,1HO,
Hotels,CREW HOTEL RESERVATION-CANOUAN ESTATE,Services,1HO,
Hotels,CREW HOTEL RESERVATION-CASTLE HILO HAWAIIAN HOTEL,Services,1HO,
Hotels,CREW HOTEL RESERVATION-CHARMING BLUE,Services,1HO,
Hotels,CREW HOTEL RESERVATION-COLONNADE CORAL GABLES,Services,1HO,
Hotels,CREW HOTEL RESERVATION-CONRAD ALGARVE,Services,1HO,
Hotels,CREW HOTEL RESERVATION-CORAL HOTEL,Services,1HO,
Hotels,CREW HOTEL RESERVATION-COURTYARD BRIDGETOWN BARBADOS,Services,1HO,
Hotels,CREW HOTEL RESERVATION-COURTYARD BY MARRIOTT BERLIN CITY CENTER,Services,1HO,
Hotels,CREW HOTEL RESERVATION-COURTYARD CANCUN AIRPORT,Services,1HO,
Hotels,CREW HOTEL RESERVATION-COURTYARD GLEN ALLEN MARRIOTT,Services,1HO,
Hotels,CREW HOTEL RESERVATION-COURTYARD GUAYAQUIL,Services,1HO,
Hotels,CREW HOTEL RESERVATION-COURTYARD ISLA VERD MARRIOTT,Services,1HO,
Hotels,CREW HOTEL RESERVATION-COURTYARD LUTON,Services,1HO,
Hotels,CREW HOTEL RESERVATION-COURTYARD MARRIOTT LUTON AIRPORT,Services,1HO,
Hotels,CREW HOTEL RESERVATION-COURTYARD MIAMI AIRPORT WEST/DORAL,Services,1HO,
Hotels,CREW HOTEL RESERVATION-COURTYARD NASSAU,Services,1HO,
Hotels,CREW HOTEL RESERVATION-COURTYARD OXFORD CITY CENTRE,Services,1HO,
Hotels,CREW HOTEL RESERVATION-COURTYARD PORTSMOUTH MARRIOTT,Services,1HO,
Hotels,CREW HOTEL RESERVATION-COURTYARD RICHMOND NORTH / GLEN ALLEN,Services,1HO,
Hotels,CREW HOTEL RESERVATION-COURTYARD TOLUCA AIRPORT,Services,1HO,
Hotels,CREW HOTEL RESERVATION-CROWNE PLAZA AMSTERDAM,Services,1HO,
Hotels,CREW HOTEL RESERVATION-CROWNE PLAZA ATHENS CITY CENTERE,Services,1HO,
Hotels,CREW HOTEL RESERVATION-CROWNE PLAZA ATHENS CITYCENTRE,Services,1HO,
Hotels,CREW HOTEL RESERVATION-CROWNE PLAZA MIDTOWN MANHATTAN,Services,1HO,
Hotels,CREW HOTEL RESERVATION-CROWNE PLAZA PANAMA AIRPORT,Services,1HO,
Hotels,CREW HOTEL RESERVATION-DALLAS MARRIOTT DOWNTOWN,Services,1HO,
Hotels,CREW HOTEL RESERVATION-DAN HOTEL EILAT,Services,1HO,
Hotels,CREW HOTEL RESERVATION-DIEGO DE ALMAGRO PUNTA ARENAS,Services,1HO,
Hotels,CREW HOTEL RESERVATION-DOUBLETREE BY HILTON GLASGOW CENTRAL,Services,1HO,
Hotels,CREW HOTEL RESERVATION-DOUBLETREE BY HILTON SAN JUAN,Services,1HO,
Hotels,CREW HOTEL RESERVATION-DOUBLETREE BY HLITON GLASGOW CENTRAL,Services,1HO,
Hotels,CREW HOTEL RESERVATION-DOUBLETREE HILTON NTHBRIDGE,Services,1HO,
Hotels,CREW HOTEL RESERVATION-DREAMS PALM BEACH PUNTA CANA,Services,1HO,
Hotels,CREW HOTEL RESERVATION-DRURY INN,Services,1HO,
Hotels,CREW HOTEL RESERVATION-DRURY INN & SUITES ATLANTA AIRPORT,Services,1HO,
Hotels,CREW HOTEL RESERVATION-EMERALD BEACH RESORT,Services,1HO,
Hotels,CREW HOTEL RESERVATION-EPIC SANA LUANDA,Services,1HO,
Hotels,CREW HOTEL RESERVATION-FESTIVA ATIRUM BEACH RESORT AND SPA,Services,1HO,
Hotels,CREW HOTEL RESERVATION-FLAMINGO BEACH RESORT & SPA,Services,1HO,
Hotels,CREW HOTEL RESERVATION-FORT LAUDERDALE MARRIOTT NORTH,Services,1HO,
Hotels,CREW HOTEL RESERVATION-FOUR POINTS BY SHERATON VANCOUVER AIRPOR,Services,1HO,
Hotels,CREW HOTEL RESERVATION-FRIENDSHIP HOTEL,Services,1HO,
Hotels,CREW HOTEL RESERVATION-FROBISHER INN,Services,1HO,
Hotels,CREW HOTEL RESERVATION-GRAND CAYMANIAN RESORT,Services,1HO,
Hotels,CREW HOTEL RESERVATION-GRAND HYATT BAHA MAR,Services,1HO,
Hotels,CREW HOTEL RESERVATION-GREAT CUMBERLAND PLACE,Services,1HO,
Hotels,CREW HOTEL RESERVATION-GROTTO BAY BEACH RESORT AND SPA,Services,1HO,
Hotels,CREW HOTEL RESERVATION-HAMPTON BY HILTON LONDON LUTON AIRPORT,Services,1HO,
Hotels,CREW HOTEL RESERVATION-HERITAGE PARK HOTEL,Services,1HO,
Hotels,CREW HOTEL RESERVATION-HILTON BRITISH COLONIAL NASSAU,Services,1HO,
Hotels,CREW HOTEL RESERVATION-HILTON GARDEN INN DOVER,Services,1HO,
Hotels,CREW HOTEL RESERVATION-HILTON GARDEN INN GABORONE,Services,1HO,
Hotels,CREW HOTEL RESERVATION-HILTON GARDEN INN ROME CLARIDGE,Services,1HO,
Hotels,CREW HOTEL RESERVATION-HILTON GDANSK,Services,1HO,
Hotels,CREW HOTEL RESERVATION-HILTON GUATEMALA CITY,Services,1HO,
Hotels,CREW HOTEL RESERVATION-HILTON HURGHADA PLAZA,Services,1HO,
Hotels,CREW HOTEL RESERVATION-HILTON PALACIO DEL RIO,Services,1HO,
Hotels,CREW HOTEL RESERVATION-HOLIDAY INN EXP STES ST JOHNS A,Services,1HO,
Hotels,CREW HOTEL RESERVATION-HOLIDAY INN GATEWAY,Services,1HO,
Hotels,CREW HOTEL RESERVATION-HOLIDAY INN LOS CABOS ALL-INCL,Services,1HO,
Hotels,CREW HOTEL RESERVATION-HOLIDAY INN MAURITIUS MON TRESOR,Services,1HO,
Hotels,CREW HOTEL RESERVATION-HOLIDAY INN MUNICH - CITY CENTRE,Services,1HO,
Hotels,CREW HOTEL RESERVATION-HOLIDAY INN RESORT,Services,1HO,
Hotels,CREW HOTEL RESERVATION-HOLIDAY INN RESORT GRAND,Services,1HO,
Hotels,CREW HOTEL RESERVATION-HOLIDAY INN RESORT GRAND CAYMAN,Services,1HO,
Hotels,CREW HOTEL RESERVATION-HOMEWOOD SUITES ORLANDO/INTERNATIONAL DRIVE/CONVEN,Services,1HO,
Hotels,CREW HOTEL RESERVATION-HOTEL 2 FEVRIER,Services,1HO,
Hotels,CREW HOTEL RESERVATION-HOTEL ARISTEN,Services,1HO,
Hotels,CREW HOTEL RESERVATION-HOTEL ARISTON,Services,1HO,
Hotels,CREW HOTEL RESERVATION-HOTEL BRAVIA OUAGADOUGOU,Services,1HO,
Hotels,CREW HOTEL RESERVATION-HOTEL DEL PARQUE,Services,1HO,
Hotels,CREW HOTEL RESERVATION-HOTEL DIAMANTE,Services,1HO,
Hotels,CREW HOTEL RESERVATION-HOTEL ONOMO,Services,1HO,
Hotels,CREW HOTEL RESERVATION-HOTEL PORTO SANTO,Services,1HO,
Hotels,CREW HOTEL RESERVATION-HOTEL SANTA MARIA,Services,1HO,
Hotels,CREW HOTEL RESERVATION-HOTEL VERDE,Services,1HO,
Hotels,CREW HOTEL RESERVATION-HOTEL WBF GRANDE ASAHIKAWA,Services,1HO,
Hotels,CREW HOTEL RESERVATION-HOUSTON MARRIOTT SOUTH AT HOBBY AIRPORT,Services,1HO,
Hotels,CREW HOTEL RESERVATION-HOYO HOYO,Services,1HO,
Hotels,CREW HOTEL RESERVATION-HYATT PLACE ARUBA AIRPORT,Services,1HO,
Hotels,CREW HOTEL RESERVATION-HYATT PLACE LA PAZ,Services,1HO,
Hotels,CREW HOTEL RESERVATION-HYATT REGENCY WAIKIKI BEACH RESORT,Services,1HO,
Hotels,CREW HOTEL RESERVATION-IBEROSTAR SELECTION CANCUN,Services,1HO,
Hotels,CREW HOTEL RESERVATION-IBIS DOUALA HOTEL,Services,1HO,
Hotels,CREW HOTEL RESERVATION-INTERCONTINENTAL HOTEL MALTA,Services,1HO,
Hotels,CREW HOTEL RESERVATION-INTERCONTINENTAL LJUBLJANA,Services,1HO,
Hotels,CREW HOTEL RESERVATION-INTERCONTINENTAL LUSAKA,Services,1HO,
Hotels,CREW HOTEL RESERVATION-INTERCONTINENTAL OR TAMBO AIRPORT-,Services,1HO,
Hotels,CREW HOTEL RESERVATION-JW MARRIOTT HOTEL MEXICO CITY SANTA FE,Services,1HO,
Hotels,CREW HOTEL RESERVATION-JW MARRIOTT LAS VEGAS,Services,1HO,
Hotels,CREW HOTEL RESERVATION-JW MARRIOTT LOS CABOS RESORT,Services,1HO,
Hotels,CREW HOTEL RESERVATION-JW MARRIOTT MARQUIS DUBAI,Services,1HO,
Hotels,CREW HOTEL RESERVATION-KIRIMIZI HOTEL,Services,1HO,
Hotels,CREW HOTEL RESERVATION-KUALA LAMPUR,Services,1HO,
Hotels,CREW HOTEL RESERVATION-LA TOUBANA HOTEL & SPA,Services,1HO,
Hotels,CREW HOTEL RESERVATION-LA VUE BOUTIQUE HOTEL,Services,1HO,
Hotels,CREW HOTEL RESERVATION-LAPLAND HOTEL RIEKONLINNA,Services,1HO,
Hotels,CREW HOTEL RESERVATION-LAPLAND HOTEL RIENKONLINNA,Services,1HO,
Hotels,CREW HOTEL RESERVATION-LE MERIDIEN PICCADILLY,Services,1HO,
Hotels,CREW HOTEL RESERVATION-LEGEND HOTEL AIRPORT  CURIO BY HILTON,Services,1HO,
Hotels,CREW HOTEL RESERVATION-LES ACACIAS,Services,1HO,
Hotels,CREW HOTEL RESERVATION-LES OLIVIERS PALACE,Services,1HO,
Hotels,CREW HOTEL RESERVATION-LIFESTYLE TROPICAL BEACH RESORT AND SPA,Services,1HO,
Hotels,CREW HOTEL RESERVATION-MARGARITAVILLE BEACH RESORT,Services,1HO,
Hotels,CREW HOTEL RESERVATION-MARRIOTT COURTYARD ISLA VERD,Services,1HO,
Hotels,CREW HOTEL RESERVATION-MARRIOTT DALLAS DOWNTOWN,Services,1HO,
Hotels,CREW HOTEL RESERVATION-MARRIOTT DALLAS FORT WORTH AIRPORT,Services,1HO,
Hotels,CREW HOTEL RESERVATION-MARRIOTT HOUSTON IAH AIRPORT,Services,1HO,
Hotels,CREW HOTEL RESERVATION-MARRIOTT HURGHADA BEACH RESORT,Services,1HO,
Hotels,CREW HOTEL RESERVATION-MARRIOTT LONDON HEATHROW AIRPORT,Services,1HO,
Hotels,CREW HOTEL RESERVATION-MARRIOTT OPERA AMBASSADOR HOTEL PARIS,Services,1HO,
Hotels,CREW HOTEL RESERVATION-MARRIOTT PUERTO VALLARTA RESORT & SPA,Services,1HO,
Hotels,CREW HOTEL RESERVATION-MARRIOTT RESIDENCE INN NASHVILLE,Services,1HO,
Hotels,CREW HOTEL RESERVATION-MARRIOTT RIYADH,Services,1HO,
Hotels,CREW HOTEL RESERVATION-MARRIOTT TYSON,Services,1HO,
Hotels,CREW HOTEL RESERVATION-MARRIOTT VAC CLUB FRENCHMANS,Services,1HO,
Hotels,CREW HOTEL RESERVATION-MARSHALL ISLANDS RESORT,Services,1HO,
Hotels,CREW HOTEL RESERVATION-MERCURE PARIS LE BOURGET,Services,1HO,
Hotels,CREW HOTEL RESERVATION-MIDRAND CONFERENCE CENTRE,Services,1HO,
Hotels,CREW HOTEL RESERVATION-MOVENPICK,Services,1HO,
Hotels,CREW HOTEL RESERVATION-MOVENPICK GENEVA HOTEL AND CASINO,Services,1HO,
Hotels,CREW HOTEL RESERVATION-NAHA TOKYU REI HOTEL,Services,1HO,
Hotels,CREW HOTEL RESERVATION-NAUTILUS HOTEL,Services,1HO,
Hotels,CREW HOTEL RESERVATION-NORTH TWO HOTEL,Services,1HO,
Hotels,CREW HOTEL RESERVATION-NOVOTEL DAKAR,Services,1HO,
Hotels,CREW HOTEL RESERVATION-NOVOTEL PORTO ALEGRE AEROPORTO,Services,1HO,
Hotels,CREW HOTEL RESERVATION-OCCIDENTAL CARIBE,Services,1HO,
Hotels,CREW HOTEL RESERVATION-OCEAN BLUE & SAND,Services,1HO,
Hotels,CREW HOTEL RESERVATION-OYSTER BAY BEACH RESORT,Services,1HO,
Hotels,CREW HOTEL RESERVATION-O?SIS ATL?NTICO HOT?IS BELORIZONTE/SALINAS,Services,1HO,
Hotels,CREW HOTEL RESERVATION-PARK INN BY RADISSON SHANNON AIRPORT,Services,1HO,
Hotels,CREW HOTEL RESERVATION-PARK INN SHANNON AIRPORT,Services,1HO,
Hotels,CREW HOTEL RESERVATION-PARK VUE HOTEL,Services,1HO,
Hotels,CREW HOTEL RESERVATION-PESTANA SAO TOME HOTEL,Services,1HO,
Hotels,CREW HOTEL RESERVATION-PESTANA TROPICO,Services,1HO,
Hotels,CREW HOTEL RESERVATION-PLAZA HOTEL IN TIRANA,Services,1HO,
Hotels,CREW HOTEL RESERVATION-POINT GRACE RESORT,Services,1HO,
Hotels,CREW HOTEL RESERVATION-PORTS OF CALL,Services,1HO,
Hotels,CREW HOTEL RESERVATION-PORTS OF CALL RESORT,Services,1HO,
Hotels,CREW HOTEL RESERVATION-RADISSON BLU,Services,1HO,
Hotels,CREW HOTEL RESERVATION-RADISSON BLU HOTEL,Services,1HO,
Hotels,CREW HOTEL RESERVATION-RADISSON BLU MILAN,Services,1HO,
Hotels,CREW HOTEL RESERVATION-RADISSON BLU RESORT GALZIGNANO,Services,1HO,
Hotels,CREW HOTEL RESERVATION-RADISSON COLLECTION MUSCAT HORMUZ GRAND,Services,1HO,
Hotels,CREW HOTEL RESERVATION-RADISSON GRENADA,Services,1HO,
Hotels,CREW HOTEL RESERVATION-RADISSON GRENADA BEACH RESORT,Services,1HO,
Hotels,CREW HOTEL RESERVATION-RADISSON HOTEL TRINIDAD,Services,1HO,
Hotels,CREW HOTEL RESERVATION-RADISSON LUCKNOW CITYCENTRE,Services,1HO,
Hotels,CREW HOTEL RESERVATION-RADISSSON BLUE PARK HOTEL ATHENS,Services,1HO,
Hotels,CREW HOTEL RESERVATION-REFLECT KRYSTAL GRAND LOS CABOS,Services,1HO,
Hotels,CREW HOTEL RESERVATION-RENAISSANCE ST PANCRAS HOTEL,Services,1HO,
Hotels,CREW HOTEL RESERVATION-RESIDENCE INN AIRPORT MARRIOTT,Services,1HO,
Hotels,CREW HOTEL RESERVATION-RESIDENCE INN PADUCAH,Services,1HO,
Hotels,CREW HOTEL RESERVATION-REVISION,Services,1HO,
Hotels,CREW HOTEL RESERVATION-REVISION-ARICA LTDA,Services,1HO,
Hotels,CREW HOTEL RESERVATION-REVISION-ARISTON HOTEL,Services,1HO,
Hotels,CREW HOTEL RESERVATION-REVISION-CANOUAN ESTATE,Services,1HO,
Hotels,CREW HOTEL RESERVATION-REVISION-CONRAD ALGARVE,Services,1HO,
Hotels,CREW HOTEL RESERVATION-REVISION-COURTYARD BY MARRIOTT BERLIN CITY CENTER,Services,1HO,
Hotels,CREW HOTEL RESERVATION-REVISION-CROWNE PLAZA PANAMA AIRPORT,Services,1HO,
Hotels,CREW HOTEL RESERVATION-REVISION-DOUBLETREE BY HILTON GLASGOW CENTRAL,Services,1HO,
Hotels,CREW HOTEL RESERVATION-REVISION-DOUBLETREE GLASGOW CENTRAL,Services,1HO,
Hotels,CREW HOTEL RESERVATION-REVISION-FRIENDSHIP HOTEL,Services,1HO,
Hotels,CREW HOTEL RESERVATION-REVISION-HAMPTON BY HILTON LONDON STANSTED AIRPORT,Services,1HO,
Hotels,CREW HOTEL RESERVATION-REVISION-HAMPTON INN AND SUITES ST JOHNS AIRPORT,Services,1HO,
Hotels,CREW HOTEL RESERVATION-REVISION-HERITAGE PARK HOTEL,Services,1HO,
Hotels,CREW HOTEL RESERVATION-REVISION-HILTON CAPITAL,Services,1HO,
Hotels,CREW HOTEL RESERVATION-REVISION-HILTON PALACIO DEL RIO,Services,1HO,
Hotels,CREW HOTEL RESERVATION-REVISION-HOLIDAY INN LOS CABOS,Services,1HO,
Hotels,CREW HOTEL RESERVATION-REVISION-HOTEL ARISTON,Services,1HO,
Hotels,CREW HOTEL RESERVATION-REVISION-HOTEL ONOMO,Services,1HO,
Hotels,CREW HOTEL RESERVATION-REVISION-HOTEL SANTA MARIA,Services,1HO,
Hotels,CREW HOTEL RESERVATION-REVISION-HYATT REGENCY TYSONS CORNER,Services,1HO,
Hotels,CREW HOTEL RESERVATION-REVISION-HYATT REGENCY WAIKIKI BEACH RESORT,Services,1HO,
Hotels,CREW HOTEL RESERVATION-REVISION-JW MARRIOTT HOTEL QUITO,Services,1HO,
Hotels,CREW HOTEL RESERVATION-REVISION-LA VUE BOUTIQUE HOTEL,Services,1HO,
Hotels,CREW HOTEL RESERVATION-REVISION-MARGARITAVILLE BEACH RESORT,Services,1HO,
Hotels,CREW HOTEL RESERVATION-REVISION-MARRIOTT EXECUTIVE APARTMENTS-FINISTERRE,Services,1HO,
Hotels,CREW HOTEL RESERVATION-REVISION-MARSHALL ISLANDS RESORT,Services,1HO,
Hotels,CREW HOTEL RESERVATION-REVISION-MERCURE KINABALU CITY CENTRE,Services,1HO,
Hotels,CREW HOTEL RESERVATION-REVISION-MOVENPICK ANKARA,Services,1HO,
Hotels,CREW HOTEL RESERVATION-REVISION-OCCIDENTAL CARIBE,Services,1HO,
Hotels,CREW HOTEL RESERVATION-REVISION-PARK VUE HOTEL,Services,1HO,
Hotels,CREW HOTEL RESERVATION-REVISION-PESTANA TROPICO,Services,1HO,
Hotels,CREW HOTEL RESERVATION-REVISION-PORTS OF CALL,Services,1HO,
Hotels,CREW HOTEL RESERVATION-REVISION-SHERATON KONA AT KEAUHOU BAY,Services,1HO,
Hotels,CREW HOTEL RESERVATION-REVISION-SHERATON LAGOS,Services,1HO,
Hotels,CREW HOTEL RESERVATION-REVISION-SHERATON TYSONS,Services,1HO,
Hotels,CREW HOTEL RESERVATION-REVISION-SILKEN ALFONSO X,Services,1HO,
Hotels,CREW HOTEL RESERVATION-REVISION-ST PANCRAS RENAISSANCE LONDON,Services,1HO,
Hotels,CREW HOTEL RESERVATION-REVISION-SUNSCAPE SPLASH MONTEGO BAY,Services,1HO,
Hotels,CREW HOTEL RESERVATION-REVISION-VALMENIERE,Services,1HO,
Hotels,CREW HOTEL RESERVATION-REVISION-WYNDHAM GARDEN GUAM,Services,1HO,
Hotels,CREW HOTEL RESERVATION-RIU PALACE,Services,1HO,
Hotels,CREW HOTEL RESERVATION-RIYADH AIRPORT MARRIOTT HOTEL,Services,1HO,
Hotels,CREW HOTEL RESERVATION-ROAD LODGE GERMISTON LAKE-,Services,1HO,
Hotels,CREW HOTEL RESERVATION-ROYAL SERVICE AT PARADISUS LOS CABOS,Services,1HO,
Hotels,CREW HOTEL RESERVATION-ROYAL SOLARIUS LOS CABOS ALL INCLUSIVE,Services,1HO,
Hotels,CREW HOTEL RESERVATION-SHERATON ABUJA HOTEL,Services,1HO,
Hotels,CREW HOTEL RESERVATION-SHERATON GRAND HACIENDA DELMAR,Services,1HO,
Hotels,CREW HOTEL RESERVATION-SHERATON JEDDAH,Services,1HO,
Hotels,CREW HOTEL RESERVATION-SHERATON JEDDAH HOTEL,Services,1HO,
Hotels,CREW HOTEL RESERVATION-SHERATON LAGOS,Services,1HO,
Hotels,CREW HOTEL RESERVATION-SHERATON MALPENSA AIRPORT MILAN,Services,1HO,
Hotels,CREW HOTEL RESERVATION-SHERATON ROMA,Services,1HO,
Hotels,CREW HOTEL RESERVATION-SHERATON ZURICH HOTEL PFINGSTWEIDSTRASSE 100,Services,1HO,
Hotels,CREW HOTEL RESERVATION-SILKEN ALFONSO X,Services,1HO,
Hotels,CREW HOTEL RESERVATION-SIMPSON BAY RESORT,Services,1HO,
Hotels,CREW HOTEL RESERVATION-SIMPSON BAY RESORT AND MARINA,Services,1HO,
Hotels,CREW HOTEL RESERVATION-SONESTA MAHO BEACH,Services,1HO,
Hotels,CREW HOTEL RESERVATION-SONESTA MAHO BEACH AI,Services,1HO,
Hotels,CREW HOTEL RESERVATION-SONESTA MAHO BEACH AI RESORT,Services,1HO,
Hotels,CREW HOTEL RESERVATION-ST PANCRAS RENAISSANCE LONDON,Services,1HO,
Hotels,CREW HOTEL RESERVATION-STORNOWAY LODGE-,Services,1HO,
Hotels,CREW HOTEL RESERVATION-SUNSCAPE SPLASH MONTEGO BAY,Services,1HO,
Hotels,CREW HOTEL RESERVATION-TESORO MANZANILLO,Services,1HO,
Hotels,CREW HOTEL RESERVATION-THE H RESORT,Services,1HO,
Hotels,CREW HOTEL RESERVATION-THE HILTON GUATEMALA CITY,Services,1HO,
Hotels,CREW HOTEL RESERVATION-THE NAUTILUS HOTEL,Services,1HO,
Hotels,CREW HOTEL RESERVATION-TOWNEPLACE SUITES AMES,Services,1HO,
Hotels,CREW HOTEL RESERVATION-TOWNEPLACE SUITES SAVANNAH AIRPORT,Services,1HO,
Hotels,CREW HOTEL RESERVATION-TRADE WINDS,Services,1HO,
Hotels,CREW HOTEL RESERVATION-TRADEWINDS HOTEL,Services,1HO,
Hotels,CREW HOTEL RESERVATION-TRANSCORP HILTON ABUJA,Services,1HO,
Hotels,CREW HOTEL RESERVATION-TRANSIT HOTEL DELHI AIRPORT,Services,1HO,
Hotels,CREW HOTEL RESERVATION-TYSONS CORNER MARRIOTT,Services,1HO,
Hotels,CREW HOTEL RESERVATION-UTENGULE COFFEE LODGE,Services,1HO,
Hotels,CREW HOTEL RESERVATION-VALMENIERE,Services,1HO,
Hotels,CREW HOTEL RESERVATION-VIP INN BEIRA,Services,1HO,
Hotels,CREW HOTEL RESERVATION-WARWICK BRUSSELS,Services,1HO,
Hotels,CREW HOTEL RESERVATION-WARWICK PARADISE ISLAND BAHAMAS NASSAU,Services,1HO,
Hotels,CREW HOTEL RESERVATION-WARWICK PARIS,Services,1HO,
Hotels,CREW HOTEL RESERVATION-WESTIN DOWNTOWN DALLAS,Services,1HO,
Hotels,CREW HOTEL RESERVATION-WESTIN RESORT PLAYA CONCHAL,Services,1HO,
Hotels,CREW HOTEL RESERVATION-WYMARA RESORT AND VILLAS,Services,1HO,
Hotels,CREW HOTEL RESERVATION-WYNDHAM COSTA DEL SOL LIMA AIRPORT,Services,1HO,
Hotels,CREW TRANSPORT-ARRIVAL (AIRPORT TO HOTEL),Services,2CT,
Hotels,CREW TRANSPORT-DEPARTURE (HOTEL TO AIRPORT),Services,2CT,
Hotels,HOTEL ARRANGEMENT,Services,6HO,
Hotels,HOTEL ARRANGEMENT - REV-BEST WESTERN CITY HOTEL GODERIE,Services,6HO,
Hotels,HOTEL ARRANGEMENT - REV-IMPERIAL HOTEL OSTRAVA,Services,6HO,
Hotels,HOTEL ARRANGEMENT - REV-TULIP INN BERGEN OP ZOOM,Services,6HO,
Hotels,HOTEL ARRANGEMENT-BEST WESTERN CITY HOTEL GODERIE,Services,6HO,
Hotels,HOTEL ARRANGEMENT-CANDLEWOOD SUITES SAVANNA AIRPORT,Services,6HO,
Hotels,HOTEL ARRANGEMENT-CLAYTON HOTEL MANCHESTER,Services,6HO,
Hotels,HOTEL ARRANGEMENT-COURTYARD BY MARRIOTT MONTPELLIER,Services,6HO,
Hotels,HOTEL ARRANGEMENT-CROWNE PLAZA,Services,6HO,
Hotels,HOTEL ARRANGEMENT-DOUBLE TREE,Services,6HO,
Hotels,HOTEL ARRANGEMENT-FOUR POINTS BY SHERATON NAGOYA,Services,6HO,
Hotels,HOTEL ARRANGEMENT-HOLIDAY INN & SUITES,Services,6HO,
Hotels,HOTEL ARRANGEMENT-HOTEL COMFORT SUITES HISTORIC DISTRICT,Services,6HO,
Hotels,HOTEL ARRANGEMENT-IMPERIAL HOTEL OSTRAVA,Services,6HO,
Hotels,HOTEL ARRANGEMENT-PARK INN,Services,6HO,
Hotels,HOTEL ARRANGEMENT-RENAISSANCE CAIRO MIRAGE CITY,Services,6HO,
Hotels,HOTEL ARRANGEMENT-RESIDENCE INN BY MARRIOTT JACKSONVILLE AIRPORT,Services,6HO,
Hotels,HOTEL ARRANGEMENT-THE WESTIN HYDERABAD MINDSPACE,Services,6HO,
Hotels,HOTEL ARRANGEMENT-TULIP INN BERGEN OP ZOOM,Services,6HO,
Hotels,HOTEL COORDINATION - CREW-HOLIDAY INN ARENAS,Services,1HO,
Hotels,HOTEL COORDINATION - CREW-HOLIDAY INN EXPRESS SUITES HALIFAX AIRPORT,Services,1HO,
Hotels,HOTEL COORDINATION - CREW-RADISSON BLU CAIRO HELIOPOLIS,Services,1HO,
Hotels,HOTEL COORDINATION - CREW-SANDMAN SIGNATURE OTTAWA AIRPORT,Services,1HO,
Hotels,HOTEL COORDINATION - CREW-WASHINGTON DULLES AIRPORT MARRIOTT,Services,1HO,
Hotels,PASSENGER HOTEL RESERVATION-HOLIDAY INN EXP STES LAREDO,Services,1HO,
Hotels,PASSENGER HOTEL RESERVATION-HOTEL ONOMO,Services,1HO,
Hotels,PASSENGER HOTEL RESERVATION-NOVOTEL DAKAR,Services,1HO,
Hotels,*PILOT SERVICES-CREW - SHORT STAY,Services,7PILS,
Hotels,*PILOT SERVICES-CREW - SHORT STAY - 3 DAYS,Services,7PILS,
Hotels,*SUPERVISION FEES-& COMMUNICATIONS,Services,2SV,Hotels
Hotels,*SUPERVISION FEES-AIRPORT HAND,Services,2SV,Hotels
Hotels,*SUPERVISION FEES-ARRIVAL / DEPARTURE,Services,2SV,Hotels
Hotels,*SUPERVISION FEES-COORDINATION & SUPERVISION,Services,2SV,Hotels
Hotels,*SUPERVISION FEES-DEDICATED CREW ASSISTANCE ARRIVAL/DEPARTURE,Services,2SV,Hotels
Hotels,*SUPERVISION FEES-DEDICATED SUPERVISOR,Services,2SV,Hotels
Hotels,*SUPERVISION FEES-DENMARK,Services,2SV,Hotels
Hotels,*SUPERVISION FEES-EQUIPMENT OFFLOADING,Services,2SV,Hotels
Hotels,*SUPERVISION FEES-FLIGHT SUPERVISION & SETUP,Services,2SV,Hotels
Hotels,*SUPERVISION FEES-NIGHT STOP,Services,2SV,Hotels
Hotels,*SUPERVISION FEES-PASSENGER,Services,2SV,Hotels
Hotels,*SUPERVISION FEES-PUBLIC HOLIDAY SURCHARGE,Services,2SV,Hotels
Hotels,*SUPERVISION FEES-REPRESENTATION,Services,2SV,Hotels
Hotels,*SUPERVISION FEES-REPRESENTATION,Services,2SV,Hotels
Hotels,*SUPERVISION FEES-REPRESENTATION FEE,Services,2SV,Hotels
Hotels,*SUPERVISION FEES-REPRESENTATION FEE,Services,2SV,Hotels
Hotels,*SUPERVISION FEES-REPRESENTATION FEES,Services,2SV,Hotels
Hotels,*SUPERVISION FEES-SUPERVISION/COORDINATION FEE,Services,2SV,Hotels
Hotels,*SUPERVISION FEES-SUPERVISORY AND COORDINATION,Services,2SV,Hotels
Hotels,*SUPERVISION FEES-SUPERVISORY/COORDINATION FEE,Services,2SV,Hotels
Hotels,*SUPERVISION FEES-TRANSPORTATION,Services,2SV,Hotels
Hotels,*SUPERVISION FEES-TRANSPORTATION,Services,2SV,Hotels
Hotels,*SUPERVISION FEES-TRANSPORTATION FEES,Services,2SV,Hotels
Hotels,OTEL COORDINATION - CREW-COURTYARD PARAMARIBO,Services,1HO,Hotels
Hotels,OTEL COORDINATION - CREW-DEVILLE PRIME CAMPO GRANDE,Services,1HO,Hotels
Hotels,OTEL COORDINATION - CREW-DOUBLETREE BY HILTON GLASGOW CENTRAL,Services,1HO,Hotels
Hotels,OTEL COORDINATION - CREW-DOUBLETREE GLASGOW CENTRAL,Services,1HO,Hotels
Hotels,OTEL COORDINATION - CREW-FLAMINGO CANCUN RESORT,Services,1HO,Hotels
Hotels,OTEL COORDINATION - CREW-HOLIDAY INN EXP WAIKIKI,Services,1HO,Hotels
Hotels,SUPERVISION FEES-AEROSKY,Services,2SV,Hotels
Hotels,HOTEL COORDINATION - CREW-PULLMAN CANNES MANDELIEU ROYAL,Services,,
Internet (Gogo),DUES/SUBSCRIPTIONS,Retail,2DS,
Jet Fuel,AIRPORT TAX,Contract,TAX,
Jet Fuel,ARGENTINIAN IVA,Contract,TAX,
Jet Fuel,BAHRAIN VAT,Contract,TAX,
Jet Fuel,BELGIAN VAT,Contract,TAX,
Jet Fuel,BUCKEYE PIPELINE FEE,Contract,881,
Jet Fuel,CO2 TAX,Contract,TAX,
Jet Fuel,CO2 TAX,Contract,TAX-ADJ-911,
Jet Fuel,CO2 TAX,Contract,TAXADJ-955,
Jet Fuel,COMBUSTIBLE FEE,Contract,8243,
Jet Fuel,COMPULSORY STOCK FEE,Contract,826,
Jet Fuel,CONCESSION FEE,Contract,813,
Jet Fuel,CONCESSION FEE,Contract,8381,
Jet Fuel,DUTCH VAT,Contract,TAX,
Jet Fuel,EXTENDED TERMS FEE,Contract,SS8973,
Jet Fuel,FRENCH VAT,Contract,TAX,
Jet Fuel,FUEL SURCHARGE,Contract,8828,
Jet Fuel,French VAT,Contract,TAX,
Jet Fuel,GENERAL EXCISE/SALES TAX,Contract,TAX,
Jet Fuel,GOODS AND SERVICES TAX,Contract,TAX,
Jet Fuel,GOODS AND SERVICES TAX,Contract,TAXADJ-GST,
Jet Fuel,GROSS RECEIPTS TAX/PETROLEUM BUSINESS TAX,Contract,TAX-ADJ-915,
Jet Fuel,GROSS RECEIPTS TAX/PETROLEUM BUSINESS TAX,Contract,TAXADJ-915,
Jet Fuel,HOOK UP FEE,Contract,8039,
Jet Fuel,HOOK UP FEE,Contract,SS8990,
Jet Fuel,HST-HARMONIZED SALES TAX - NEWFOUNDLAND,Contract,TAX,
Jet Fuel,HST-HARMONIZED SALES TAX - NOVA SCOTIA,Contract,TAX,
Jet Fuel,HST-HARMONIZED SALES TAX - ONTARIO,Contract,TAX,
Jet Fuel,IRISH VAT,Contract,TAX,
Jet Fuel,ITALIAN VAT,Contract,TAX,
Jet Fuel,JET FUEL,Contract,JETA,
Jet Fuel,JET FUEL WITH ADDITIVE,Contract,JETA-ADDITIVE,
Jet Fuel,JP5/JP8,Contract,JP5/JP8,
Jet Fuel,Jet Fuel,Contract,SS1001,
Jet Fuel,Jet Fuel,Contract,SS1002,
Jet Fuel,Jet Fuel,Contract,SS1003,
Jet Fuel,Jet Fuel,Contract,SS1004,
Jet Fuel,Jet Fuel,Contract,SS1006,
Jet Fuel,Jet Fuel,Contract,SS1007,
Jet Fuel,Jet Fuel,Contract,SS1008,
Jet Fuel,Jet Fuel,Contract,SS1009,
Jet Fuel,Jet Fuel,Contract,SS1010,
Jet Fuel,Jet Fuel,Contract,SS1011,
Jet Fuel,Jet Fuel,Contract,SS1012,
Jet Fuel,Jet Fuel,Contract,SS1013,
Jet Fuel,Jet Fuel,Contract,SS1014,
Jet Fuel,Jet Fuel,Contract,SS1015,
Jet Fuel,Jet Fuel,Contract,SS1016,
Jet Fuel,Jet Fuel,Contract,SS8977,
Jet Fuel,Jet Fuel,Contract,SS8980,
Jet Fuel,Jet Fuel,Contract,SS8982,
Jet Fuel,Jet Fuel,Contract,SS8983,
Jet Fuel,Jet Fuel,Contract,SS8986,
Jet Fuel,Jet Fuel,Contract,SS8999,
Jet Fuel,LOCAL SALES TAX,Contract,TAX,
Jet Fuel,LOCAL SALES TAX,Contract,TAXADJ-LST,
Jet Fuel,LOCAL TAX,Contract,TAX,
Jet Fuel,MALTESE VAT,Contract,TAX,
Jet Fuel,MEXICAN IVA TAX - 16%,Contract,TAX,
Jet Fuel,MINERAL OIL TAX,Contract,TAX,
Jet Fuel,MINERAL OIL TAX,Contract,TAX-ADJ-945,
Jet Fuel,OIL,Contract,8165,
Jet Fuel,OXYGEN/WATER,Contract,840,
Jet Fuel,PARKING FEE,Contract,805,
Jet Fuel,ROAD TAX,Contract,TAX,
Jet Fuel,ROAD TAX,Contract,TAX-ADJ-935,
Jet Fuel,SENEAM MEDIUM A (FROM 54.9 TO 82.00 FEET),Contract,8042,
Jet Fuel,SERVICE FEE,Contract,821,
Jet Fuel,SERVICE FEE,Contract,SS8994,
Jet Fuel,STATE ENVIRONMENTAL ASSURANCE FEE,Contract,TAX,
Jet Fuel,STATE ENVIRONMENTAL IMPACT FEE,Contract,TAX,
Jet Fuel,STATE FUEL TAX,Contract,TAX,
Jet Fuel,STATE FUEL TAX,Contract,TAX-ADJ-904,
Jet Fuel,STATE GROSS RECEIPTS TAX,Contract,TAX,
Jet Fuel,STATE GROSS RECEIPTS TAX,Contract,TAXADJ-GRT,
Jet Fuel,STATE OIL SPILL TAX,Contract,TAX,
Jet Fuel,STATE POLLUTANT TAX,Contract,TAX,
Jet Fuel,STATE SALES TAX,Contract,TAX,
Jet Fuel,STATE SALES TAX,Contract,TAXADJ-SST,
Jet Fuel,STATE TRANSFER FEE,Contract,TAX,
Jet Fuel,STATE UNDERGROUND STORAGE FEE,Contract,TAX,
Jet Fuel,STORAGE FEE,Contract,812,
Jet Fuel,SWISS VAT,Contract,TAX,
Jet Fuel,THRUPUT FEE,Contract,818,
Jet Fuel,THRUPUT FEE,Contract,SS8993,
Jet Fuel,TRANSPORTATION FEE,Contract,810,
Jet Fuel,TRANSPORTATION THRUPUT FEE,Contract,8133,
Jet Fuel,TRUCK FEE,Contract,839,
Jet Fuel,TRUCK FEE,Contract,SS8985,
Jet Fuel,TRUCK FEE FUEL SURCHARGE,Contract,8103,
Jet Fuel,TRUCK FEE FUEL SURCHARGE,Contract,SS8968,
Jet Fuel,UNITED ARAB EMIRATES VAT,Contract,TAX,
Jet Fuel,VALUE ADDED TAX,Contract,TAX,
Jet Fuel,VALUE ADDED TAX,Contract,TAXADJ-VAT,
Jet Fuel,VIP LOUNGE,Contract,8087,
Jet Fuel,GST/HST,Contract,,
Jet Fuel,STATE POLLUTANT TAX,Contract,,
Jet Fuel,STATE POLLUTANT TAX,Contract,,
Jet Fuel,STATE ENVIRONMENTAL IMPACT FEE,Contract,,
Jet Fuel,STATE UNDERGROUND STORAGE FEE,Contract,,
Jet Fuel,TRUCK FEE,Contract,,
Jet Fuel,TRUCK FEE FUEL SURCHARGE,Contract,,
Jet Fuel,STATE ENVIRONMENTAL IMPACT FEE,Contract,,
Jet Fuel,AIRPORT FLOW FEE,Contract,,
Jet Fuel,BUCKEYE PIPELINE FEE,Contract,,
Jet Fuel,STATE OIL SPILL TAX,Contract,,
Jet Fuel,TRANSPORTATION THRUPUT FEE,Contract,,
Jet Fuel,TRUCK FEE,Contract,,
Jet Fuel,TRUCK FEE FUEL SURCHARGE,Contract,,
Jet Fuel,STATE TRANSFER FEE,Contract,,
Jet Fuel,TRANSPORTATION FEE,Contract,,
Jet Fuel,TRANSPORTATION FEE,Contract,,
Jet Fuel,STATE POLLUTANT TAX,Contract,,
Jet Fuel,AIRPORT FLOW FEE,Contract,,
Jet Fuel,STATE EXCISE TAX,Contract,,
Jet Fuel,JP5/JP8,Contract,,
Jet Fuel,STATE ENVIRONMENTAL ASSURANCE FEE,Contract,,
Jet Fuel,AIRPORT FLOW FEE,Contract,,
Jet Fuel,STATE EXCISE TAX,Contract,,
Jet Fuel,STATE ENVIRONMENTAL ASSURANCE FEE,Contract,,
Jet Fuel,STATE POLLUTANT TAX,Contract,,
Jet Fuel,STATE ENVIRONMENTAL IMPACT FEE,Contract,,
Jet Fuel,AIRPORT FLOW FEE,Contract,,
Jet Fuel,AIRPORT TAX,Contract,,
Jet Fuel,A.S.A. STORAGE FEE,Contract,,
Jet Fuel,MEXICAN IVA TAX - 16%,Contract,,
Jet Fuel,MEXICAN IVA TAX - 16%,Contract,,
Jet Fuel,MEXICAN IVA TAX - 16%,Contract,,
Jet Fuel,MEXICAN IVA TAX - 16%,Contract,,
Jet Fuel,SENEAM MEDIUM A (FROM 54.9 TO 82.00 FEET),Contract,,
Jet Fuel,801,Contract,801,
Jet Fuel,802,Contract,802,
Jet Fuel,8155,Contract,8155,
Jet Fuel,819,Contract,819,
Jet Fuel,820,Contract,820,
Jet Fuel,8379,Contract,8379,
Jet Fuel,8494,Contract,8494,
Jet Fuel,8896,Contract,8896,
Jet Fuel,90VPRM,Contract,90VPRM,
Jet Fuel,A.S.A. HYDRANT FEE,Contract,8065,
Jet Fuel,A.S.A. INTOPLANE FEE OVERTIME,Contract,8486,
Jet Fuel,A.S.A. ORIGIN STORAGE FEE (AVGAS),Contract,8485,
Jet Fuel,A.S.A. STORAGE FEE OVERTIME,Contract,8064,
Jet Fuel,ACM FEE,Contract,8110,
Jet Fuel,ADAC FEE,Contract,8466,
Jet Fuel,ADDITIVE,Contract,8215,
Jet Fuel,ADDITIVE - EA,Contract,8889,
Jet Fuel,ADMIN FEE / AIRPORT TAX,Contract,TAX,
Jet Fuel,AFTER HOURS CHG,Contract,8787,
Jet Fuel,AGENT SERVICE FEE - EA,Contract,8002,
Jet Fuel,AIR ELITE MEMBERSHIP,Contract,8299,
Jet Fuel,AIRFIELD SERVICES,Contract,8172,
Jet Fuel,AIRPORT ESCORT FEE,Contract,8387,
Jet Fuel,AIRPORT FUEL LEVY,Contract,8181,
Jet Fuel,AIRPORT MOBILE FUEL FEE,Contract,8412,
Jet Fuel,AIRPORT RESCUE & FIRE FIGHTING,Contract,8107,
Jet Fuel,AIRPORT/FLOWAGE FEE,Contract,802,
Jet Fuel,ANABEEB FEE,Contract,8163,
Jet Fuel,APETRA CONTRIBUTION,Contract,8175,
Jet Fuel,APRON FEE,Contract,8195,
Jet Fuel,ASA FUELING FEE,Contract,800,
Jet Fuel,ASECNA FEE,Contract,8245,
Jet Fuel,ATTENDANCE FEE - EA,Contract,8197,
Jet Fuel,AUSTRALIAN GOVT EXCISE TAX,Contract,TAX,
Jet Fuel,AUSTRALIAN GST,Contract,TAX,
Jet Fuel,AUSTRIAN VAT,Contract,TAX,
Jet Fuel,AVIATION FUEL TAX,Contract,TAX,
Jet Fuel,BAA RENTAL FEE,Contract,8472,
Jet Fuel,BAFS CHARGES,Contract,8127,
Jet Fuel,BAGGAGE CART,Contract,8362,
Jet Fuel,BAHAMIAN VAT,Contract,TAX,
Jet Fuel,BANK CHARGES - EA,Contract,8523,
Jet Fuel,BATTERY,Contract,8874,
Jet Fuel,BELT LOADER,Contract,8795,
Jet Fuel,BOARDING AND UNBOARDING,Contract,8046,
Jet Fuel,BONDING FEE,Contract,849,
Jet Fuel,BOWSER FEE,Contract,8293,
Jet Fuel,BPO FEE,Contract,8397,
Jet Fuel,BRANDED DEALER FEE,Contract,8097,
Jet Fuel,BRITISH COLUMBIA CARBON TAX,Contract,TAX,
Jet Fuel,BRITISH EXCISE DUTY TAX,Contract,TAX,
Jet Fuel,BRITISH VAT,Contract,TAX,
Jet Fuel,CAAS AIRPORT THRUPUT,Contract,8125,
Jet Fuel,CALL OUT FEE - EA,Contract,8145,
Jet Fuel,CANADIAN FEDERAL EXCISE TAX,Contract,TAX,
Jet Fuel,CANADIAN FEDERAL EXCISE TAX-FUEL TAX,Contract,TAX-ADJ-908,
Jet Fuel,CANCELLATION FEE - EA,Contract,8206,
Jet Fuel,CAPITAL RECOVERY,Contract,8421,
Jet Fuel,CARGO LOADING/UNLOADING,Contract,8230,
Jet Fuel,CARRIER ESSENTIAL SERVICE FEE,Contract,8441,
Jet Fuel,CEPS FEE,Contract,8354,
Jet Fuel,CHANNEL FEE,Contract,852,
Jet Fuel,CHILEAN IVA,Contract,TAX,
Jet Fuel,CITY NON-SIGNATORY  FEE - LAX,Contract,TAX,
Jet Fuel,CLARK COUNTY FLOWAGE FEE,Contract,850,
Jet Fuel,COLOMBIAN CARBON TAX,Contract,TAX-ADJ-910-CO,
Jet Fuel,COLOMBIAN IVA,Contract,TAX,
Jet Fuel,COLONIAL PIPELINE FEE,Contract,822,
Jet Fuel,COMMUNICATIONS FEE - EA,Contract,8205,
Jet Fuel,CONCESSION FEE - EA,Contract,8075,
Jet Fuel,CONCESSION FEE ON PRIST,Contract,851,
Jet Fuel,CONCESSION FEE ON TAXES,Contract,817,
Jet Fuel,CONSORTIUM FEE,Contract,833,
Jet Fuel,CONSUMPTION TAX,Contract,TAX,
Jet Fuel,CONV87,Contract,CONV87,
Jet Fuel,COUNTY FUEL TAX,Contract,TAX,
Jet Fuel,CREW FUEL SPILL/CLEAN UP FEE - EA,Contract,8185,
Jet Fuel,CROATIAN VAT,Contract,TAX,
Jet Fuel,CRUDITA TAX,Contract,TAX,
Jet Fuel,CYPRIOT VAT,Contract,TAX,
Jet Fuel,CZECH VAT,Contract,TAX,
Jet Fuel,D.G.A.C. FEE,Contract,8070,
Jet Fuel,DAC TAX,Contract,TAX,
Jet Fuel,DAC TAX ON INTOPLANE FEE,Contract,TAX,
Jet Fuel,DANISH VAT,Contract,TAX,
Jet Fuel,DEF0,Contract,DEF0,
Jet Fuel,DEFUELING CHARGE - EA,Contract,870,
Jet Fuel,DEFUELING FEE,Contract,8169,
Jet Fuel,DENVER LOCAL FUEL TAX,Contract,TAX,
Jet Fuel,DEPOT FEE,Contract,8208,
Jet Fuel,DEVOLUCION IVA VENTAS NACIONALES - DECRETO 1794,Contract,8425,
Jet Fuel,DIESEL 2 INDUSTRIAL,Contract,DIESEL-2-IND,
Jet Fuel,DISBURSEMENT CHARGE OF CUSTOMS CLEARANCE FEE,Contract,8189,
Jet Fuel,DISBURSEMENT FEE - EA,Contract,8025,
Jet Fuel,DISMA FEE,Contract,8171,
Jet Fuel,DNI,Contract,865,
Jet Fuel,DSM,Contract,856,
Jet Fuel,DUTIES/EXCISE TAX,Contract,TAX-ADJ-910,
Jet Fuel,DYED KEROSENE,Contract,NTKERO,
Jet Fuel,ECUADORIAN IVA,Contract,TAX,
Jet Fuel,EENF - SPANISH CUSTOMS FEE,Contract,8098,
Jet Fuel,ENVIRONMENTAL FEE,Contract,8140,
Jet Fuel,ENVIRONMENTAL FEE - EA,Contract,814,
Jet Fuel,ERB FEES,Contract,858,
Jet Fuel,ESTONIAN VAT,Contract,TAX,
Jet Fuel,EXCISE DUTY,Contract,8462,
Jet Fuel,EXCISE DUTY TAX,Contract,TAX,
Jet Fuel,EXPLORER PIPELINE FEE,Contract,8132,
Jet Fuel,EXPORT DEVELOPMENT SURCHARGE,Contract,8515,
Jet Fuel,EXPORT DUTY,Contract,8467,
Jet Fuel,EXTENSION DE SERVICIOS,Contract,895,
Jet Fuel,EXTRA INDUSTRIAL,Contract,EXTRA-IND,
Jet Fuel,FAAN SURCHARGE,Contract,8198,
Jet Fuel,FARM MANAGEMENT FEE,Contract,876,
Jet Fuel,FEDERAL FUEL CHARGE - ALBERTA,Contract,TAX,
Jet Fuel,FEDERAL FUEL CHARGE - MANITOBA,Contract,TAX,
Jet Fuel,FEDERAL FUEL CHARGE - NEW BRUNSWICK,Contract,TAX,
Jet Fuel,FEDERAL FUEL CHARGE - ONTARIO,Contract,TAX,
Jet Fuel,FEDERAL FUEL CHARGE - SASKATCHEWAN,Contract,TAX,
Jet Fuel,FINNISH VAT,Contract,TAX,
Jet Fuel,FISCAL STAMP TAX,Contract,8469,
Jet Fuel,FISE FEE,Contract,8391,
Jet Fuel,FOB FEE - EA,Contract,8378,
Jet Fuel,FREIGHT,Contract,8735,
Jet Fuel,FRENCH FLAG VESSEL FEE,Contract,8468,
Jet Fuel,FRENCH MINERAL OIL TAX/EXCISE DUTY TAX,Contract,TAX,
Jet Fuel,FTZ BROKERAGE FEE,Contract,8115,
Jet Fuel,FUEL CARD FEE,Contract,8465,
Jet Fuel,FUEL FARM RECOVERY FEE,Contract,8432,
Jet Fuel,FUEL MANAGEMENT FEE - EA,Contract,897,
Jet Fuel,FUEL RESERVE CHARGE FOR NATIONAL FUND,Contract,8475,
Jet Fuel,FUEL SURCHARGE - EA,Contract,8890,
Jet Fuel,FUELING FEE,Contract,8159,
Jet Fuel,GA SIDE FEE,Contract,8162,
Jet Fuel,GAS OIL-ULS 10 PPM-OFF ROAD USE,Contract,GASOIL-ULS,
Jet Fuel,GATEWAY FEE,Contract,8366,
Jet Fuel,GENERAL AVIATION AIRPORT SAFETY TAX,Contract,TAX,
Jet Fuel,GENERAL AVIATION FEE,Contract,8086,
Jet Fuel,GENERAL AVIATION FEE - EA,Contract,8076,
Jet Fuel,GENERAL MERCHANDISE,Contract,8814,
Jet Fuel,GERMAN MINERAL OIL TAX,Contract,TAX,
Jet Fuel,GERMAN VAT,Contract,TAX,
Jet Fuel,GOAA FEE,Contract,8138,
Jet Fuel,GOAA GROSS RECEIPTS FEE,Contract,8183,
Jet Fuel,GOVERNMENT DUTIES,Contract,8071,
Jet Fuel,GOVERNMENT TAX,Contract,TAX,
Jet Fuel,GROSS RECEIPTS TAX,Contract,TAX,
Jet Fuel,GST-GOODS & SERVICES TAX,Contract,TAX,
Jet Fuel,GUATEMALAN IVA,Contract,TAX,
Jet Fuel,H.R.S. FEE,Contract,8344,
Jet Fuel,HAFCO FEE,Contract,8182,
Jet Fuel,HOOK-UP FEE - EA,Contract,832,
Jet Fuel,HST-HARMONIZED SALES TAX - NEW BRUNSWICK,Contract,TAX,
Jet Fuel,HST-HARMONIZED SALES TAX - PRINCE EDWARD ISLAND,Contract,TAX,
Jet Fuel,HUNGARIAN VAT,Contract,TAX,
Jet Fuel,HYDRANT FEE,Contract,828,
Jet Fuel,HYDRANT FIXED FUEL FEE - EA,Contract,8116,
Jet Fuel,ICE,Contract,8326,
Jet Fuel,ICELANDIC VAT,Contract,TAX,
Jet Fuel,IGV,Contract,TAX,
Jet Fuel,IMMIGRATION FEE,Contract,8367,
Jet Fuel,IMPUESTO DISTRIBUCION DE PETROLEO,Contract,TAX,
Jet Fuel,INFRASTRUCTURE AND OPEX RECOVERY CHARGES,Contract,8033,
Jet Fuel,INTERNATIONAL TRASH COLLECTION,Contract,8092,
Jet Fuel,INTOPLANE FEE,Contract,801,
Jet Fuel,INTOPLANE FEE - EA,Contract,8001,
Jet Fuel,ITALIAN MINERAL OIL TAX,Contract,TAX,
Jet Fuel,IVA,Contract,TAX,
Jet Fuel,Interest Charge on Inv No. 823874-21701[Receipt No. 19122300762075] MEXICAN IVA TAX - 16% @ 16.000% Ref. Line ID-[861654740],Contract,TAXADJ-IVA,
Jet Fuel,Interest Charge on Inv No. 823874-21701[Receipt No. 19122300762075] MEXICAN IVA TAX - 16% @ 16.000% Ref. Line ID-[861654742],Contract,TAXADJ-IVA,
Jet Fuel,Interest Charge on Inv No. 823874-21701[Receipt No. 19122300762075] MEXICAN IVA TAX - 16% @ 16.000% Ref. Line ID-[861654745],Contract,TAXADJ-IVA,
Jet Fuel,Interest Charge on Inv No. 823874-21701[Receipt No. 19122300762075] MEXICAN IVA TAX - 16% @ 16.000% Ref. Line ID-[861654773],Contract,TAXADJ-IVA,
Jet Fuel,Interest Charge on Inv No. 834653-21701[Receipt No. 3797621224] MEXICAN IVA TAX - 16% @ 16.000% Ref. Line ID-[870271998],Contract,TAXADJ-IVA,
Jet Fuel,Interest Charge on Inv No. 834653-21701[Receipt No. 3797621224] MEXICAN IVA TAX - 16% @ 16.000% Ref. Line ID-[870272002],Contract,TAXADJ-IVA,
Jet Fuel,Interest Charge on Inv No. 834653-21701[Receipt No. 3797621224] MEXICAN IVA TAX - 16% @ 16.000% Ref. Line ID-[870272004],Contract,TAXADJ-IVA,
Jet Fuel,Interest Charge on Inv No. 834653-21701[Receipt No. 3797621224] MEXICAN IVA TAX - 16% @ 16.000% Ref. Line ID-[870272007],Contract,TAXADJ-IVA,
Jet Fuel,Interest Charge on Inv No. 835113-21701[Receipt No. 19121300599192] MEXICAN IVA TAX - 16% @ 16.000% Ref. Line ID-[870667405],Contract,TAXADJ-IVA,
Jet Fuel,Interest Charge on Inv No. 835315-21701[Receipt No. 3797621224] MEXICAN IVA TAX - 16% @ 16.000% Ref. Line ID-[870860705],Contract,TAXADJ-IVA,
Jet Fuel,Interest Charge on Inv No. 835315-21701[Receipt No. 3797621224] MEXICAN IVA TAX - 16% @ 16.000% Ref. Line ID-[870860746],Contract,TAXADJ-IVA,
Jet Fuel,Interest Charge on Inv No. 835315-21701[Receipt No. 3797621224] MEXICAN IVA TAX - 16% @ 16.000% Ref. Line ID-[870860751],Contract,TAXADJ-IVA,
Jet Fuel,Interest Charge on Inv No. 835315-21701[Receipt No. 3797621224] MEXICAN IVA TAX - 16% @ 16.000% Ref. Line ID-[870860755],Contract,TAXADJ-IVA,
Jet Fuel,Interest Charge on Inv No. 835335-21701[Receipt No. 3797621224] MEXICAN IVA TAX - 16% @ 16.000% Ref. Line ID-[870870728],Contract,TAXADJ-IVA,
Jet Fuel,Interest Charge on Inv No. 835335-21701[Receipt No. 3797621224] MEXICAN IVA TAX - 16% @ 16.000% Ref. Line ID-[870870731],Contract,TAXADJ-IVA,
Jet Fuel,Interest Charge on Inv No. 835335-21701[Receipt No. 3797621224] MEXICAN IVA TAX - 16% @ 16.000% Ref. Line ID-[870870734],Contract,TAXADJ-IVA,
Jet Fuel,Interest Charge on Inv No. 836007-21701[Receipt No. 3797621224] MEXICAN IVA TAX - 16% @ 16.000% Ref. Line ID-[871471511],Contract,TAXADJ-IVA,
Jet Fuel,Interest Charge on Inv No. 836007-21701[Receipt No. 3797621224] MEXICAN IVA TAX - 16% @ 16.000% Ref. Line ID-[871471514],Contract,TAXADJ-IVA,
Jet Fuel,Interest Charge on Inv No. 836007-21701[Receipt No. 3797621224] MEXICAN IVA TAX - 16% @ 16.000% Ref. Line ID-[871471519],Contract,TAXADJ-IVA,
Jet Fuel,Interest Charge on Inv No. 836007-21701[Receipt No. 3797621224] MEXICAN IVA TAX - 16% @ 16.000% Ref. Line ID-[871471523],Contract,TAXADJ-IVA,
Jet Fuel,Interest Charge on Inv No. 836013-21701[Receipt No. 3797621224] MEXICAN IVA TAX - 16% @ 16.000% Ref. Line ID-[871469862],Contract,TAXADJ-IVA,
Jet Fuel,Interest Charge on Inv No. 836013-21701[Receipt No. 3797621224] MEXICAN IVA TAX - 16% @ 16.000% Ref. Line ID-[871469865],Contract,TAXADJ-IVA,
Jet Fuel,Interest Charge on Inv No. 836013-21701[Receipt No. 3797621224] MEXICAN IVA TAX - 16% @ 16.000% Ref. Line ID-[871469868],Contract,TAXADJ-IVA,
Jet Fuel,Interest Charge on Inv No. 836013-21701[Receipt No. 3797621224] MEXICAN IVA TAX - 16% @ 16.000% Ref. Line ID-[871469875],Contract,TAXADJ-IVA,
Jet Fuel,Interest Charge on Inv No. 836262-21701[Receipt No. 3797621224] MEXICAN IVA TAX - 16% @ 16.000% Ref. Line ID-[871844111],Contract,TAXADJ-IVA,
Jet Fuel,Interest Charge on Inv No. 836262-21701[Receipt No. 3797621224] MEXICAN IVA TAX - 16% @ 16.000% Ref. Line ID-[871844112],Contract,TAXADJ-IVA,
Jet Fuel,Interest Charge on Inv No. 836262-21701[Receipt No. 3797621224] MEXICAN IVA TAX - 16% @ 16.000% Ref. Line ID-[871844113],Contract,TAXADJ-IVA,
Jet Fuel,Interest Charge on Inv No. 836262-21701[Receipt No. 3797621224] MEXICAN IVA TAX - 16% @ 16.000% Ref. Line ID-[871844114],Contract,TAXADJ-IVA,
Jet Fuel,Interest Charge on Inv No. 836263-21701[Receipt No. 3797621224] MEXICAN IVA TAX - 16% @ 16.000% Ref. Line ID-[871844076],Contract,TAXADJ-IVA,
Jet Fuel,Interest Charge on Inv No. 836263-21701[Receipt No. 3797621224] MEXICAN IVA TAX - 16% @ 16.000% Ref. Line ID-[871844089],Contract,TAXADJ-IVA,
Jet Fuel,Interest Charge on Inv No. 836263-21701[Receipt No. 3797621224] MEXICAN IVA TAX - 16% @ 16.000% Ref. Line ID-[871844090],Contract,TAXADJ-IVA,
Jet Fuel,Interest Charge on Inv No. 836263-21701[Receipt No. 3797621224] MEXICAN IVA TAX - 16% @ 16.000% Ref. Line ID-[871844091],Contract,TAXADJ-IVA,
Jet Fuel,Interest Charge on Inv No. 836265-21701[Receipt No. 3797621224] MEXICAN IVA TAX - 16% @ 16.000% Ref. Line ID-[871850007],Contract,TAXADJ-IVA,
Jet Fuel,Interest Charge on Inv No. 836265-21701[Receipt No. 3797621224] MEXICAN IVA TAX - 16% @ 16.000% Ref. Line ID-[871850008],Contract,TAXADJ-IVA,
Jet Fuel,Interest Charge on Inv No. 836265-21701[Receipt No. 3797621224] MEXICAN IVA TAX - 16% @ 16.000% Ref. Line ID-[871850009],Contract,TAXADJ-IVA,
Jet Fuel,Interest Charge on Inv No. 836376-21701[Receipt No. 3797621224] MEXICAN IVA TAX - 16% @ 16.000% Ref. Line ID-[872034360],Contract,TAXADJ-IVA,
Jet Fuel,Interest Charge on Inv No. 836376-21701[Receipt No. 3797621224] MEXICAN IVA TAX - 16% @ 16.000% Ref. Line ID-[872034361],Contract,TAXADJ-IVA,
Jet Fuel,Interest Charge on Inv No. 836376-21701[Receipt No. 3797621224] MEXICAN IVA TAX - 16% @ 16.000% Ref. Line ID-[872034362],Contract,TAXADJ-IVA,
Jet Fuel,Interest Charge on Inv No. 836376-21701[Receipt No. 3797621224] MEXICAN IVA TAX - 16% @ 16.000% Ref. Line ID-[872034363],Contract,TAXADJ-IVA,
Jet Fuel,Interest Charge on Inv No. 837823-21701[Receipt No. 3797621224] MEXICAN IVA TAX - 16% @ 16.000% Ref. Line ID-[872698591],Contract,TAXADJ-IVA,
Jet Fuel,Interest Charge on Inv No. 837823-21701[Receipt No. 3797621224] MEXICAN IVA TAX - 16% @ 16.000% Ref. Line ID-[872698592],Contract,TAXADJ-IVA,
Jet Fuel,Interest Charge on Inv No. 837823-21701[Receipt No. 3797621224] MEXICAN IVA TAX - 16% @ 16.000% Ref. Line ID-[872698593],Contract,TAXADJ-IVA,
Jet Fuel,Interest Charge on Inv No. 837823-21701[Receipt No. 3797621224] MEXICAN IVA TAX - 16% @ 16.000% Ref. Line ID-[872698594],Contract,TAXADJ-IVA,
Jet Fuel,Interest Charge on Inv No. 837835-21701[Receipt No. 3797621224] MEXICAN IVA TAX - 16% @ 16.000% Ref. Line ID-[872695538],Contract,TAXADJ-IVA,
Jet Fuel,Interest Charge on Inv No. 837835-21701[Receipt No. 3797621224] MEXICAN IVA TAX - 16% @ 16.000% Ref. Line ID-[872695539],Contract,TAXADJ-IVA,
Jet Fuel,Interest Charge on Inv No. 837835-21701[Receipt No. 3797621224] MEXICAN IVA TAX - 16% @ 16.000% Ref. Line ID-[872697934],Contract,TAXADJ-IVA,
Jet Fuel,Interest Charge on Inv No. 837836-21701[Receipt No. 3797621224] MEXICAN IVA TAX - 16% @ 16.000% Ref. Line ID-[872695546],Contract,TAXADJ-IVA,
Jet Fuel,Interest Charge on Inv No. 837836-21701[Receipt No. 3797621224] MEXICAN IVA TAX - 16% @ 16.000% Ref. Line ID-[872695547],Contract,TAXADJ-IVA,
Jet Fuel,Interest Charge on Inv No. 837836-21701[Receipt No. 3797621224] MEXICAN IVA TAX - 16% @ 16.000% Ref. Line ID-[872695548],Contract,TAXADJ-IVA,
Jet Fuel,Interest Charge on Inv No. 837863-21701[Receipt No. 3797621224] MEXICAN IVA TAX - 16% @ 16.000% Ref. Line ID-[872700013],Contract,TAXADJ-IVA,
Jet Fuel,Interest Charge on Inv No. 837863-21701[Receipt No. 3797621224] MEXICAN IVA TAX - 16% @ 16.000% Ref. Line ID-[872700014],Contract,TAXADJ-IVA,
Jet Fuel,Interest Charge on Inv No. 837863-21701[Receipt No. 3797621224] MEXICAN IVA TAX - 16% @ 16.000% Ref. Line ID-[872700015],Contract,TAXADJ-IVA,
Jet Fuel,Interest Charge on Inv No. 837863-21701[Receipt No. 3797621224] MEXICAN IVA TAX - 16% @ 16.000% Ref. Line ID-[872700016],Contract,TAXADJ-IVA,
Jet Fuel,Interest Charge on Inv No. 838447-21701[Receipt No. 3403571231] MEXICAN IVA TAX - 16% @ 16.000% Ref. Line ID-[873263848],Contract,TAXADJ-IVA,
Jet Fuel,Interest Charge on Inv No. 838447-21701[Receipt No. 3403571231] MEXICAN IVA TAX - 16% @ 16.000% Ref. Line ID-[873273441],Contract,TAXADJ-IVA,
Jet Fuel,Interest Charge on Inv No. 838447-21701[Receipt No. 3403571231] MEXICAN IVA TAX - 16% @ 16.000% Ref. Line ID-[873273449],Contract,TAXADJ-IVA,
Jet Fuel,Interest Charge on Inv No. 838448-21701[Receipt No. 3797621224] MEXICAN IVA TAX - 16% @ 16.000% Ref. Line ID-[873268248],Contract,TAXADJ-IVA,
Jet Fuel,Interest Charge on Inv No. 838448-21701[Receipt No. 3797621224] MEXICAN IVA TAX - 16% @ 16.000% Ref. Line ID-[873268249],Contract,TAXADJ-IVA,
Jet Fuel,Interest Charge on Inv No. 838448-21701[Receipt No. 3797621224] MEXICAN IVA TAX - 16% @ 16.000% Ref. Line ID-[873268250],Contract,TAXADJ-IVA,
Jet Fuel,Interest Charge on Inv No. 838448-21701[Receipt No. 3797621224] MEXICAN IVA TAX - 16% @ 16.000% Ref. Line ID-[873268251],Contract,TAXADJ-IVA,
Jet Fuel,Interest Charge on Inv No. 838461-21701[Receipt No. 12975] MEXICAN IVA TAX - 16% @ 16.000% Ref. Line ID-[873395890],Contract,TAXADJ-IVA,
Jet Fuel,Interest Charge on Inv No. 838461-21701[Receipt No. 12975] MEXICAN IVA TAX - 16% @ 16.000% Ref. Line ID-[873395891],Contract,TAXADJ-IVA,
Jet Fuel,Interest Charge on Inv No. 838461-21701[Receipt No. 12975] MEXICAN IVA TAX - 16% @ 16.000% Ref. Line ID-[873395892],Contract,TAXADJ-IVA,
Jet Fuel,Interest Charge on Inv No. 838461-21701[Receipt No. 12975] MEXICAN IVA TAX - 16% @ 16.000% Ref. Line ID-[873395893],Contract,TAXADJ-IVA,
Jet Fuel,Interest Charge on Inv No. 838463-21701[Receipt No. 12975] MEXICAN IVA TAX - 16% @ 16.000% Ref. Line ID-[873395877],Contract,TAXADJ-IVA,
Jet Fuel,Interest Charge on Inv No. 838463-21701[Receipt No. 12975] MEXICAN IVA TAX - 16% @ 16.000% Ref. Line ID-[873395878],Contract,TAXADJ-IVA,
Jet Fuel,Interest Charge on Inv No. 838463-21701[Receipt No. 12975] MEXICAN IVA TAX - 16% @ 16.000% Ref. Line ID-[873395881],Contract,TAXADJ-IVA,
Jet Fuel,Interest Charge on Inv No. 838467-21701[Receipt No. 3797621224] MEXICAN IVA TAX - 16% @ 16.000% Ref. Line ID-[873395894],Contract,TAXADJ-IVA,
Jet Fuel,Interest Charge on Inv No. 838467-21701[Receipt No. 3797621224] MEXICAN IVA TAX - 16% @ 16.000% Ref. Line ID-[873395895],Contract,TAXADJ-IVA,
Jet Fuel,Interest Charge on Inv No. 838467-21701[Receipt No. 3797621224] MEXICAN IVA TAX - 16% @ 16.000% Ref. Line ID-[873396036],Contract,TAXADJ-IVA,
Jet Fuel,Interest Charge on Inv No. 838486-21701[Receipt No. 21140395559604] MEXICAN IVA TAX - 16% @ 16.000% Ref. Line ID-[873483894],Contract,TAXADJ-IVA,
Jet Fuel,Interest Charge on Inv No. 838486-21701[Receipt No. 21140395559604] MEXICAN IVA TAX - 16% @ 16.000% Ref. Line ID-[873483896],Contract,TAXADJ-IVA,
Jet Fuel,Interest Charge on Inv No. 838486-21701[Receipt No. 21140395559604] MEXICAN IVA TAX - 16% @ 16.000% Ref. Line ID-[873483898],Contract,TAXADJ-IVA,
Jet Fuel,Interest Charge on Inv No. 838486-21701[Receipt No. 21140395559604] MEXICAN IVA TAX - 16% @ 16.000% Ref. Line ID-[873483900],Contract,TAXADJ-IVA,
Jet Fuel,Interest Charge on Inv No. 838530-21701[Receipt No. 3797621224] MEXICAN IVA TAX - 16% @ 16.000% Ref. Line ID-[873485839],Contract,TAXADJ-IVA,
Jet Fuel,Interest Charge on Inv No. 838530-21701[Receipt No. 3797621224] MEXICAN IVA TAX - 16% @ 16.000% Ref. Line ID-[873485848],Contract,TAXADJ-IVA,
Jet Fuel,Interest Charge on Inv No. 838530-21701[Receipt No. 3797621224] MEXICAN IVA TAX - 16% @ 16.000% Ref. Line ID-[873485850],Contract,TAXADJ-IVA,
Jet Fuel,Interest Charge on Inv No. 838530-21701[Receipt No. 3797621224] MEXICAN IVA TAX - 16% @ 16.000% Ref. Line ID-[873485852],Contract,TAXADJ-IVA,
Jet Fuel,Interest Charge on Inv No. 838531-21701[Receipt No. 3403571231] MEXICAN IVA TAX - 16% @ 16.000% Ref. Line ID-[873485500],Contract,TAXADJ-IVA,
Jet Fuel,Interest Charge on Inv No. 838531-21701[Receipt No. 3403571231] MEXICAN IVA TAX - 16% @ 16.000% Ref. Line ID-[873485502],Contract,TAXADJ-IVA,
Jet Fuel,Interest Charge on Inv No. 838531-21701[Receipt No. 3403571231] MEXICAN IVA TAX - 16% @ 16.000% Ref. Line ID-[873485506],Contract,TAXADJ-IVA,
Jet Fuel,Interest Charge on Inv No. 838531-21701[Receipt No. 3403571231] MEXICAN IVA TAX - 16% @ 16.000% Ref. Line ID-[873485508],Contract,TAXADJ-IVA,
Jet Fuel,Interest Charge on Inv No. 838885-21701[Receipt No. 3403571231] MEXICAN IVA TAX - 16% @ 16.000% Ref. Line ID-[873485059],Contract,TAXADJ-IVA,
Jet Fuel,Interest Charge on Inv No. 838885-21701[Receipt No. 3403571231] MEXICAN IVA TAX - 16% @ 16.000% Ref. Line ID-[873485060],Contract,TAXADJ-IVA,
Jet Fuel,Interest Charge on Inv No. 838885-21701[Receipt No. 3403571231] MEXICAN IVA TAX - 16% @ 16.000% Ref. Line ID-[873485061],Contract,TAXADJ-IVA,
Jet Fuel,Interest Charge on Inv No. 838885-21701[Receipt No. 3403571231] MEXICAN IVA TAX - 16% @ 16.000% Ref. Line ID-[873485062],Contract,TAXADJ-IVA,
Jet Fuel,Interest Charge on Inv No. 838928-21701[Receipt No. 19122000706072] MEXICAN IVA TAX - 16% @ 16.000% Ref. Line ID-[873588714],Contract,TAXADJ-IVA,
Jet Fuel,Interest Charge on Inv No. 838928-21701[Receipt No. 19122000706072] MEXICAN IVA TAX - 16% @ 16.000% Ref. Line ID-[873588715],Contract,TAXADJ-IVA,
Jet Fuel,Interest Charge on Inv No. 839061-21701[Receipt No. 3403571231] MEXICAN IVA TAX - 16% @ 16.000% Ref. Line ID-[873742492],Contract,TAXADJ-IVA,
Jet Fuel,Interest Charge on Inv No. 839061-21701[Receipt No. 3403571231] MEXICAN IVA TAX - 16% @ 16.000% Ref. Line ID-[873742493],Contract,TAXADJ-IVA,
Jet Fuel,Interest Charge on Inv No. 839061-21701[Receipt No. 3403571231] MEXICAN IVA TAX - 16% @ 16.000% Ref. Line ID-[873742495],Contract,TAXADJ-IVA,
Jet Fuel,Interest Charge on Inv No. 839061-21701[Receipt No. 3403571231] MEXICAN IVA TAX - 16% @ 16.000% Ref. Line ID-[873742497],Contract,TAXADJ-IVA,
Jet Fuel,Interest Charge on Inv No. 839062-21701[Receipt No. 3403571231] MEXICAN IVA TAX - 16% @ 16.000% Ref. Line ID-[873742727],Contract,TAXADJ-IVA,
Jet Fuel,Interest Charge on Inv No. 839062-21701[Receipt No. 3403571231] MEXICAN IVA TAX - 16% @ 16.000% Ref. Line ID-[873742730],Contract,TAXADJ-IVA,
Jet Fuel,Interest Charge on Inv No. 839062-21701[Receipt No. 3403571231] MEXICAN IVA TAX - 16% @ 16.000% Ref. Line ID-[873742732],Contract,TAXADJ-IVA,
Jet Fuel,Interest Charge on Inv No. 839062-21701[Receipt No. 3403571231] MEXICAN IVA TAX - 16% @ 16.000% Ref. Line ID-[873742734],Contract,TAXADJ-IVA,
Jet Fuel,Interest Charge on Inv No. 839090-21701[Receipt No. 3403571231] MEXICAN IVA TAX - 16% @ 16.000% Ref. Line ID-[873741334],Contract,TAXADJ-IVA,
Jet Fuel,Interest Charge on Inv No. 839090-21701[Receipt No. 3403571231] MEXICAN IVA TAX - 16% @ 16.000% Ref. Line ID-[873741336],Contract,TAXADJ-IVA,
Jet Fuel,Interest Charge on Inv No. 839090-21701[Receipt No. 3403571231] MEXICAN IVA TAX - 16% @ 16.000% Ref. Line ID-[873744440],Contract,TAXADJ-IVA,
Jet Fuel,Interest Charge on Inv No. 839092-21701[Receipt No. 3403571231] MEXICAN IVA TAX - 16% @ 16.000% Ref. Line ID-[873744407],Contract,TAXADJ-IVA,
Jet Fuel,Interest Charge on Inv No. 839092-21701[Receipt No. 3403571231] MEXICAN IVA TAX - 16% @ 16.000% Ref. Line ID-[873744410],Contract,TAXADJ-IVA,
Jet Fuel,Interest Charge on Inv No. 839092-21701[Receipt No. 3403571231] MEXICAN IVA TAX - 16% @ 16.000% Ref. Line ID-[873744414],Contract,TAXADJ-IVA,
Jet Fuel,Interest Charge on Inv No. 839115-21701[Receipt No. 3403571231] MEXICAN IVA TAX - 16% @ 16.000% Ref. Line ID-[874049423],Contract,TAXADJ-IVA,
Jet Fuel,Interest Charge on Inv No. 839115-21701[Receipt No. 3403571231] MEXICAN IVA TAX - 16% @ 16.000% Ref. Line ID-[874049425],Contract,TAXADJ-IVA,
Jet Fuel,Interest Charge on Inv No. 839115-21701[Receipt No. 3403571231] MEXICAN IVA TAX - 16% @ 16.000% Ref. Line ID-[874049427],Contract,TAXADJ-IVA,
Jet Fuel,Interest Charge on Inv No. 839115-21701[Receipt No. 3403571231] MEXICAN IVA TAX - 16% @ 16.000% Ref. Line ID-[874049428],Contract,TAXADJ-IVA,
Jet Fuel,Interest Charge on Inv No. 839480-21701[Receipt No. 3403571231] MEXICAN IVA TAX - 16% @ 16.000% Ref. Line ID-[874150876],Contract,TAXADJ-IVA,
Jet Fuel,Interest Charge on Inv No. 839480-21701[Receipt No. 3403571231] MEXICAN IVA TAX - 16% @ 16.000% Ref. Line ID-[874150877],Contract,TAXADJ-IVA,
Jet Fuel,Interest Charge on Inv No. 839480-21701[Receipt No. 3403571231] MEXICAN IVA TAX - 16% @ 16.000% Ref. Line ID-[874151730],Contract,TAXADJ-IVA,
Jet Fuel,Interest Charge on Inv No. 839480-21701[Receipt No. 3403571231] MEXICAN IVA TAX - 16% @ 16.000% Ref. Line ID-[874151731],Contract,TAXADJ-IVA,
Jet Fuel,Interest Charge on Inv No. 839602-21701[Receipt No. 3403571231] MEXICAN IVA TAX - 16% @ 16.000% Ref. Line ID-[874403513],Contract,TAXADJ-IVA,
Jet Fuel,Interest Charge on Inv No. 839602-21701[Receipt No. 3403571231] MEXICAN IVA TAX - 16% @ 16.000% Ref. Line ID-[874403516],Contract,TAXADJ-IVA,
Jet Fuel,Interest Charge on Inv No. 839602-21701[Receipt No. 3403571231] MEXICAN IVA TAX - 16% @ 16.000% Ref. Line ID-[874403518],Contract,TAXADJ-IVA,
Jet Fuel,Interest Charge on Inv No. 839602-21701[Receipt No. 3403571231] MEXICAN IVA TAX - 16% @ 16.000% Ref. Line ID-[874403521],Contract,TAXADJ-IVA,
Jet Fuel,Interest Charge on Inv No. 839610-21701[Receipt No. 3403571231] MEXICAN IVA TAX - 16% @ 16.000% Ref. Line ID-[874409603],Contract,TAXADJ-IVA,
Jet Fuel,Interest Charge on Inv No. 839610-21701[Receipt No. 3403571231] MEXICAN IVA TAX - 16% @ 16.000% Ref. Line ID-[874409605],Contract,TAXADJ-IVA,
Jet Fuel,Interest Charge on Inv No. 839610-21701[Receipt No. 3403571231] MEXICAN IVA TAX - 16% @ 16.000% Ref. Line ID-[874409608],Contract,TAXADJ-IVA,
Jet Fuel,Interest Charge on Inv No. 839610-21701[Receipt No. 3403571231] MEXICAN IVA TAX - 16% @ 16.000% Ref. Line ID-[874409808],Contract,TAXADJ-IVA,
Jet Fuel,Interest Charge on Inv No. 839623-21701[Receipt No. 3403571231] MEXICAN IVA TAX - 16% @ 16.000% Ref. Line ID-[874405163],Contract,TAXADJ-IVA,
Jet Fuel,Interest Charge on Inv No. 839623-21701[Receipt No. 3403571231] MEXICAN IVA TAX - 16% @ 16.000% Ref. Line ID-[874405166],Contract,TAXADJ-IVA,
Jet Fuel,Interest Charge on Inv No. 839623-21701[Receipt No. 3403571231] MEXICAN IVA TAX - 16% @ 16.000% Ref. Line ID-[874405170],Contract,TAXADJ-IVA,
Jet Fuel,Interest Charge on Inv No. 839623-21701[Receipt No. 3403571231] MEXICAN IVA TAX - 16% @ 16.000% Ref. Line ID-[874405175],Contract,TAXADJ-IVA,
Jet Fuel,Interest Charge on Inv No. 839624-21701[Receipt No. 3403571231] MEXICAN IVA TAX - 16% @ 16.000% Ref. Line ID-[874409915],Contract,TAXADJ-IVA,
Jet Fuel,Interest Charge on Inv No. 839624-21701[Receipt No. 3403571231] MEXICAN IVA TAX - 16% @ 16.000% Ref. Line ID-[874409918],Contract,TAXADJ-IVA,
Jet Fuel,Interest Charge on Inv No. 839624-21701[Receipt No. 3403571231] MEXICAN IVA TAX - 16% @ 16.000% Ref. Line ID-[874409922],Contract,TAXADJ-IVA,
Jet Fuel,Interest Charge on Inv No. 840135-21701[Receipt No. AVAMEX18265] MEXICAN IVA TAX - 16% @ 16.000% Ref. Line ID-[874728602],Contract,TAXADJ-IVA,
Jet Fuel,Interest Charge on Inv No. 840167-21701[Receipt No. AVAMEX18265] MEXICAN IVA TAX - 16% @ 16.000% Ref. Line ID-[874907869],Contract,TAXADJ-IVA,
Jet Fuel,Interest Charge on Inv No. 840167-21701[Receipt No. AVAMEX18265] MEXICAN IVA TAX - 16% @ 16.000% Ref. Line ID-[874907870],Contract,TAXADJ-IVA,
Jet Fuel,Interest Charge on Inv No. 840167-21701[Receipt No. AVAMEX18265] MEXICAN IVA TAX - 16% @ 16.000% Ref. Line ID-[874907871],Contract,TAXADJ-IVA,
Jet Fuel,Interest Charge on Inv No. 840167-21701[Receipt No. AVAMEX18265] MEXICAN IVA TAX - 16% @ 16.000% Ref. Line ID-[874907872],Contract,TAXADJ-IVA,
Jet Fuel,Interest Charge on Inv No. 840187-21701[Receipt No. AVAMEX18265] MEXICAN IVA TAX - 16% @ 16.000% Ref. Line ID-[874906524],Contract,TAXADJ-IVA,
Jet Fuel,Interest Charge on Inv No. 840187-21701[Receipt No. AVAMEX18265] MEXICAN IVA TAX - 16% @ 16.000% Ref. Line ID-[874906526],Contract,TAXADJ-IVA,
Jet Fuel,Interest Charge on Inv No. 840187-21701[Receipt No. AVAMEX18265] MEXICAN IVA TAX - 16% @ 16.000% Ref. Line ID-[874906528],Contract,TAXADJ-IVA,
Jet Fuel,Interest Charge on Inv No. 840188-21701[Receipt No. AVAMEX18265] MEXICAN IVA TAX - 16% @ 16.000% Ref. Line ID-[874905605],Contract,TAXADJ-IVA,
Jet Fuel,Interest Charge on Inv No. 840188-21701[Receipt No. AVAMEX18265] MEXICAN IVA TAX - 16% @ 16.000% Ref. Line ID-[874905607],Contract,TAXADJ-IVA,
Jet Fuel,Interest Charge on Inv No. 840188-21701[Receipt No. AVAMEX18265] MEXICAN IVA TAX - 16% @ 16.000% Ref. Line ID-[874905609],Contract,TAXADJ-IVA,
Jet Fuel,Interest Charge on Inv No. 840188-21701[Receipt No. AVAMEX18265] MEXICAN IVA TAX - 16% @ 16.000% Ref. Line ID-[874905624],Contract,TAXADJ-IVA,
Jet Fuel,Interest Charge on Inv No. 840231-21701[Receipt No. AVAMEX18265] MEXICAN IVA TAX - 16% @ 16.000% Ref. Line ID-[875066988],Contract,TAXADJ-IVA,
Jet Fuel,Interest Charge on Inv No. 840231-21701[Receipt No. AVAMEX18265] MEXICAN IVA TAX - 16% @ 16.000% Ref. Line ID-[875067020],Contract,TAXADJ-IVA,
Jet Fuel,Interest Charge on Inv No. 840231-21701[Receipt No. AVAMEX18265] MEXICAN IVA TAX - 16% @ 16.000% Ref. Line ID-[875067027],Contract,TAXADJ-IVA,
Jet Fuel,Interest Charge on Inv No. 840231-21701[Receipt No. AVAMEX18265] MEXICAN IVA TAX - 16% @ 16.000% Ref. Line ID-[875067032],Contract,TAXADJ-IVA,
Jet Fuel,Interest Charge on Inv No. 840265-21701[Receipt No. 3403571231] MEXICAN IVA TAX - 16% @ 16.000% Ref. Line ID-[875070280],Contract,TAXADJ-IVA,
Jet Fuel,Interest Charge on Inv No. 840265-21701[Receipt No. 3403571231] MEXICAN IVA TAX - 16% @ 16.000% Ref. Line ID-[875070499],Contract,TAXADJ-IVA,
Jet Fuel,Interest Charge on Inv No. 840265-21701[Receipt No. 3403571231] MEXICAN IVA TAX - 16% @ 16.000% Ref. Line ID-[875070505],Contract,TAXADJ-IVA,
Jet Fuel,Interest Charge on Inv No. 840265-21701[Receipt No. 3403571231] MEXICAN IVA TAX - 16% @ 16.000% Ref. Line ID-[875070510],Contract,TAXADJ-IVA,
Jet Fuel,Interest Charge on Inv No. 841316-21701[Receipt No. 3403571231] MEXICAN IVA TAX - 16% @ 16.000% Ref. Line ID-[875529617],Contract,TAXADJ-IVA,
Jet Fuel,Interest Charge on Inv No. 841316-21701[Receipt No. 3403571231] MEXICAN IVA TAX - 16% @ 16.000% Ref. Line ID-[875529620],Contract,TAXADJ-IVA,
Jet Fuel,Interest Charge on Inv No. 841316-21701[Receipt No. 3403571231] MEXICAN IVA TAX - 16% @ 16.000% Ref. Line ID-[875529652],Contract,TAXADJ-IVA,
Jet Fuel,Interest Charge on Inv No. 841316-21701[Receipt No. 3403571231] MEXICAN IVA TAX - 16% @ 16.000% Ref. Line ID-[875529655],Contract,TAXADJ-IVA,
Jet Fuel,Interest Charge on Inv No. 841326-21701[Receipt No. 3403571231] MEXICAN IVA TAX - 16% @ 16.000% Ref. Line ID-[875523295],Contract,TAXADJ-IVA,
Jet Fuel,Interest Charge on Inv No. 841326-21701[Receipt No. 3403571231] MEXICAN IVA TAX - 16% @ 16.000% Ref. Line ID-[875523336],Contract,TAXADJ-IVA,
Jet Fuel,Interest Charge on Inv No. 841326-21701[Receipt No. 3403571231] MEXICAN IVA TAX - 16% @ 16.000% Ref. Line ID-[875523340],Contract,TAXADJ-IVA,
Jet Fuel,Interest Charge on Inv No. 841840-21701[Receipt No. 20010800506625] MEXICAN IVA TAX - 16% @ 16.000% Ref. Line ID-[876141879],Contract,TAXADJ-IVA,
Jet Fuel,Interest Charge on Inv No. 841840-21701[Receipt No. 20010800506625] MEXICAN IVA TAX - 16% @ 16.000% Ref. Line ID-[876141880],Contract,TAXADJ-IVA,
Jet Fuel,Interest Charge on Inv No. 841840-21701[Receipt No. 20010800506625] MEXICAN IVA TAX - 16% @ 16.000% Ref. Line ID-[876141881],Contract,TAXADJ-IVA,
Jet Fuel,Interest Charge on Inv No. 841840-21701[Receipt No. 20010800506625] MEXICAN IVA TAX - 16% @ 16.000% Ref. Line ID-[876141883],Contract,TAXADJ-IVA,
Jet Fuel,Interest Charge on Inv No. 841866-21701[Receipt No. 3403571231] MEXICAN IVA TAX - 16% @ 16.000% Ref. Line ID-[876289421],Contract,TAXADJ-IVA,
Jet Fuel,Interest Charge on Inv No. 841866-21701[Receipt No. 3403571231] MEXICAN IVA TAX - 16% @ 16.000% Ref. Line ID-[876290142],Contract,TAXADJ-IVA,
Jet Fuel,Interest Charge on Inv No. 841866-21701[Receipt No. 3403571231] MEXICAN IVA TAX - 16% @ 16.000% Ref. Line ID-[876290150],Contract,TAXADJ-IVA,
Jet Fuel,Interest Charge on Inv No. 841884-21701[Receipt No. 3403571231] MEXICAN IVA TAX - 16% @ 16.000% Ref. Line ID-[876293386],Contract,TAXADJ-IVA,
Jet Fuel,Interest Charge on Inv No. 841884-21701[Receipt No. 3403571231] MEXICAN IVA TAX - 16% @ 16.000% Ref. Line ID-[876293387],Contract,TAXADJ-IVA,
Jet Fuel,Interest Charge on Inv No. 841884-21701[Receipt No. 3403571231] MEXICAN IVA TAX - 16% @ 16.000% Ref. Line ID-[876293388],Contract,TAXADJ-IVA,
Jet Fuel,Interest Charge on Inv No. 841892-21701[Receipt No. 009858600108] MEXICAN IVA TAX - 16% @ 16.000% Ref. Line ID-[876461636],Contract,TAXADJ-IVA,
Jet Fuel,Interest Charge on Inv No. 841892-21701[Receipt No. 009858600108] MEXICAN IVA TAX - 16% @ 16.000% Ref. Line ID-[876461637],Contract,TAXADJ-IVA,
Jet Fuel,Interest Charge on Inv No. 841892-21701[Receipt No. 009858600108] MEXICAN IVA TAX - 16% @ 16.000% Ref. Line ID-[876461638],Contract,TAXADJ-IVA,
Jet Fuel,Interest Charge on Inv No. 841892-21701[Receipt No. 009858600108] MEXICAN IVA TAX - 16% @ 16.000% Ref. Line ID-[876461639],Contract,TAXADJ-IVA,
Jet Fuel,Interest Charge on Inv No. 842259-21701[Receipt No. 19122700511417] MEXICAN IVA TAX - 16% @ 16.000% Ref. Line ID-[876664004],Contract,TAXADJ-IVA,
Jet Fuel,Interest Charge on Inv No. 842272-21701[Receipt No. 19122700511417] MEXICAN IVA TAX - 16% @ 16.000% Ref. Line ID-[876663688],Contract,TAXADJ-IVA,
Jet Fuel,Interest Charge on Inv No. 842293-21701[Receipt No. AVAMEX18265] MEXICAN IVA TAX - 16% @ 16.000% Ref. Line ID-[876646896],Contract,TAXADJ-IVA,
Jet Fuel,Interest Charge on Inv No. 842293-21701[Receipt No. AVAMEX18265] MEXICAN IVA TAX - 16% @ 16.000% Ref. Line ID-[876646897],Contract,TAXADJ-IVA,
Jet Fuel,Interest Charge on Inv No. 842293-21701[Receipt No. AVAMEX18265] MEXICAN IVA TAX - 16% @ 16.000% Ref. Line ID-[876646898],Contract,TAXADJ-IVA,
Jet Fuel,Interest Charge on Inv No. 842296-21701[Receipt No. 3403571231] MEXICAN IVA TAX - 16% @ 16.000% Ref. Line ID-[876656935],Contract,TAXADJ-IVA,
Jet Fuel,Interest Charge on Inv No. 842296-21701[Receipt No. 3403571231] MEXICAN IVA TAX - 16% @ 16.000% Ref. Line ID-[876656936],Contract,TAXADJ-IVA,
Jet Fuel,Interest Charge on Inv No. 842296-21701[Receipt No. 3403571231] MEXICAN IVA TAX - 16% @ 16.000% Ref. Line ID-[876656952],Contract,TAXADJ-IVA,
Jet Fuel,Interest Charge on Inv No. 842375-21701[Receipt No. 3403571231] MEXICAN IVA TAX - 16% @ 16.000% Ref. Line ID-[876656953],Contract,TAXADJ-IVA,
Jet Fuel,Interest Charge on Inv No. 842375-21701[Receipt No. 3403571231] MEXICAN IVA TAX - 16% @ 16.000% Ref. Line ID-[876656954],Contract,TAXADJ-IVA,
Jet Fuel,Interest Charge on Inv No. 842375-21701[Receipt No. 3403571231] MEXICAN IVA TAX - 16% @ 16.000% Ref. Line ID-[876656955],Contract,TAXADJ-IVA,
Jet Fuel,Interest Charge on Inv No. 842417-21701[Receipt No. 3403571231] MEXICAN IVA TAX - 16% @ 16.000% Ref. Line ID-[876651985],Contract,TAXADJ-IVA,
Jet Fuel,Interest Charge on Inv No. 842417-21701[Receipt No. 3403571231] MEXICAN IVA TAX - 16% @ 16.000% Ref. Line ID-[876651987],Contract,TAXADJ-IVA,
Jet Fuel,Interest Charge on Inv No. 842417-21701[Receipt No. 3403571231] MEXICAN IVA TAX - 16% @ 16.000% Ref. Line ID-[876652013],Contract,TAXADJ-IVA,
Jet Fuel,Interest Charge on Inv No. 842417-21701[Receipt No. 3403571231] MEXICAN IVA TAX - 16% @ 16.000% Ref. Line ID-[876652016],Contract,TAXADJ-IVA,
Jet Fuel,Interest Charge on Inv No. 842586-21701[Receipt No. AVAMEX18265] MEXICAN IVA TAX - 16% @ 16.000% Ref. Line ID-[877057210],Contract,TAXADJ-IVA,
Jet Fuel,Interest Charge on Inv No. 842589-21701[Receipt No. AVAMEX18265] MEXICAN IVA TAX - 16% @ 16.000% Ref. Line ID-[877055069],Contract,TAXADJ-IVA,
Jet Fuel,Interest Charge on Inv No. 842590-21701[Receipt No. AVAMEX18265] MEXICAN IVA TAX - 16% @ 16.000% Ref. Line ID-[877055248],Contract,TAXADJ-IVA,
Jet Fuel,Interest Charge on Inv No. 842591-21701[Receipt No. AVAMEX18265] MEXICAN IVA TAX - 16% @ 16.000% Ref. Line ID-[877058820],Contract,TAXADJ-IVA,
Jet Fuel,Interest Charge on Inv No. 842592-21701[Receipt No. AVAMEX18265] MEXICAN IVA TAX - 16% @ 16.000% Ref. Line ID-[877053993],Contract,TAXADJ-IVA,
Jet Fuel,Interest Charge on Inv No. 842594-21701[Receipt No. AVAMEX18265] MEXICAN IVA TAX - 16% @ 16.000% Ref. Line ID-[877057587],Contract,TAXADJ-IVA,
Jet Fuel,Interest Charge on Inv No. 842598-21701[Receipt No. AVAMEX18265] MEXICAN IVA TAX - 16% @ 16.000% Ref. Line ID-[877054754],Contract,TAXADJ-IVA,
Jet Fuel,Interest Charge on Inv No. 842599-21701[Receipt No. AVAMEX18265] MEXICAN IVA TAX - 16% @ 16.000% Ref. Line ID-[877058031],Contract,TAXADJ-IVA,
Jet Fuel,Interest Charge on Inv No. 842604-21701[Receipt No. AVAMEX18265] MEXICAN IVA TAX - 16% @ 16.000% Ref. Line ID-[877058060],Contract,TAXADJ-IVA,
Jet Fuel,Interest Charge on Inv No. 842605-21701[Receipt No. AVAMEX18265] MEXICAN IVA TAX - 16% @ 16.000% Ref. Line ID-[877054691],Contract,TAXADJ-IVA,
Jet Fuel,Interest Charge on Inv No. 842951-21701[Receipt No. 19122700511417] MEXICAN IVA TAX - 16% @ 16.000% Ref. Line ID-[877195895],Contract,TAXADJ-IVA,
Jet Fuel,Interest Charge on Inv No. 842951-21701[Receipt No. 19122700511417] MEXICAN IVA TAX - 16% @ 16.000% Ref. Line ID-[877195896],Contract,TAXADJ-IVA,
Jet Fuel,Interest Charge on Inv No. 842955-21701[Receipt No. 009858600108] MEXICAN IVA TAX - 16% @ 16.000% Ref. Line ID-[877184759],Contract,TAXADJ-IVA,
Jet Fuel,Interest Charge on Inv No. 842955-21701[Receipt No. 009858600108] MEXICAN IVA TAX - 16% @ 16.000% Ref. Line ID-[877184763],Contract,TAXADJ-IVA,
Jet Fuel,Interest Charge on Inv No. 842955-21701[Receipt No. 009858600108] MEXICAN IVA TAX - 16% @ 16.000% Ref. Line ID-[877184767],Contract,TAXADJ-IVA,
Jet Fuel,Interest Charge on Inv No. 842955-21701[Receipt No. 009858600108] MEXICAN IVA TAX - 16% @ 16.000% Ref. Line ID-[877184769],Contract,TAXADJ-IVA,
Jet Fuel,Interest Charge on Inv No. 842956-21701[Receipt No. 009858600108] MEXICAN IVA TAX - 16% @ 16.000% Ref. Line ID-[877188017],Contract,TAXADJ-IVA,
Jet Fuel,Interest Charge on Inv No. 842956-21701[Receipt No. 009858600108] MEXICAN IVA TAX - 16% @ 16.000% Ref. Line ID-[877188020],Contract,TAXADJ-IVA,
Jet Fuel,Interest Charge on Inv No. 842956-21701[Receipt No. 009858600108] MEXICAN IVA TAX - 16% @ 16.000% Ref. Line ID-[877188022],Contract,TAXADJ-IVA,
Jet Fuel,Interest Charge on Inv No. 842956-21701[Receipt No. 009858600108] MEXICAN IVA TAX - 16% @ 16.000% Ref. Line ID-[877188024],Contract,TAXADJ-IVA,
Jet Fuel,Interest Charge on Inv No. 842960-21701[Receipt No. 009858600108] MEXICAN IVA TAX - 16% @ 16.000% Ref. Line ID-[877185813],Contract,TAXADJ-IVA,
Jet Fuel,Interest Charge on Inv No. 842960-21701[Receipt No. 009858600108] MEXICAN IVA TAX - 16% @ 16.000% Ref. Line ID-[877185816],Contract,TAXADJ-IVA,
Jet Fuel,Interest Charge on Inv No. 842960-21701[Receipt No. 009858600108] MEXICAN IVA TAX - 16% @ 16.000% Ref. Line ID-[877185844],Contract,TAXADJ-IVA,
Jet Fuel,Interest Charge on Inv No. 842960-21701[Receipt No. 009858600108] MEXICAN IVA TAX - 16% @ 16.000% Ref. Line ID-[877185847],Contract,TAXADJ-IVA,
Jet Fuel,Interest Charge on Inv No. 843477-21701[Receipt No. 53010650380] MEXICAN IVA TAX - 16% @ 16.000% Ref. Line ID-[877573999],Contract,TAXADJ-IVA,
Jet Fuel,Interest Charge on Inv No. 843477-21701[Receipt No. 53010650380] MEXICAN IVA TAX - 16% @ 16.000% Ref. Line ID-[877574000],Contract,TAXADJ-IVA,
Jet Fuel,Interest Charge on Inv No. 843477-21701[Receipt No. 53010650380] MEXICAN IVA TAX - 16% @ 16.000% Ref. Line ID-[877574010],Contract,TAXADJ-IVA,
Jet Fuel,Interest Charge on Inv No. 843477-21701[Receipt No. 53010650380] MEXICAN IVA TAX - 16% @ 16.000% Ref. Line ID-[877574011],Contract,TAXADJ-IVA,
Jet Fuel,Interest Charge on Inv No. 843528-21701[Receipt No. 009858600108] MEXICAN IVA TAX - 16% @ 16.000% Ref. Line ID-[877763560],Contract,TAXADJ-IVA,
Jet Fuel,Interest Charge on Inv No. 843528-21701[Receipt No. 009858600108] MEXICAN IVA TAX - 16% @ 16.000% Ref. Line ID-[877763564],Contract,TAXADJ-IVA,
Jet Fuel,Interest Charge on Inv No. 843528-21701[Receipt No. 009858600108] MEXICAN IVA TAX - 16% @ 16.000% Ref. Line ID-[877763591],Contract,TAXADJ-IVA,
Jet Fuel,Interest Charge on Inv No. 843528-21701[Receipt No. 009858600108] MEXICAN IVA TAX - 16% @ 16.000% Ref. Line ID-[877763593],Contract,TAXADJ-IVA,
Jet Fuel,Interest Charge on Inv No. 843740-21701[Receipt No. 3403571231] MEXICAN IVA TAX - 16% @ 16.000% Ref. Line ID-[877758384],Contract,TAXADJ-IVA,
Jet Fuel,Interest Charge on Inv No. 843740-21701[Receipt No. 3403571231] MEXICAN IVA TAX - 16% @ 16.000% Ref. Line ID-[877758388],Contract,TAXADJ-IVA,
Jet Fuel,Interest Charge on Inv No. 843740-21701[Receipt No. 3403571231] MEXICAN IVA TAX - 16% @ 16.000% Ref. Line ID-[877758392],Contract,TAXADJ-IVA,
Jet Fuel,Interest Charge on Inv No. 843740-21701[Receipt No. 3403571231] MEXICAN IVA TAX - 16% @ 16.000% Ref. Line ID-[877758395],Contract,TAXADJ-IVA,
Jet Fuel,Interest Charge on Inv No. 843741-21701[Receipt No. 3403571231] MEXICAN IVA TAX - 16% @ 16.000% Ref. Line ID-[877758399],Contract,TAXADJ-IVA,
Jet Fuel,Interest Charge on Inv No. 843741-21701[Receipt No. 3403571231] MEXICAN IVA TAX - 16% @ 16.000% Ref. Line ID-[877758402],Contract,TAXADJ-IVA,
Jet Fuel,Interest Charge on Inv No. 843741-21701[Receipt No. 3403571231] MEXICAN IVA TAX - 16% @ 16.000% Ref. Line ID-[877758405],Contract,TAXADJ-IVA,
Jet Fuel,Interest Charge on Inv No. 843782-21701[Receipt No. AVAMEX18265] MEXICAN IVA TAX - 16% @ 16.000% Ref. Line ID-[877923575],Contract,TAXADJ-IVA,
Jet Fuel,Interest Charge on Inv No. 843782-21701[Receipt No. AVAMEX18265] MEXICAN IVA TAX - 16% @ 16.000% Ref. Line ID-[877923578],Contract,TAXADJ-IVA,
Jet Fuel,Interest Charge on Inv No. 843782-21701[Receipt No. AVAMEX18265] MEXICAN IVA TAX - 16% @ 16.000% Ref. Line ID-[877923580],Contract,TAXADJ-IVA,
Jet Fuel,Interest Charge on Inv No. 843932-21701[Receipt No. AVAMEX18265] MEXICAN IVA TAX - 16% @ 16.000% Ref. Line ID-[878144268],Contract,TAXADJ-IVA,
Jet Fuel,Interest Charge on Inv No. 843932-21701[Receipt No. AVAMEX18265] MEXICAN IVA TAX - 16% @ 16.000% Ref. Line ID-[878144283],Contract,TAXADJ-IVA,
Jet Fuel,Interest Charge on Inv No. 843932-21701[Receipt No. AVAMEX18265] MEXICAN IVA TAX - 16% @ 16.000% Ref. Line ID-[878144287],Contract,TAXADJ-IVA,
Jet Fuel,Interest Charge on Inv No. 843932-21701[Receipt No. AVAMEX18265] MEXICAN IVA TAX - 16% @ 16.000% Ref. Line ID-[878144319],Contract,TAXADJ-IVA,
Jet Fuel,Interest Charge on Inv No. 843933-21701[Receipt No. AVAMEX18265] MEXICAN IVA TAX - 16% @ 16.000% Ref. Line ID-[878144491],Contract,TAXADJ-IVA,
Jet Fuel,Interest Charge on Inv No. 843933-21701[Receipt No. AVAMEX18265] MEXICAN IVA TAX - 16% @ 16.000% Ref. Line ID-[878144507],Contract,TAXADJ-IVA,
Jet Fuel,Interest Charge on Inv No. 843933-21701[Receipt No. AVAMEX18265] MEXICAN IVA TAX - 16% @ 16.000% Ref. Line ID-[878144516],Contract,TAXADJ-IVA,
Jet Fuel,Interest Charge on Inv No. 843933-21701[Receipt No. AVAMEX18265] MEXICAN IVA TAX - 16% @ 16.000% Ref. Line ID-[878144520],Contract,TAXADJ-IVA,
Jet Fuel,Interest Charge on Inv No. 843934-21701[Receipt No. AVAMEX18265] MEXICAN IVA TAX - 16% @ 16.000% Ref. Line ID-[878144878],Contract,TAXADJ-IVA,
Jet Fuel,Interest Charge on Inv No. 843934-21701[Receipt No. AVAMEX18265] MEXICAN IVA TAX - 16% @ 16.000% Ref. Line ID-[878144883],Contract,TAXADJ-IVA,
Jet Fuel,Interest Charge on Inv No. 843934-21701[Receipt No. AVAMEX18265] MEXICAN IVA TAX - 16% @ 16.000% Ref. Line ID-[878144885],Contract,TAXADJ-IVA,
Jet Fuel,Interest Charge on Inv No. 843935-21701[Receipt No. AVAMEX18265] MEXICAN IVA TAX - 16% @ 16.000% Ref. Line ID-[878144827],Contract,TAXADJ-IVA,
Jet Fuel,Interest Charge on Inv No. 843935-21701[Receipt No. AVAMEX18265] MEXICAN IVA TAX - 16% @ 16.000% Ref. Line ID-[878144832],Contract,TAXADJ-IVA,
Jet Fuel,Interest Charge on Inv No. 843935-21701[Receipt No. AVAMEX18265] MEXICAN IVA TAX - 16% @ 16.000% Ref. Line ID-[878144835],Contract,TAXADJ-IVA,
Jet Fuel,Interest Charge on Inv No. 845331-21701[Receipt No. 21140395559604] MEXICAN IVA TAX - 16% @ 16.000% Ref. Line ID-[878335378],Contract,TAXADJ-IVA,
Jet Fuel,Interest Charge on Inv No. 845331-21701[Receipt No. 21140395559604] MEXICAN IVA TAX - 16% @ 16.000% Ref. Line ID-[878335379],Contract,TAXADJ-IVA,
Jet Fuel,Interest Charge on Inv No. 845331-21701[Receipt No. 21140395559604] MEXICAN IVA TAX - 16% @ 16.000% Ref. Line ID-[878335380],Contract,TAXADJ-IVA,
Jet Fuel,Interest Charge on Inv No. 845331-21701[Receipt No. 21140395559604] MEXICAN IVA TAX - 16% @ 16.000% Ref. Line ID-[878335381],Contract,TAXADJ-IVA,
Jet Fuel,Interest Charge on Inv No. 845331-21701[Receipt No. 21140395559604] MEXICAN IVA TAX - 16% @ 16.000% Ref. Line ID-[878335383],Contract,TAXADJ-IVA,
Jet Fuel,Interest Charge on Inv No. 845351-21701[Receipt No. 3403571231] MEXICAN IVA TAX - 16% @ 16.000% Ref. Line ID-[878336851],Contract,TAXADJ-IVA,
Jet Fuel,Interest Charge on Inv No. 845351-21701[Receipt No. 3403571231] MEXICAN IVA TAX - 16% @ 16.000% Ref. Line ID-[878336853],Contract,TAXADJ-IVA,
Jet Fuel,Interest Charge on Inv No. 845351-21701[Receipt No. 3403571231] MEXICAN IVA TAX - 16% @ 16.000% Ref. Line ID-[878336856],Contract,TAXADJ-IVA,
Jet Fuel,Interest Charge on Inv No. 845351-21701[Receipt No. 3403571231] MEXICAN IVA TAX - 16% @ 16.000% Ref. Line ID-[878336859],Contract,TAXADJ-IVA,
Jet Fuel,Interest Charge on Inv No. 845543-21701[Receipt No. 009858600108] MEXICAN IVA TAX - 16% @ 16.000% Ref. Line ID-[878650720],Contract,TAXADJ-IVA,
Jet Fuel,Interest Charge on Inv No. 845543-21701[Receipt No. 009858600108] MEXICAN IVA TAX - 16% @ 16.000% Ref. Line ID-[878651753],Contract,TAXADJ-IVA,
Jet Fuel,Interest Charge on Inv No. 845543-21701[Receipt No. 009858600108] MEXICAN IVA TAX - 16% @ 16.000% Ref. Line ID-[878651755],Contract,TAXADJ-IVA,
Jet Fuel,Interest Charge on Inv No. 845543-21701[Receipt No. 009858600108] MEXICAN IVA TAX - 16% @ 16.000% Ref. Line ID-[878651756],Contract,TAXADJ-IVA,
Jet Fuel,Interest Charge on Inv No. 845544-21701[Receipt No. 009858600108] MEXICAN IVA TAX - 16% @ 16.000% Ref. Line ID-[878651768],Contract,TAXADJ-IVA,
Jet Fuel,Interest Charge on Inv No. 845544-21701[Receipt No. 009858600108] MEXICAN IVA TAX - 16% @ 16.000% Ref. Line ID-[878651772],Contract,TAXADJ-IVA,
Jet Fuel,Interest Charge on Inv No. 845544-21701[Receipt No. 009858600108] MEXICAN IVA TAX - 16% @ 16.000% Ref. Line ID-[878651773],Contract,TAXADJ-IVA,
Jet Fuel,Interest Charge on Inv No. 845544-21701[Receipt No. 009858600108] MEXICAN IVA TAX - 16% @ 16.000% Ref. Line ID-[878651777],Contract,TAXADJ-IVA,
Jet Fuel,Interest Charge on Inv No. 845545-21701[Receipt No. 009858600108] MEXICAN IVA TAX - 16% @ 16.000% Ref. Line ID-[878650571],Contract,TAXADJ-IVA,
Jet Fuel,Interest Charge on Inv No. 845545-21701[Receipt No. 009858600108] MEXICAN IVA TAX - 16% @ 16.000% Ref. Line ID-[878650572],Contract,TAXADJ-IVA,
Jet Fuel,Interest Charge on Inv No. 845545-21701[Receipt No. 009858600108] MEXICAN IVA TAX - 16% @ 16.000% Ref. Line ID-[878650573],Contract,TAXADJ-IVA,
Jet Fuel,Interest Charge on Inv No. 845545-21701[Receipt No. 009858600108] MEXICAN IVA TAX - 16% @ 16.000% Ref. Line ID-[878650574],Contract,TAXADJ-IVA,
Jet Fuel,Interest Charge on Inv No. 845568-21701[Receipt No. 3403571231] MEXICAN IVA TAX - 16% @ 16.000% Ref. Line ID-[878652582],Contract,TAXADJ-IVA,
Jet Fuel,Interest Charge on Inv No. 845568-21701[Receipt No. 3403571231] MEXICAN IVA TAX - 16% @ 16.000% Ref. Line ID-[878652586],Contract,TAXADJ-IVA,
Jet Fuel,Interest Charge on Inv No. 845568-21701[Receipt No. 3403571231] MEXICAN IVA TAX - 16% @ 16.000% Ref. Line ID-[878652587],Contract,TAXADJ-IVA,
Jet Fuel,Interest Charge on Inv No. 845568-21701[Receipt No. 3403571231] MEXICAN IVA TAX - 16% @ 16.000% Ref. Line ID-[878652588],Contract,TAXADJ-IVA,
Jet Fuel,Interest Charge on Inv No. 846368-21701[Receipt No. 21140390379291] MEXICAN IVA TAX - 16% @ 16.000% Ref. Line ID-[879472262],Contract,TAXADJ-IVA,
Jet Fuel,Interest Charge on Inv No. 846368-21701[Receipt No. 21140390379291] MEXICAN IVA TAX - 16% @ 16.000% Ref. Line ID-[879472264],Contract,TAXADJ-IVA,
Jet Fuel,Interest Charge on Inv No. 846371-21701[Receipt No. AVAMEX18294] MEXICAN IVA TAX - 16% @ 16.000% Ref. Line ID-[879477862],Contract,TAXADJ-IVA,
Jet Fuel,Interest Charge on Inv No. 846371-21701[Receipt No. AVAMEX18294] MEXICAN IVA TAX - 16% @ 16.000% Ref. Line ID-[879477866],Contract,TAXADJ-IVA,
Jet Fuel,Interest Charge on Inv No. 846371-21701[Receipt No. AVAMEX18294] MEXICAN IVA TAX - 16% @ 16.000% Ref. Line ID-[879477869],Contract,TAXADJ-IVA,
Jet Fuel,Interest Charge on Inv No. 846597-21701[Receipt No. 3403571231] MEXICAN IVA TAX - 16% @ 16.000% Ref. Line ID-[879476530],Contract,TAXADJ-IVA,
Jet Fuel,Interest Charge on Inv No. 846597-21701[Receipt No. 3403571231] MEXICAN IVA TAX - 16% @ 16.000% Ref. Line ID-[879476535],Contract,TAXADJ-IVA,
Jet Fuel,Interest Charge on Inv No. 846597-21701[Receipt No. 3403571231] MEXICAN IVA TAX - 16% @ 16.000% Ref. Line ID-[879476546],Contract,TAXADJ-IVA,
Jet Fuel,Interest Charge on Inv No. 846647-21701[Receipt No. 21140390379291] MEXICAN IVA TAX - 16% @ 16.000% Ref. Line ID-[879556147],Contract,TAXADJ-IVA,
Jet Fuel,Interest Charge on Inv No. 846647-21701[Receipt No. 21140390379291] MEXICAN IVA TAX - 16% @ 16.000% Ref. Line ID-[879556155],Contract,TAXADJ-IVA,
Jet Fuel,Interest Charge on Inv No. 846647-21701[Receipt No. 21140390379291] MEXICAN IVA TAX - 16% @ 16.000% Ref. Line ID-[879556169],Contract,TAXADJ-IVA,
Jet Fuel,Interest Charge on Inv No. 846647-21701[Receipt No. 21140390379291] MEXICAN IVA TAX - 16% @ 16.000% Ref. Line ID-[879556178],Contract,TAXADJ-IVA,
Jet Fuel,Interest Charge on Inv No. 846650-21701[Receipt No. 21140390379291] MEXICAN IVA TAX - 16% @ 16.000% Ref. Line ID-[879562503],Contract,TAXADJ-IVA,
Jet Fuel,Interest Charge on Inv No. 846650-21701[Receipt No. 21140390379291] MEXICAN IVA TAX - 16% @ 16.000% Ref. Line ID-[879562506],Contract,TAXADJ-IVA,
Jet Fuel,Interest Charge on Inv No. 846650-21701[Receipt No. 21140390379291] MEXICAN IVA TAX - 16% @ 16.000% Ref. Line ID-[879562509],Contract,TAXADJ-IVA,
Jet Fuel,Interest Charge on Inv No. 846650-21701[Receipt No. 21140390379291] MEXICAN IVA TAX - 16% @ 16.000% Ref. Line ID-[879562514],Contract,TAXADJ-IVA,
Jet Fuel,Interest Charge on Inv No. 846663-21701[Receipt No. 19123000500254] MEXICAN IVA TAX - 16% @ 16.000% Ref. Line ID-[879559515],Contract,TAXADJ-IVA,
Jet Fuel,Interest Charge on Inv No. 846663-21701[Receipt No. 19123000500254] MEXICAN IVA TAX - 16% @ 16.000% Ref. Line ID-[879559521],Contract,TAXADJ-IVA,
Jet Fuel,Interest Charge on Inv No. 846663-21701[Receipt No. 19123000500254] MEXICAN IVA TAX - 16% @ 16.000% Ref. Line ID-[879559526],Contract,TAXADJ-IVA,
Jet Fuel,Interest Charge on Inv No. 846663-21701[Receipt No. 19123000500254] MEXICAN IVA TAX - 16% @ 16.000% Ref. Line ID-[879559530],Contract,TAXADJ-IVA,
Jet Fuel,Interest Charge on Inv No. 846667-21701[Receipt No. AVAMEX18294] MEXICAN IVA TAX - 16% @ 16.000% Ref. Line ID-[879556925],Contract,TAXADJ-IVA,
Jet Fuel,Interest Charge on Inv No. 846667-21701[Receipt No. AVAMEX18294] MEXICAN IVA TAX - 16% @ 16.000% Ref. Line ID-[879556931],Contract,TAXADJ-IVA,
Jet Fuel,Interest Charge on Inv No. 846667-21701[Receipt No. AVAMEX18294] MEXICAN IVA TAX - 16% @ 16.000% Ref. Line ID-[879556937],Contract,TAXADJ-IVA,
Jet Fuel,Interest Charge on Inv No. 846667-21701[Receipt No. AVAMEX18294] MEXICAN IVA TAX - 16% @ 16.000% Ref. Line ID-[879556942],Contract,TAXADJ-IVA,
Jet Fuel,Interest Charge on Inv No. 846740-21701[Receipt No. AVAMEX18294] MEXICAN IVA TAX - 16% @ 16.000% Ref. Line ID-[879556734],Contract,TAXADJ-IVA,
Jet Fuel,Interest Charge on Inv No. 846740-21701[Receipt No. AVAMEX18294] MEXICAN IVA TAX - 16% @ 16.000% Ref. Line ID-[879556744],Contract,TAXADJ-IVA,
Jet Fuel,Interest Charge on Inv No. 846740-21701[Receipt No. AVAMEX18294] MEXICAN IVA TAX - 16% @ 16.000% Ref. Line ID-[879556749],Contract,TAXADJ-IVA,
Jet Fuel,Interest Charge on Inv No. 846740-21701[Receipt No. AVAMEX18294] MEXICAN IVA TAX - 16% @ 16.000% Ref. Line ID-[879556817],Contract,TAXADJ-IVA,
Jet Fuel,Interest Charge on Inv No. 846741-21701[Receipt No. AVAMEX18265] MEXICAN IVA TAX - 16% @ 16.000% Ref. Line ID-[879556947],Contract,TAXADJ-IVA,
Jet Fuel,Interest Charge on Inv No. 846741-21701[Receipt No. AVAMEX18265] MEXICAN IVA TAX - 16% @ 16.000% Ref. Line ID-[879556952],Contract,TAXADJ-IVA,
Jet Fuel,Interest Charge on Inv No. 846741-21701[Receipt No. AVAMEX18265] MEXICAN IVA TAX - 16% @ 16.000% Ref. Line ID-[879556958],Contract,TAXADJ-IVA,
Jet Fuel,Interest Charge on Inv No. 846741-21701[Receipt No. AVAMEX18265] MEXICAN IVA TAX - 16% @ 16.000% Ref. Line ID-[879556962],Contract,TAXADJ-IVA,
Jet Fuel,Interest Charge on Inv No. 846787-21701[Receipt No. 19123000605723] MEXICAN IVA TAX - 16% @ 16.000% Ref. Line ID-[879733800],Contract,TAXADJ-IVA,
Jet Fuel,Interest Charge on Inv No. 846787-21701[Receipt No. 19123000605723] MEXICAN IVA TAX - 16% @ 16.000% Ref. Line ID-[879733801],Contract,TAXADJ-IVA,
Jet Fuel,Interest Charge on Inv No. 846787-21701[Receipt No. 19123000605723] MEXICAN IVA TAX - 16% @ 16.000% Ref. Line ID-[879734300],Contract,TAXADJ-IVA,
Jet Fuel,Interest Charge on Inv No. 846787-21701[Receipt No. 19123000605723] MEXICAN IVA TAX - 16% @ 16.000% Ref. Line ID-[879734301],Contract,TAXADJ-IVA,
Jet Fuel,Interest Charge on Inv No. 846822-21701[Receipt No. AVAMEX18294] MEXICAN IVA TAX - 16% @ 16.000% Ref. Line ID-[879734562],Contract,TAXADJ-IVA,
Jet Fuel,Interest Charge on Inv No. 846822-21701[Receipt No. AVAMEX18294] MEXICAN IVA TAX - 16% @ 16.000% Ref. Line ID-[879734563],Contract,TAXADJ-IVA,
Jet Fuel,Interest Charge on Inv No. 846822-21701[Receipt No. AVAMEX18294] MEXICAN IVA TAX - 16% @ 16.000% Ref. Line ID-[879734565],Contract,TAXADJ-IVA,
Jet Fuel,Interest Charge on Inv No. 846822-21701[Receipt No. AVAMEX18294] MEXICAN IVA TAX - 16% @ 16.000% Ref. Line ID-[879734566],Contract,TAXADJ-IVA,
Jet Fuel,Interest Charge on Inv No. 846823-21701[Receipt No. AVAMEX18294] MEXICAN IVA TAX - 16% @ 16.000% Ref. Line ID-[879734553],Contract,TAXADJ-IVA,
Jet Fuel,Interest Charge on Inv No. 846823-21701[Receipt No. AVAMEX18294] MEXICAN IVA TAX - 16% @ 16.000% Ref. Line ID-[879734554],Contract,TAXADJ-IVA,
Jet Fuel,Interest Charge on Inv No. 846823-21701[Receipt No. AVAMEX18294] MEXICAN IVA TAX - 16% @ 16.000% Ref. Line ID-[879735005],Contract,TAXADJ-IVA,
Jet Fuel,Interest Charge on Inv No. 846828-21701[Receipt No. AVAMEX18294] MEXICAN IVA TAX - 16% @ 16.000% Ref. Line ID-[879734981],Contract,TAXADJ-IVA,
Jet Fuel,Interest Charge on Inv No. 846828-21701[Receipt No. AVAMEX18294] MEXICAN IVA TAX - 16% @ 16.000% Ref. Line ID-[879734983],Contract,TAXADJ-IVA,
Jet Fuel,Interest Charge on Inv No. 846828-21701[Receipt No. AVAMEX18294] MEXICAN IVA TAX - 16% @ 16.000% Ref. Line ID-[879734984],Contract,TAXADJ-IVA,
Jet Fuel,Interest Charge on Inv No. 846830-21701[Receipt No. AVAMEX18265] MEXICAN IVA TAX - 16% @ 16.000% Ref. Line ID-[879734736],Contract,TAXADJ-IVA,
Jet Fuel,Interest Charge on Inv No. 846830-21701[Receipt No. AVAMEX18265] MEXICAN IVA TAX - 16% @ 16.000% Ref. Line ID-[879734747],Contract,TAXADJ-IVA,
Jet Fuel,Interest Charge on Inv No. 846830-21701[Receipt No. AVAMEX18265] MEXICAN IVA TAX - 16% @ 16.000% Ref. Line ID-[879734748],Contract,TAXADJ-IVA,
Jet Fuel,Interest Charge on Inv No. 846831-21701[Receipt No. AVAMEX18294] MEXICAN IVA TAX - 16% @ 16.000% Ref. Line ID-[879734757],Contract,TAXADJ-IVA,
Jet Fuel,Interest Charge on Inv No. 846831-21701[Receipt No. AVAMEX18294] MEXICAN IVA TAX - 16% @ 16.000% Ref. Line ID-[879735157],Contract,TAXADJ-IVA,
Jet Fuel,Interest Charge on Inv No. 846831-21701[Receipt No. AVAMEX18294] MEXICAN IVA TAX - 16% @ 16.000% Ref. Line ID-[879735158],Contract,TAXADJ-IVA,
Jet Fuel,Interest Charge on Inv No. 846831-21701[Receipt No. AVAMEX18294] MEXICAN IVA TAX - 16% @ 16.000% Ref. Line ID-[879735159],Contract,TAXADJ-IVA,
Jet Fuel,Interest Charge on Inv No. 847156-21701[Receipt No. 1953498] MEXICAN IVA TAX - 16% @ 16.000% Ref. Line ID-[879871050],Contract,TAXADJ-IVA,
Jet Fuel,Interest Charge on Inv No. 847156-21701[Receipt No. 1953498] MEXICAN IVA TAX - 16% @ 16.000% Ref. Line ID-[879871054],Contract,TAXADJ-IVA,
Jet Fuel,Interest Charge on Inv No. 847159-21701[Receipt No. 20010300528540] MEXICAN IVA TAX - 16% @ 16.000% Ref. Line ID-[879871814],Contract,TAXADJ-IVA,
Jet Fuel,Interest Charge on Inv No. 847313-21701[Receipt No. 3403571231] MEXICAN IVA TAX - 16% @ 16.000% Ref. Line ID-[879870110],Contract,TAXADJ-IVA,
Jet Fuel,Interest Charge on Inv No. 847313-21701[Receipt No. 3403571231] MEXICAN IVA TAX - 16% @ 16.000% Ref. Line ID-[879870113],Contract,TAXADJ-IVA,
Jet Fuel,Interest Charge on Inv No. 847313-21701[Receipt No. 3403571231] MEXICAN IVA TAX - 16% @ 16.000% Ref. Line ID-[879870114],Contract,TAXADJ-IVA,
Jet Fuel,Interest Charge on Inv No. 847313-21701[Receipt No. 3403571231] MEXICAN IVA TAX - 16% @ 16.000% Ref. Line ID-[879870116],Contract,TAXADJ-IVA,
Jet Fuel,Interest Charge on Inv No. 847324-21701[Receipt No. 3403571231] MEXICAN IVA TAX - 16% @ 16.000% Ref. Line ID-[879870603],Contract,TAXADJ-IVA,
Jet Fuel,Interest Charge on Inv No. 847324-21701[Receipt No. 3403571231] MEXICAN IVA TAX - 16% @ 16.000% Ref. Line ID-[879870608],Contract,TAXADJ-IVA,
Jet Fuel,Interest Charge on Inv No. 847324-21701[Receipt No. 3403571231] MEXICAN IVA TAX - 16% @ 16.000% Ref. Line ID-[879870611],Contract,TAXADJ-IVA,
Jet Fuel,Interest Charge on Inv No. 847325-21701[Receipt No. 3403571231] MEXICAN IVA TAX - 16% @ 16.000% Ref. Line ID-[879871111],Contract,TAXADJ-IVA,
Jet Fuel,Interest Charge on Inv No. 847325-21701[Receipt No. 3403571231] MEXICAN IVA TAX - 16% @ 16.000% Ref. Line ID-[879871113],Contract,TAXADJ-IVA,
Jet Fuel,Interest Charge on Inv No. 847325-21701[Receipt No. 3403571231] MEXICAN IVA TAX - 16% @ 16.000% Ref. Line ID-[879871115],Contract,TAXADJ-IVA,
Jet Fuel,Interest Charge on Inv No. 847325-21701[Receipt No. 3403571231] MEXICAN IVA TAX - 16% @ 16.000% Ref. Line ID-[879871116],Contract,TAXADJ-IVA,
Jet Fuel,Interest Charge on Inv No. 847342-21701[Receipt No. 20010300528540] MEXICAN IVA TAX - 16% @ 16.000% Ref. Line ID-[879930024],Contract,TAXADJ-IVA,
Jet Fuel,Interest Charge on Inv No. 847453-21701[Receipt No. AVAMEX18294] MEXICAN IVA TAX - 16% @ 16.000% Ref. Line ID-[880047205],Contract,TAXADJ-IVA,
Jet Fuel,Interest Charge on Inv No. 847453-21701[Receipt No. AVAMEX18294] MEXICAN IVA TAX - 16% @ 16.000% Ref. Line ID-[880047228],Contract,TAXADJ-IVA,
Jet Fuel,Interest Charge on Inv No. 847453-21701[Receipt No. AVAMEX18294] MEXICAN IVA TAX - 16% @ 16.000% Ref. Line ID-[880047229],Contract,TAXADJ-IVA,
Jet Fuel,Interest Charge on Inv No. 847453-21701[Receipt No. AVAMEX18294] MEXICAN IVA TAX - 16% @ 16.000% Ref. Line ID-[880047230],Contract,TAXADJ-IVA,
Jet Fuel,Interest Charge on Inv No. 847468-21701[Receipt No. AVAMEX18294] MEXICAN IVA TAX - 16% @ 16.000% Ref. Line ID-[880046972],Contract,TAXADJ-IVA,
Jet Fuel,Interest Charge on Inv No. 847468-21701[Receipt No. AVAMEX18294] MEXICAN IVA TAX - 16% @ 16.000% Ref. Line ID-[880047003],Contract,TAXADJ-IVA,
Jet Fuel,Interest Charge on Inv No. 847468-21701[Receipt No. AVAMEX18294] MEXICAN IVA TAX - 16% @ 16.000% Ref. Line ID-[880047005],Contract,TAXADJ-IVA,
Jet Fuel,Interest Charge on Inv No. 847469-21701[Receipt No. AVAMEX18294] MEXICAN IVA TAX - 16% @ 16.000% Ref. Line ID-[880039471],Contract,TAXADJ-IVA,
Jet Fuel,Interest Charge on Inv No. 847469-21701[Receipt No. AVAMEX18294] MEXICAN IVA TAX - 16% @ 16.000% Ref. Line ID-[880039476],Contract,TAXADJ-IVA,
Jet Fuel,Interest Charge on Inv No. 847469-21701[Receipt No. AVAMEX18294] MEXICAN IVA TAX - 16% @ 16.000% Ref. Line ID-[880039477],Contract,TAXADJ-IVA,
Jet Fuel,Interest Charge on Inv No. 847469-21701[Receipt No. AVAMEX18294] MEXICAN IVA TAX - 16% @ 16.000% Ref. Line ID-[880039478],Contract,TAXADJ-IVA,
Jet Fuel,Interest Charge on Inv No. 847528-21701[Receipt No. AVAMEX18294] MEXICAN IVA TAX - 16% @ 16.000% Ref. Line ID-[880052788],Contract,TAXADJ-IVA,
Jet Fuel,Interest Charge on Inv No. 847528-21701[Receipt No. AVAMEX18294] MEXICAN IVA TAX - 16% @ 16.000% Ref. Line ID-[880052789],Contract,TAXADJ-IVA,
Jet Fuel,Interest Charge on Inv No. 847528-21701[Receipt No. AVAMEX18294] MEXICAN IVA TAX - 16% @ 16.000% Ref. Line ID-[880052814],Contract,TAXADJ-IVA,
Jet Fuel,Interest Charge on Inv No. 847528-21701[Receipt No. AVAMEX18294] MEXICAN IVA TAX - 16% @ 16.000% Ref. Line ID-[880052815],Contract,TAXADJ-IVA,
Jet Fuel,Interest Charge on Inv No. 847627-21701[Receipt No. AVAMEX18294] MEXICAN IVA TAX - 16% @ 16.000% Ref. Line ID-[880048150],Contract,TAXADJ-IVA,
Jet Fuel,Interest Charge on Inv No. 847627-21701[Receipt No. AVAMEX18294] MEXICAN IVA TAX - 16% @ 16.000% Ref. Line ID-[880048152],Contract,TAXADJ-IVA,
Jet Fuel,Interest Charge on Inv No. 847627-21701[Receipt No. AVAMEX18294] MEXICAN IVA TAX - 16% @ 16.000% Ref. Line ID-[880048154],Contract,TAXADJ-IVA,
Jet Fuel,Interest Charge on Inv No. 847979-21701[Receipt No. AVAMEX18294] MEXICAN IVA TAX - 16% @ 16.000% Ref. Line ID-[881142628],Contract,TAXADJ-IVA,
Jet Fuel,Interest Charge on Inv No. 847985-21701[Receipt No. 19123000605723] MEXICAN IVA TAX - 16% @ 16.000% Ref. Line ID-[881284498],Contract,TAXADJ-IVA,
Jet Fuel,Interest Charge on Inv No. 847985-21701[Receipt No. 19123000605723] MEXICAN IVA TAX - 16% @ 16.000% Ref. Line ID-[881284503],Contract,TAXADJ-IVA,
Jet Fuel,Interest Charge on Inv No. 847985-21701[Receipt No. 19123000605723] MEXICAN IVA TAX - 16% @ 16.000% Ref. Line ID-[881284504],Contract,TAXADJ-IVA,
Jet Fuel,Interest Charge on Inv No. 847985-21701[Receipt No. 19123000605723] MEXICAN IVA TAX - 16% @ 16.000% Ref. Line ID-[881284507],Contract,TAXADJ-IVA,
Jet Fuel,Interest Charge on Inv No. 847995-21701[Receipt No. AVAMEX18294] MEXICAN IVA TAX - 16% @ 16.000% Ref. Line ID-[881287972],Contract,TAXADJ-IVA,
Jet Fuel,Interest Charge on Inv No. 847995-21701[Receipt No. AVAMEX18294] MEXICAN IVA TAX - 16% @ 16.000% Ref. Line ID-[881287976],Contract,TAXADJ-IVA,
Jet Fuel,Interest Charge on Inv No. 847995-21701[Receipt No. AVAMEX18294] MEXICAN IVA TAX - 16% @ 16.000% Ref. Line ID-[881287978],Contract,TAXADJ-IVA,
Jet Fuel,Interest Charge on Inv No. 847995-21701[Receipt No. AVAMEX18294] MEXICAN IVA TAX - 16% @ 16.000% Ref. Line ID-[881287980],Contract,TAXADJ-IVA,
Jet Fuel,Interest Charge on Inv No. 848005-21701[Receipt No. AVAMEX18294] MEXICAN IVA TAX - 16% @ 16.000% Ref. Line ID-[881288479],Contract,TAXADJ-IVA,
Jet Fuel,Interest Charge on Inv No. 848005-21701[Receipt No. AVAMEX18294] MEXICAN IVA TAX - 16% @ 16.000% Ref. Line ID-[881288481],Contract,TAXADJ-IVA,
Jet Fuel,Interest Charge on Inv No. 848005-21701[Receipt No. AVAMEX18294] MEXICAN IVA TAX - 16% @ 16.000% Ref. Line ID-[881288482],Contract,TAXADJ-IVA,
Jet Fuel,Interest Charge on Inv No. 848006-21701[Receipt No. AVAMEX18294] MEXICAN IVA TAX - 16% @ 16.000% Ref. Line ID-[881288492],Contract,TAXADJ-IVA,
Jet Fuel,Interest Charge on Inv No. 848006-21701[Receipt No. AVAMEX18294] MEXICAN IVA TAX - 16% @ 16.000% Ref. Line ID-[881288494],Contract,TAXADJ-IVA,
Jet Fuel,Interest Charge on Inv No. 848006-21701[Receipt No. AVAMEX18294] MEXICAN IVA TAX - 16% @ 16.000% Ref. Line ID-[881288496],Contract,TAXADJ-IVA,
Jet Fuel,Interest Charge on Inv No. 849378-21701[Receipt No. 3403571231] MEXICAN IVA TAX - 16% @ 16.000% Ref. Line ID-[881476067],Contract,TAXADJ-IVA,
Jet Fuel,Interest Charge on Inv No. 849378-21701[Receipt No. 3403571231] MEXICAN IVA TAX - 16% @ 16.000% Ref. Line ID-[881476069],Contract,TAXADJ-IVA,
Jet Fuel,Interest Charge on Inv No. 849378-21701[Receipt No. 3403571231] MEXICAN IVA TAX - 16% @ 16.000% Ref. Line ID-[881480867],Contract,TAXADJ-IVA,
Jet Fuel,Interest Charge on Inv No. 849450-21701[Receipt No. 22016068346335] MEXICAN IVA TAX - 16% @ 16.000% Ref. Line ID-[881647483],Contract,TAXADJ-IVA,
Jet Fuel,Interest Charge on Inv No. 849450-21701[Receipt No. 22016068346335] MEXICAN IVA TAX - 16% @ 16.000% Ref. Line ID-[881647486],Contract,TAXADJ-IVA,
Jet Fuel,Interest Charge on Inv No. 849756-21701[Receipt No. 009858600108] MEXICAN IVA TAX - 16% @ 16.000% Ref. Line ID-[881945968],Contract,TAXADJ-IVA,
Jet Fuel,Interest Charge on Inv No. 849756-21701[Receipt No. 009858600108] MEXICAN IVA TAX - 16% @ 16.000% Ref. Line ID-[881945970],Contract,TAXADJ-IVA,
Jet Fuel,Interest Charge on Inv No. 849756-21701[Receipt No. 009858600108] MEXICAN IVA TAX - 16% @ 16.000% Ref. Line ID-[881945976],Contract,TAXADJ-IVA,
Jet Fuel,Interest Charge on Inv No. 849757-21701[Receipt No. 009858600108] MEXICAN IVA TAX - 16% @ 16.000% Ref. Line ID-[881946101],Contract,TAXADJ-IVA,
Jet Fuel,Interest Charge on Inv No. 849757-21701[Receipt No. 009858600108] MEXICAN IVA TAX - 16% @ 16.000% Ref. Line ID-[881946102],Contract,TAXADJ-IVA,
Jet Fuel,Interest Charge on Inv No. 849757-21701[Receipt No. 009858600108] MEXICAN IVA TAX - 16% @ 16.000% Ref. Line ID-[881946103],Contract,TAXADJ-IVA,
Jet Fuel,Interest Charge on Inv No. 849758-21701[Receipt No. 009858600108] MEXICAN IVA TAX - 16% @ 16.000% Ref. Line ID-[881939446],Contract,TAXADJ-IVA,
Jet Fuel,Interest Charge on Inv No. 849758-21701[Receipt No. 009858600108] MEXICAN IVA TAX - 16% @ 16.000% Ref. Line ID-[881939447],Contract,TAXADJ-IVA,
Jet Fuel,Interest Charge on Inv No. 849758-21701[Receipt No. 009858600108] MEXICAN IVA TAX - 16% @ 16.000% Ref. Line ID-[881945576],Contract,TAXADJ-IVA,
Jet Fuel,Interest Charge on Inv No. 849982-21701[Receipt No. 242151022020] MEXICAN IVA TAX - 16% @ 16.000% Ref. Line ID-[882373245],Contract,TAXADJ-IVA,
Jet Fuel,Interest Charge on Inv No. 849982-21701[Receipt No. 242151022020] MEXICAN IVA TAX - 16% @ 16.000% Ref. Line ID-[882373246],Contract,TAXADJ-IVA,
Jet Fuel,Interest Charge on Inv No. 849982-21701[Receipt No. 242151022020] MEXICAN IVA TAX - 16% @ 16.000% Ref. Line ID-[882373247],Contract,TAXADJ-IVA,
Jet Fuel,Interest Charge on Inv No. 849982-21701[Receipt No. 242151022020] MEXICAN IVA TAX - 16% @ 16.000% Ref. Line ID-[882373248],Contract,TAXADJ-IVA,
Jet Fuel,Interest Charge on Inv No. 849988-21701[Receipt No. 242151022020] MEXICAN IVA TAX - 16% @ 16.000% Ref. Line ID-[882373493],Contract,TAXADJ-IVA,
Jet Fuel,Interest Charge on Inv No. 849988-21701[Receipt No. 242151022020] MEXICAN IVA TAX - 16% @ 16.000% Ref. Line ID-[882373494],Contract,TAXADJ-IVA,
Jet Fuel,Interest Charge on Inv No. 849988-21701[Receipt No. 242151022020] MEXICAN IVA TAX - 16% @ 16.000% Ref. Line ID-[882373495],Contract,TAXADJ-IVA,
Jet Fuel,Interest Charge on Inv No. 849988-21701[Receipt No. 242151022020] MEXICAN IVA TAX - 16% @ 16.000% Ref. Line ID-[882373496],Contract,TAXADJ-IVA,
Jet Fuel,Interest Charge on Inv No. 850025-21701[Receipt No. AVAMEX18294] MEXICAN IVA TAX - 16% @ 16.000% Ref. Line ID-[882440635],Contract,TAXADJ-IVA,
Jet Fuel,Interest Charge on Inv No. 850025-21701[Receipt No. AVAMEX18294] MEXICAN IVA TAX - 16% @ 16.000% Ref. Line ID-[882440636],Contract,TAXADJ-IVA,
Jet Fuel,Interest Charge on Inv No. 850025-21701[Receipt No. AVAMEX18294] MEXICAN IVA TAX - 16% @ 16.000% Ref. Line ID-[882440637],Contract,TAXADJ-IVA,
Jet Fuel,Interest Charge on Inv No. 850025-21701[Receipt No. AVAMEX18294] MEXICAN IVA TAX - 16% @ 16.000% Ref. Line ID-[882440638],Contract,TAXADJ-IVA,
Jet Fuel,Interest Charge on Inv No. 850351-21701[Receipt No. 242151022020] MEXICAN IVA TAX - 16% @ 16.000% Ref. Line ID-[882575667],Contract,TAXADJ-IVA,
Jet Fuel,Interest Charge on Inv No. 850351-21701[Receipt No. 242151022020] MEXICAN IVA TAX - 16% @ 16.000% Ref. Line ID-[882575668],Contract,TAXADJ-IVA,
Jet Fuel,Interest Charge on Inv No. 850351-21701[Receipt No. 242151022020] MEXICAN IVA TAX - 16% @ 16.000% Ref. Line ID-[882575669],Contract,TAXADJ-IVA,
Jet Fuel,Interest Charge on Inv No. 850352-21701[Receipt No. 242151022020] MEXICAN IVA TAX - 16% @ 16.000% Ref. Line ID-[882576458],Contract,TAXADJ-IVA,
Jet Fuel,Interest Charge on Inv No. 850352-21701[Receipt No. 242151022020] MEXICAN IVA TAX - 16% @ 16.000% Ref. Line ID-[882576459],Contract,TAXADJ-IVA,
Jet Fuel,Interest Charge on Inv No. 850352-21701[Receipt No. 242151022020] MEXICAN IVA TAX - 16% @ 16.000% Ref. Line ID-[882576460],Contract,TAXADJ-IVA,
Jet Fuel,Interest Charge on Inv No. 850353-21701[Receipt No. 242151022020] MEXICAN IVA TAX - 16% @ 16.000% Ref. Line ID-[882576571],Contract,TAXADJ-IVA,
Jet Fuel,Interest Charge on Inv No. 850353-21701[Receipt No. 242151022020] MEXICAN IVA TAX - 16% @ 16.000% Ref. Line ID-[882576572],Contract,TAXADJ-IVA,
Jet Fuel,Interest Charge on Inv No. 850353-21701[Receipt No. 242151022020] MEXICAN IVA TAX - 16% @ 16.000% Ref. Line ID-[882576573],Contract,TAXADJ-IVA,
Jet Fuel,Interest Charge on Inv No. 850705-21701[Receipt No. 009858600108] MEXICAN IVA TAX - 16% @ 16.000% Ref. Line ID-[882897453],Contract,TAXADJ-IVA,
Jet Fuel,Interest Charge on Inv No. 850705-21701[Receipt No. 009858600108] MEXICAN IVA TAX - 16% @ 16.000% Ref. Line ID-[882904562],Contract,TAXADJ-IVA,
Jet Fuel,Interest Charge on Inv No. 850705-21701[Receipt No. 009858600108] MEXICAN IVA TAX - 16% @ 16.000% Ref. Line ID-[882904592],Contract,TAXADJ-IVA,
Jet Fuel,Interest Charge on Inv No. 850705-21701[Receipt No. 009858600108] MEXICAN IVA TAX - 16% @ 16.000% Ref. Line ID-[882904596],Contract,TAXADJ-IVA,
Jet Fuel,Interest Charge on Inv No. 850706-21701[Receipt No. 009858600108] MEXICAN IVA TAX - 16% @ 16.000% Ref. Line ID-[882904494],Contract,TAXADJ-IVA,
Jet Fuel,Interest Charge on Inv No. 850706-21701[Receipt No. 009858600108] MEXICAN IVA TAX - 16% @ 16.000% Ref. Line ID-[882904498],Contract,TAXADJ-IVA,
Jet Fuel,Interest Charge on Inv No. 850706-21701[Receipt No. 009858600108] MEXICAN IVA TAX - 16% @ 16.000% Ref. Line ID-[882904502],Contract,TAXADJ-IVA,
Jet Fuel,Interest Charge on Inv No. 850706-21701[Receipt No. 009858600108] MEXICAN IVA TAX - 16% @ 16.000% Ref. Line ID-[882904555],Contract,TAXADJ-IVA,
Jet Fuel,Interest Charge on Inv No. 850710-21701[Receipt No. 242151022020] MEXICAN IVA TAX - 16% @ 16.000% Ref. Line ID-[882901449],Contract,TAXADJ-IVA,
Jet Fuel,Interest Charge on Inv No. 850710-21701[Receipt No. 242151022020] MEXICAN IVA TAX - 16% @ 16.000% Ref. Line ID-[882901491],Contract,TAXADJ-IVA,
Jet Fuel,Interest Charge on Inv No. 850710-21701[Receipt No. 242151022020] MEXICAN IVA TAX - 16% @ 16.000% Ref. Line ID-[882901493],Contract,TAXADJ-IVA,
Jet Fuel,Interest Charge on Inv No. 850734-21701[Receipt No. 009858600108] MEXICAN IVA TAX - 16% @ 16.000% Ref. Line ID-[882903933],Contract,TAXADJ-IVA,
Jet Fuel,Interest Charge on Inv No. 850734-21701[Receipt No. 009858600108] MEXICAN IVA TAX - 16% @ 16.000% Ref. Line ID-[882903936],Contract,TAXADJ-IVA,
Jet Fuel,Interest Charge on Inv No. 850734-21701[Receipt No. 009858600108] MEXICAN IVA TAX - 16% @ 16.000% Ref. Line ID-[882903941],Contract,TAXADJ-IVA,
Jet Fuel,Interest Charge on Inv No. 850734-21701[Receipt No. 009858600108] MEXICAN IVA TAX - 16% @ 16.000% Ref. Line ID-[882903944],Contract,TAXADJ-IVA,
Jet Fuel,Interest Charge on Inv No. 850735-21701[Receipt No. 009858600108] MEXICAN IVA TAX - 16% @ 16.000% Ref. Line ID-[882903890],Contract,TAXADJ-IVA,
Jet Fuel,Interest Charge on Inv No. 850735-21701[Receipt No. 009858600108] MEXICAN IVA TAX - 16% @ 16.000% Ref. Line ID-[882903894],Contract,TAXADJ-IVA,
Jet Fuel,Interest Charge on Inv No. 850735-21701[Receipt No. 009858600108] MEXICAN IVA TAX - 16% @ 16.000% Ref. Line ID-[882903897],Contract,TAXADJ-IVA,
Jet Fuel,Interest Charge on Inv No. 850735-21701[Receipt No. 009858600108] MEXICAN IVA TAX - 16% @ 16.000% Ref. Line ID-[882903899],Contract,TAXADJ-IVA,
Jet Fuel,Interest Charge on Inv No. 850737-21701[Receipt No. AVAMEX18294] MEXICAN IVA TAX - 16% @ 16.000% Ref. Line ID-[882906155],Contract,TAXADJ-IVA,
Jet Fuel,Interest Charge on Inv No. 850737-21701[Receipt No. AVAMEX18294] MEXICAN IVA TAX - 16% @ 16.000% Ref. Line ID-[882906159],Contract,TAXADJ-IVA,
Jet Fuel,Interest Charge on Inv No. 850737-21701[Receipt No. AVAMEX18294] MEXICAN IVA TAX - 16% @ 16.000% Ref. Line ID-[882906162],Contract,TAXADJ-IVA,
Jet Fuel,Interest Charge on Inv No. 850739-21701[Receipt No. 242151022020] MEXICAN IVA TAX - 16% @ 16.000% Ref. Line ID-[882902343],Contract,TAXADJ-IVA,
Jet Fuel,Interest Charge on Inv No. 850739-21701[Receipt No. 242151022020] MEXICAN IVA TAX - 16% @ 16.000% Ref. Line ID-[882902346],Contract,TAXADJ-IVA,
Jet Fuel,Interest Charge on Inv No. 850739-21701[Receipt No. 242151022020] MEXICAN IVA TAX - 16% @ 16.000% Ref. Line ID-[882902349],Contract,TAXADJ-IVA,
Jet Fuel,Interest Charge on Inv No. 850740-21701[Receipt No. AVAMEX18294] MEXICAN IVA TAX - 16% @ 16.000% Ref. Line ID-[882905052],Contract,TAXADJ-IVA,
Jet Fuel,Interest Charge on Inv No. 850740-21701[Receipt No. AVAMEX18294] MEXICAN IVA TAX - 16% @ 16.000% Ref. Line ID-[882913444],Contract,TAXADJ-IVA,
Jet Fuel,Interest Charge on Inv No. 850740-21701[Receipt No. AVAMEX18294] MEXICAN IVA TAX - 16% @ 16.000% Ref. Line ID-[882913445],Contract,TAXADJ-IVA,
Jet Fuel,Interest Charge on Inv No. 850740-21701[Receipt No. AVAMEX18294] MEXICAN IVA TAX - 16% @ 16.000% Ref. Line ID-[882913447],Contract,TAXADJ-IVA,
Jet Fuel,Interest Charge on Inv No. 850741-21701[Receipt No. AVAMEX18294] MEXICAN IVA TAX - 16% @ 16.000% Ref. Line ID-[882913410],Contract,TAXADJ-IVA,
Jet Fuel,Interest Charge on Inv No. 850741-21701[Receipt No. AVAMEX18294] MEXICAN IVA TAX - 16% @ 16.000% Ref. Line ID-[882913412],Contract,TAXADJ-IVA,
Jet Fuel,Interest Charge on Inv No. 850741-21701[Receipt No. AVAMEX18294] MEXICAN IVA TAX - 16% @ 16.000% Ref. Line ID-[882913414],Contract,TAXADJ-IVA,
Jet Fuel,Interest Charge on Inv No. 850742-21701[Receipt No. AVAMEX18294] MEXICAN IVA TAX - 16% @ 16.000% Ref. Line ID-[882905034],Contract,TAXADJ-IVA,
Jet Fuel,Interest Charge on Inv No. 850742-21701[Receipt No. AVAMEX18294] MEXICAN IVA TAX - 16% @ 16.000% Ref. Line ID-[882905038],Contract,TAXADJ-IVA,
Jet Fuel,Interest Charge on Inv No. 850742-21701[Receipt No. AVAMEX18294] MEXICAN IVA TAX - 16% @ 16.000% Ref. Line ID-[882905040],Contract,TAXADJ-IVA,
Jet Fuel,Interest Charge on Inv No. 850742-21701[Receipt No. AVAMEX18294] MEXICAN IVA TAX - 16% @ 16.000% Ref. Line ID-[882905045],Contract,TAXADJ-IVA,
Jet Fuel,Interest Charge on Inv No. 850744-21701[Receipt No. 242151022020] MEXICAN IVA TAX - 16% @ 16.000% Ref. Line ID-[882912244],Contract,TAXADJ-IVA,
Jet Fuel,Interest Charge on Inv No. 850744-21701[Receipt No. 242151022020] MEXICAN IVA TAX - 16% @ 16.000% Ref. Line ID-[882912247],Contract,TAXADJ-IVA,
Jet Fuel,Interest Charge on Inv No. 850744-21701[Receipt No. 242151022020] MEXICAN IVA TAX - 16% @ 16.000% Ref. Line ID-[882912250],Contract,TAXADJ-IVA,
Jet Fuel,Interest Charge on Inv No. 850750-21701[Receipt No. AVAMEX18294] MEXICAN IVA TAX - 16% @ 16.000% Ref. Line ID-[882913971],Contract,TAXADJ-IVA,
Jet Fuel,Interest Charge on Inv No. 850750-21701[Receipt No. AVAMEX18294] MEXICAN IVA TAX - 16% @ 16.000% Ref. Line ID-[882913973],Contract,TAXADJ-IVA,
Jet Fuel,Interest Charge on Inv No. 850750-21701[Receipt No. AVAMEX18294] MEXICAN IVA TAX - 16% @ 16.000% Ref. Line ID-[882913975],Contract,TAXADJ-IVA,
Jet Fuel,Interest Charge on Inv No. 850757-21701[Receipt No. AVAMEX18294] MEXICAN IVA TAX - 16% @ 16.000% Ref. Line ID-[882908422],Contract,TAXADJ-IVA,
Jet Fuel,Interest Charge on Inv No. 850757-21701[Receipt No. AVAMEX18294] MEXICAN IVA TAX - 16% @ 16.000% Ref. Line ID-[882908426],Contract,TAXADJ-IVA,
Jet Fuel,Interest Charge on Inv No. 850757-21701[Receipt No. AVAMEX18294] MEXICAN IVA TAX - 16% @ 16.000% Ref. Line ID-[882908430],Contract,TAXADJ-IVA,
Jet Fuel,Interest Charge on Inv No. 851599-21701[Receipt No. 009858600108] MEXICAN IVA TAX - 16% @ 16.000% Ref. Line ID-[883602566],Contract,TAXADJ-IVA,
Jet Fuel,Interest Charge on Inv No. 851599-21701[Receipt No. 009858600108] MEXICAN IVA TAX - 16% @ 16.000% Ref. Line ID-[883602568],Contract,TAXADJ-IVA,
Jet Fuel,Interest Charge on Inv No. 851599-21701[Receipt No. 009858600108] MEXICAN IVA TAX - 16% @ 16.000% Ref. Line ID-[883602569],Contract,TAXADJ-IVA,
Jet Fuel,Interest Charge on Inv No. 851599-21701[Receipt No. 009858600108] MEXICAN IVA TAX - 16% @ 16.000% Ref. Line ID-[883602593],Contract,TAXADJ-IVA,
Jet Fuel,Interest Charge on Inv No. 851762-21701[Receipt No. 009858600108] MEXICAN IVA TAX - 16% @ 16.000% Ref. Line ID-[884016819],Contract,TAXADJ-IVA,
Jet Fuel,Interest Charge on Inv No. 851762-21701[Receipt No. 009858600108] MEXICAN IVA TAX - 16% @ 16.000% Ref. Line ID-[884016820],Contract,TAXADJ-IVA,
Jet Fuel,Interest Charge on Inv No. 851762-21701[Receipt No. 009858600108] MEXICAN IVA TAX - 16% @ 16.000% Ref. Line ID-[884016821],Contract,TAXADJ-IVA,
Jet Fuel,Interest Charge on Inv No. 851762-21701[Receipt No. 009858600108] MEXICAN IVA TAX - 16% @ 16.000% Ref. Line ID-[884016822],Contract,TAXADJ-IVA,
Jet Fuel,Interest Charge on Inv No. 853127-21701[Receipt No. 009858600108] MEXICAN IVA TAX - 16% @ 16.000% Ref. Line ID-[884320746],Contract,TAXADJ-IVA,
Jet Fuel,Interest Charge on Inv No. 853127-21701[Receipt No. 009858600108] MEXICAN IVA TAX - 16% @ 16.000% Ref. Line ID-[884320748],Contract,TAXADJ-IVA,
Jet Fuel,Interest Charge on Inv No. 853127-21701[Receipt No. 009858600108] MEXICAN IVA TAX - 16% @ 16.000% Ref. Line ID-[884320750],Contract,TAXADJ-IVA,
Jet Fuel,Interest Charge on Inv No. 853129-21701[Receipt No. 21140390379291] MEXICAN IVA TAX - 16% @ 16.000% Ref. Line ID-[884331006],Contract,TAXADJ-IVA,
Jet Fuel,Interest Charge on Inv No. 853144-21701[Receipt No. 009858600108] MEXICAN IVA TAX - 16% @ 16.000% Ref. Line ID-[884331025],Contract,TAXADJ-IVA,
Jet Fuel,Interest Charge on Inv No. 853144-21701[Receipt No. 009858600108] MEXICAN IVA TAX - 16% @ 16.000% Ref. Line ID-[884331026],Contract,TAXADJ-IVA,
Jet Fuel,Interest Charge on Inv No. 853144-21701[Receipt No. 009858600108] MEXICAN IVA TAX - 16% @ 16.000% Ref. Line ID-[884331028],Contract,TAXADJ-IVA,
Jet Fuel,Interest Charge on Inv No. 853144-21701[Receipt No. 009858600108] MEXICAN IVA TAX - 16% @ 16.000% Ref. Line ID-[884331029],Contract,TAXADJ-IVA,
Jet Fuel,Interest Charge on Inv No. 853146-21701[Receipt No. 20011000584954] MEXICAN IVA TAX - 16% @ 16.000% Ref. Line ID-[884345820],Contract,TAXADJ-IVA,
Jet Fuel,Interest Charge on Inv No. 853172-21701[Receipt No. AVAMEX18294] MEXICAN IVA TAX - 16% @ 16.000% Ref. Line ID-[884331826],Contract,TAXADJ-IVA,
Jet Fuel,Interest Charge on Inv No. 853173-21701[Receipt No. 20011000584954] MEXICAN IVA TAX - 16% @ 16.000% Ref. Line ID-[884345123],Contract,TAXADJ-IVA,
Jet Fuel,Interest Charge on Inv No. 853177-21701[Receipt No. 009858600108] MEXICAN IVA TAX - 16% @ 16.000% Ref. Line ID-[884325379],Contract,TAXADJ-IVA,
Jet Fuel,Interest Charge on Inv No. 853177-21701[Receipt No. 009858600108] MEXICAN IVA TAX - 16% @ 16.000% Ref. Line ID-[884325381],Contract,TAXADJ-IVA,
Jet Fuel,Interest Charge on Inv No. 853177-21701[Receipt No. 009858600108] MEXICAN IVA TAX - 16% @ 16.000% Ref. Line ID-[884325383],Contract,TAXADJ-IVA,
Jet Fuel,Interest Charge on Inv No. 853231-21701[Receipt No. 009858600108] MEXICAN IVA TAX - 16% @ 16.000% Ref. Line ID-[884674238],Contract,TAXADJ-IVA,
Jet Fuel,Interest Charge on Inv No. 853231-21701[Receipt No. 009858600108] MEXICAN IVA TAX - 16% @ 16.000% Ref. Line ID-[884674241],Contract,TAXADJ-IVA,
Jet Fuel,Interest Charge on Inv No. 853231-21701[Receipt No. 009858600108] MEXICAN IVA TAX - 16% @ 16.000% Ref. Line ID-[884674242],Contract,TAXADJ-IVA,
Jet Fuel,Interest Charge on Inv No. 853231-21701[Receipt No. 009858600108] MEXICAN IVA TAX - 16% @ 16.000% Ref. Line ID-[884674244],Contract,TAXADJ-IVA,
Jet Fuel,Interest Charge on Inv No. 853330-21701[Receipt No. AVAMEX18403] MEXICAN IVA TAX - 16% @ 16.000% Ref. Line ID-[884874223],Contract,TAXADJ-IVA,
Jet Fuel,Interest Charge on Inv No. 853343-21701[Receipt No. 20011700691061] MEXICAN IVA TAX - 16% @ 16.000% Ref. Line ID-[884877414],Contract,TAXADJ-IVA,
Jet Fuel,Interest Charge on Inv No. 853416-21701[Receipt No. 009858600108] MEXICAN IVA TAX - 16% @ 16.000% Ref. Line ID-[884871481],Contract,TAXADJ-IVA,
Jet Fuel,Interest Charge on Inv No. 853416-21701[Receipt No. 009858600108] MEXICAN IVA TAX - 16% @ 16.000% Ref. Line ID-[884871482],Contract,TAXADJ-IVA,
Jet Fuel,Interest Charge on Inv No. 853416-21701[Receipt No. 009858600108] MEXICAN IVA TAX - 16% @ 16.000% Ref. Line ID-[884871483],Contract,TAXADJ-IVA,
Jet Fuel,Interest Charge on Inv No. 853416-21701[Receipt No. 009858600108] MEXICAN IVA TAX - 16% @ 16.000% Ref. Line ID-[884871484],Contract,TAXADJ-IVA,
Jet Fuel,Interest Charge on Inv No. 853483-21701[Receipt No. AVAMEX18403] MEXICAN IVA TAX - 16% @ 16.000% Ref. Line ID-[884874200],Contract,TAXADJ-IVA,
Jet Fuel,Interest Charge on Inv No. 853484-21701[Receipt No. AVAMEX18403] MEXICAN IVA TAX - 16% @ 16.000% Ref. Line ID-[884874198],Contract,TAXADJ-IVA,
Jet Fuel,Interest Charge on Inv No. 853485-21701[Receipt No. AVAMEX18403] MEXICAN IVA TAX - 16% @ 16.000% Ref. Line ID-[884872737],Contract,TAXADJ-IVA,
Jet Fuel,Interest Charge on Inv No. 853503-21701[Receipt No. AVAMEX18403] MEXICAN IVA TAX - 16% @ 16.000% Ref. Line ID-[885028983],Contract,TAXADJ-IVA,
Jet Fuel,Interest Charge on Inv No. 853504-21701[Receipt No. AVAMEX18403] MEXICAN IVA TAX - 16% @ 16.000% Ref. Line ID-[885029071],Contract,TAXADJ-IVA,
Jet Fuel,Interest Charge on Inv No. 853505-21701[Receipt No. AVAMEX18403] MEXICAN IVA TAX - 16% @ 16.000% Ref. Line ID-[885029036],Contract,TAXADJ-IVA,
Jet Fuel,Interest Charge on Inv No. 853506-21701[Receipt No. AVAMEX18403] MEXICAN IVA TAX - 16% @ 16.000% Ref. Line ID-[885028337],Contract,TAXADJ-IVA,
Jet Fuel,Interest Charge on Inv No. 853507-21701[Receipt No. AVAMEX18403] MEXICAN IVA TAX - 16% @ 16.000% Ref. Line ID-[885029028],Contract,TAXADJ-IVA,
Jet Fuel,Interest Charge on Inv No. 853509-21701[Receipt No. AVAMEX18403] MEXICAN IVA TAX - 16% @ 16.000% Ref. Line ID-[885028528],Contract,TAXADJ-IVA,
Jet Fuel,Interest Charge on Inv No. 853510-21701[Receipt No. AVAMEX18403] MEXICAN IVA TAX - 16% @ 16.000% Ref. Line ID-[885026403],Contract,TAXADJ-IVA,
Jet Fuel,Interest Charge on Inv No. 853511-21701[Receipt No. AVAMEX18403] MEXICAN IVA TAX - 16% @ 16.000% Ref. Line ID-[885028788],Contract,TAXADJ-IVA,
Jet Fuel,Interest Charge on Inv No. 853512-21701[Receipt No. AVAMEX18403] MEXICAN IVA TAX - 16% @ 16.000% Ref. Line ID-[885029092],Contract,TAXADJ-IVA,
Jet Fuel,Interest Charge on Inv No. 853513-21701[Receipt No. AVAMEX18403] MEXICAN IVA TAX - 16% @ 16.000% Ref. Line ID-[885029065],Contract,TAXADJ-IVA,
Jet Fuel,Interest Charge on Inv No. 853514-21701[Receipt No. AVAMEX18403] MEXICAN IVA TAX - 16% @ 16.000% Ref. Line ID-[885029079],Contract,TAXADJ-IVA,
Jet Fuel,Interest Charge on Inv No. 854177-21701[Receipt No. AVAMEX18403] MEXICAN IVA TAX - 16% @ 16.000% Ref. Line ID-[885270170],Contract,TAXADJ-IVA,
Jet Fuel,Interest Charge on Inv No. 854177-21701[Receipt No. AVAMEX18403] MEXICAN IVA TAX - 16% @ 16.000% Ref. Line ID-[885270172],Contract,TAXADJ-IVA,
Jet Fuel,Interest Charge on Inv No. 854177-21701[Receipt No. AVAMEX18403] MEXICAN IVA TAX - 16% @ 16.000% Ref. Line ID-[885270174],Contract,TAXADJ-IVA,
Jet Fuel,Interest Charge on Inv No. 854177-21701[Receipt No. AVAMEX18403] MEXICAN IVA TAX - 16% @ 16.000% Ref. Line ID-[885270175],Contract,TAXADJ-IVA,
Jet Fuel,Interest Charge on Inv No. 854187-21701[Receipt No. AVAMEX18403] MEXICAN IVA TAX - 16% @ 16.000% Ref. Line ID-[885270248],Contract,TAXADJ-IVA,
Jet Fuel,Interest Charge on Inv No. 854187-21701[Receipt No. AVAMEX18403] MEXICAN IVA TAX - 16% @ 16.000% Ref. Line ID-[885270274],Contract,TAXADJ-IVA,
Jet Fuel,Interest Charge on Inv No. 854187-21701[Receipt No. AVAMEX18403] MEXICAN IVA TAX - 16% @ 16.000% Ref. Line ID-[885270276],Contract,TAXADJ-IVA,
Jet Fuel,Interest Charge on Inv No. 854189-21701[Receipt No. AVAMEX18403] MEXICAN IVA TAX - 16% @ 16.000% Ref. Line ID-[885271288],Contract,TAXADJ-IVA,
Jet Fuel,Interest Charge on Inv No. 854189-21701[Receipt No. AVAMEX18403] MEXICAN IVA TAX - 16% @ 16.000% Ref. Line ID-[885271289],Contract,TAXADJ-IVA,
Jet Fuel,Interest Charge on Inv No. 854189-21701[Receipt No. AVAMEX18403] MEXICAN IVA TAX - 16% @ 16.000% Ref. Line ID-[885271290],Contract,TAXADJ-IVA,
Jet Fuel,Interest Charge on Inv No. 854189-21701[Receipt No. AVAMEX18403] MEXICAN IVA TAX - 16% @ 16.000% Ref. Line ID-[885271291],Contract,TAXADJ-IVA,
Jet Fuel,Interest Charge on Inv No. 854190-21701[Receipt No. AVAMEX18403] MEXICAN IVA TAX - 16% @ 16.000% Ref. Line ID-[885271295],Contract,TAXADJ-IVA,
Jet Fuel,Interest Charge on Inv No. 854190-21701[Receipt No. AVAMEX18403] MEXICAN IVA TAX - 16% @ 16.000% Ref. Line ID-[885271296],Contract,TAXADJ-IVA,
Jet Fuel,Interest Charge on Inv No. 854190-21701[Receipt No. AVAMEX18403] MEXICAN IVA TAX - 16% @ 16.000% Ref. Line ID-[885271297],Contract,TAXADJ-IVA,
Jet Fuel,Interest Charge on Inv No. 854199-21701[Receipt No. AVAMEX18403] MEXICAN IVA TAX - 16% @ 16.000% Ref. Line ID-[885271612],Contract,TAXADJ-IVA,
Jet Fuel,Interest Charge on Inv No. 854203-21701[Receipt No. AVAMEX18403] MEXICAN IVA TAX - 16% @ 16.000% Ref. Line ID-[885271136],Contract,TAXADJ-IVA,
Jet Fuel,Interest Charge on Inv No. 854206-21701[Receipt No. AVAMEX18403] MEXICAN IVA TAX - 16% @ 16.000% Ref. Line ID-[885271732],Contract,TAXADJ-IVA,
Jet Fuel,Interest Charge on Inv No. 854207-21701[Receipt No. AVAMEX18403] MEXICAN IVA TAX - 16% @ 16.000% Ref. Line ID-[885267681],Contract,TAXADJ-IVA,
Jet Fuel,Interest Charge on Inv No. 854208-21701[Receipt No. AVAMEX18403] MEXICAN IVA TAX - 16% @ 16.000% Ref. Line ID-[885267598],Contract,TAXADJ-IVA,
Jet Fuel,Interest Charge on Inv No. 854209-21701[Receipt No. AVAMEX18403] MEXICAN IVA TAX - 16% @ 16.000% Ref. Line ID-[885271751],Contract,TAXADJ-IVA,
Jet Fuel,Interest Charge on Inv No. 854210-21701[Receipt No. AVAMEX18403] MEXICAN IVA TAX - 16% @ 16.000% Ref. Line ID-[885271139],Contract,TAXADJ-IVA,
Jet Fuel,Interest Charge on Inv No. 854211-21701[Receipt No. AVAMEX18403] MEXICAN IVA TAX - 16% @ 16.000% Ref. Line ID-[885271137],Contract,TAXADJ-IVA,
Jet Fuel,Interest Charge on Inv No. 854212-21701[Receipt No. AVAMEX18403] MEXICAN IVA TAX - 16% @ 16.000% Ref. Line ID-[885271134],Contract,TAXADJ-IVA,
Jet Fuel,Interest Charge on Inv No. 854214-21701[Receipt No. 22016069071696] MEXICAN IVA TAX - 16% @ 16.000% Ref. Line ID-[885266164],Contract,TAXADJ-IVA,
Jet Fuel,Interest Charge on Inv No. 854215-21701[Receipt No. AVAMEX18403] MEXICAN IVA TAX - 16% @ 16.000% Ref. Line ID-[885267711],Contract,TAXADJ-IVA,
Jet Fuel,Interest Charge on Inv No. 854216-21701[Receipt No. AVAMEX18403] MEXICAN IVA TAX - 16% @ 16.000% Ref. Line ID-[885271781],Contract,TAXADJ-IVA,
Jet Fuel,Interest Charge on Inv No. 854217-21701[Receipt No. AVAMEX18403] MEXICAN IVA TAX - 16% @ 16.000% Ref. Line ID-[885266956],Contract,TAXADJ-IVA,
Jet Fuel,Interest Charge on Inv No. 854218-21701[Receipt No. AVAMEX18403] MEXICAN IVA TAX - 16% @ 16.000% Ref. Line ID-[885267097],Contract,TAXADJ-IVA,
Jet Fuel,Interest Charge on Inv No. 854219-21701[Receipt No. AVAMEX18403] MEXICAN IVA TAX - 16% @ 16.000% Ref. Line ID-[885271526],Contract,TAXADJ-IVA,
Jet Fuel,Interest Charge on Inv No. 854220-21701[Receipt No. AVAMEX18403] MEXICAN IVA TAX - 16% @ 16.000% Ref. Line ID-[885262423],Contract,TAXADJ-IVA,
Jet Fuel,Interest Charge on Inv No. 854221-21701[Receipt No. AVAMEX18403] MEXICAN IVA TAX - 16% @ 16.000% Ref. Line ID-[885271618],Contract,TAXADJ-IVA,
Jet Fuel,Interest Charge on Inv No. 854222-21701[Receipt No. AVAMEX18403] MEXICAN IVA TAX - 16% @ 16.000% Ref. Line ID-[885271490],Contract,TAXADJ-IVA,
Jet Fuel,Interest Charge on Inv No. 854222-21701[Receipt No. AVAMEX18403] MEXICAN IVA TAX - 16% @ 16.000% Ref. Line ID-[885271491],Contract,TAXADJ-IVA,
Jet Fuel,Interest Charge on Inv No. 854222-21701[Receipt No. AVAMEX18403] MEXICAN IVA TAX - 16% @ 16.000% Ref. Line ID-[885271492],Contract,TAXADJ-IVA,
Jet Fuel,Interest Charge on Inv No. 854222-21701[Receipt No. AVAMEX18403] MEXICAN IVA TAX - 16% @ 16.000% Ref. Line ID-[885271493],Contract,TAXADJ-IVA,
Jet Fuel,Interest Charge on Inv No. 854239-21701[Receipt No. AVAMEX18403] MEXICAN IVA TAX - 16% @ 16.000% Ref. Line ID-[885271154],Contract,TAXADJ-IVA,
Jet Fuel,Interest Charge on Inv No. 854239-21701[Receipt No. AVAMEX18403] MEXICAN IVA TAX - 16% @ 16.000% Ref. Line ID-[885271155],Contract,TAXADJ-IVA,
Jet Fuel,Interest Charge on Inv No. 854239-21701[Receipt No. AVAMEX18403] MEXICAN IVA TAX - 16% @ 16.000% Ref. Line ID-[885271156],Contract,TAXADJ-IVA,
Jet Fuel,Interest Charge on Inv No. 854239-21701[Receipt No. AVAMEX18403] MEXICAN IVA TAX - 16% @ 16.000% Ref. Line ID-[885271157],Contract,TAXADJ-IVA,
Jet Fuel,Interest Charge on Inv No. 854242-21701[Receipt No. AVAMEX18403] MEXICAN IVA TAX - 16% @ 16.000% Ref. Line ID-[885268459],Contract,TAXADJ-IVA,
Jet Fuel,Interest Charge on Inv No. 854243-21701[Receipt No. AVAMEX18403] MEXICAN IVA TAX - 16% @ 16.000% Ref. Line ID-[885271881],Contract,TAXADJ-IVA,
Jet Fuel,Interest Charge on Inv No. 854248-21701[Receipt No. AVAMEX18403] MEXICAN IVA TAX - 16% @ 16.000% Ref. Line ID-[885264935],Contract,TAXADJ-IVA,
Jet Fuel,Interest Charge on Inv No. 854248-21701[Receipt No. AVAMEX18403] MEXICAN IVA TAX - 16% @ 16.000% Ref. Line ID-[885264939],Contract,TAXADJ-IVA,
Jet Fuel,Interest Charge on Inv No. 854248-21701[Receipt No. AVAMEX18403] MEXICAN IVA TAX - 16% @ 16.000% Ref. Line ID-[885264943],Contract,TAXADJ-IVA,
Jet Fuel,Interest Charge on Inv No. 854248-21701[Receipt No. AVAMEX18403] MEXICAN IVA TAX - 16% @ 16.000% Ref. Line ID-[885264971],Contract,TAXADJ-IVA,
Jet Fuel,Interest Charge on Inv No. 854248-21701[Receipt No. AVAMEX18403] MEXICAN IVA TAX - 16% @ 16.000% Ref. Line ID-[885264975],Contract,TAXADJ-IVA,
Jet Fuel,Interest Charge on Inv No. 854248-21701[Receipt No. AVAMEX18403] MEXICAN IVA TAX - 16% @ 16.000% Ref. Line ID-[885264979],Contract,TAXADJ-IVA,
Jet Fuel,Interest Charge on Inv No. 854249-21701[Receipt No. AVAMEX18403] MEXICAN IVA TAX - 16% @ 16.000% Ref. Line ID-[885270984],Contract,TAXADJ-IVA,
Jet Fuel,Interest Charge on Inv No. 854249-21701[Receipt No. AVAMEX18403] MEXICAN IVA TAX - 16% @ 16.000% Ref. Line ID-[885270989],Contract,TAXADJ-IVA,
Jet Fuel,Interest Charge on Inv No. 854250-21701[Receipt No. AVAMEX18403] MEXICAN IVA TAX - 16% @ 16.000% Ref. Line ID-[885271337],Contract,TAXADJ-IVA,
Jet Fuel,Interest Charge on Inv No. 854250-21701[Receipt No. AVAMEX18403] MEXICAN IVA TAX - 16% @ 16.000% Ref. Line ID-[885271338],Contract,TAXADJ-IVA,
Jet Fuel,Interest Charge on Inv No. 854255-21701[Receipt No. AVAMEX18403] MEXICAN IVA TAX - 16% @ 16.000% Ref. Line ID-[885267574],Contract,TAXADJ-IVA,
Jet Fuel,Interest Charge on Inv No. 854255-21701[Receipt No. AVAMEX18403] MEXICAN IVA TAX - 16% @ 16.000% Ref. Line ID-[885267578],Contract,TAXADJ-IVA,
Jet Fuel,Interest Charge on Inv No. 854255-21701[Receipt No. AVAMEX18403] MEXICAN IVA TAX - 16% @ 16.000% Ref. Line ID-[885267582],Contract,TAXADJ-IVA,
Jet Fuel,Interest Charge on Inv No. 854759-21701[Receipt No. AVAMEX18403] MEXICAN IVA TAX - 16% @ 16.000% Ref. Line ID-[885271697],Contract,TAXADJ-IVA,
Jet Fuel,Interest Charge on Inv No. 854759-21701[Receipt No. AVAMEX18403] MEXICAN IVA TAX - 16% @ 16.000% Ref. Line ID-[885271698],Contract,TAXADJ-IVA,
Jet Fuel,Interest Charge on Inv No. 854759-21701[Receipt No. AVAMEX18403] MEXICAN IVA TAX - 16% @ 16.000% Ref. Line ID-[885271699],Contract,TAXADJ-IVA,
Jet Fuel,Interest Charge on Inv No. 854764-21701[Receipt No. AVAMEX18403] MEXICAN IVA TAX - 16% @ 16.000% Ref. Line ID-[885271704],Contract,TAXADJ-IVA,
Jet Fuel,Interest Charge on Inv No. 854764-21701[Receipt No. AVAMEX18403] MEXICAN IVA TAX - 16% @ 16.000% Ref. Line ID-[885271705],Contract,TAXADJ-IVA,
Jet Fuel,Interest Charge on Inv No. 854764-21701[Receipt No. AVAMEX18403] MEXICAN IVA TAX - 16% @ 16.000% Ref. Line ID-[885271706],Contract,TAXADJ-IVA,
Jet Fuel,Interest Charge on Inv No. 854778-21701[Receipt No. AVAMEX18403] MEXICAN IVA TAX - 16% @ 16.000% Ref. Line ID-[885271701],Contract,TAXADJ-IVA,
Jet Fuel,Interest Charge on Inv No. 854778-21701[Receipt No. AVAMEX18403] MEXICAN IVA TAX - 16% @ 16.000% Ref. Line ID-[885271702],Contract,TAXADJ-IVA,
Jet Fuel,Interest Charge on Inv No. 854778-21701[Receipt No. AVAMEX18403] MEXICAN IVA TAX - 16% @ 16.000% Ref. Line ID-[885271703],Contract,TAXADJ-IVA,
Jet Fuel,Interest Charge on Inv No. 854786-21701[Receipt No. AVAMEX18403] MEXICAN IVA TAX - 16% @ 16.000% Ref. Line ID-[885263577],Contract,TAXADJ-IVA,
Jet Fuel,Interest Charge on Inv No. 854786-21701[Receipt No. AVAMEX18403] MEXICAN IVA TAX - 16% @ 16.000% Ref. Line ID-[885263581],Contract,TAXADJ-IVA,
Jet Fuel,Interest Charge on Inv No. 854786-21701[Receipt No. AVAMEX18403] MEXICAN IVA TAX - 16% @ 16.000% Ref. Line ID-[885263586],Contract,TAXADJ-IVA,
Jet Fuel,Interest Charge on Inv No. 854786-21701[Receipt No. AVAMEX18403] MEXICAN IVA TAX - 16% @ 16.000% Ref. Line ID-[885263597],Contract,TAXADJ-IVA,
Jet Fuel,Interest Charge on Inv No. 854834-21701[Receipt No. AVAMEX18403] MEXICAN IVA TAX - 16% @ 16.000% Ref. Line ID-[885270538],Contract,TAXADJ-IVA,
Jet Fuel,Interest Charge on Inv No. 854834-21701[Receipt No. AVAMEX18403] MEXICAN IVA TAX - 16% @ 16.000% Ref. Line ID-[885270540],Contract,TAXADJ-IVA,
Jet Fuel,Interest Charge on Inv No. 854834-21701[Receipt No. AVAMEX18403] MEXICAN IVA TAX - 16% @ 16.000% Ref. Line ID-[885270542],Contract,TAXADJ-IVA,
Jet Fuel,Interest Charge on Inv No. 854834-21701[Receipt No. AVAMEX18403] MEXICAN IVA TAX - 16% @ 16.000% Ref. Line ID-[885270544],Contract,TAXADJ-IVA,
Jet Fuel,Interest Charge on Inv No. 854840-21701[Receipt No. AVAMEX18403] MEXICAN IVA TAX - 16% @ 16.000% Ref. Line ID-[885263633],Contract,TAXADJ-IVA,
Jet Fuel,Interest Charge on Inv No. 854840-21701[Receipt No. AVAMEX18403] MEXICAN IVA TAX - 16% @ 16.000% Ref. Line ID-[885263637],Contract,TAXADJ-IVA,
Jet Fuel,Interest Charge on Inv No. 854840-21701[Receipt No. AVAMEX18403] MEXICAN IVA TAX - 16% @ 16.000% Ref. Line ID-[885263643],Contract,TAXADJ-IVA,
Jet Fuel,Interest Charge on Inv No. 854910-21701[Receipt No. 19123000500254] MEXICAN IVA TAX - 16% @ 16.000% Ref. Line ID-[885418357],Contract,TAXADJ-IVA,
Jet Fuel,Interest Charge on Inv No. 854910-21701[Receipt No. 19123000500254] MEXICAN IVA TAX - 16% @ 16.000% Ref. Line ID-[885418364],Contract,TAXADJ-IVA,
Jet Fuel,Interest Charge on Inv No. 854910-21701[Receipt No. 19123000500254] MEXICAN IVA TAX - 16% @ 16.000% Ref. Line ID-[885418365],Contract,TAXADJ-IVA,
Jet Fuel,Interest Charge on Inv No. 854910-21701[Receipt No. 19123000500254] MEXICAN IVA TAX - 16% @ 16.000% Ref. Line ID-[885418366],Contract,TAXADJ-IVA,
Jet Fuel,Interest Charge on Inv No. 854913-21701[Receipt No. AVAMEX18403] MEXICAN IVA TAX - 16% @ 16.000% Ref. Line ID-[885418361],Contract,TAXADJ-IVA,
Jet Fuel,Interest Charge on Inv No. 854913-21701[Receipt No. AVAMEX18403] MEXICAN IVA TAX - 16% @ 16.000% Ref. Line ID-[885418362],Contract,TAXADJ-IVA,
Jet Fuel,Interest Charge on Inv No. 854913-21701[Receipt No. AVAMEX18403] MEXICAN IVA TAX - 16% @ 16.000% Ref. Line ID-[885418363],Contract,TAXADJ-IVA,
Jet Fuel,Interest Charge on Inv No. 854914-21701[Receipt No. AVAMEX18403] MEXICAN IVA TAX - 16% @ 16.000% Ref. Line ID-[885418947],Contract,TAXADJ-IVA,
Jet Fuel,Interest Charge on Inv No. 854914-21701[Receipt No. AVAMEX18403] MEXICAN IVA TAX - 16% @ 16.000% Ref. Line ID-[885418961],Contract,TAXADJ-IVA,
Jet Fuel,Interest Charge on Inv No. 854919-21701[Receipt No. AVAMEX18403] MEXICAN IVA TAX - 16% @ 16.000% Ref. Line ID-[885418450],Contract,TAXADJ-IVA,
Jet Fuel,Interest Charge on Inv No. 854919-21701[Receipt No. AVAMEX18403] MEXICAN IVA TAX - 16% @ 16.000% Ref. Line ID-[885418456],Contract,TAXADJ-IVA,
Jet Fuel,Interest Charge on Inv No. 854920-21701[Receipt No. AVAMEX18403] MEXICAN IVA TAX - 16% @ 16.000% Ref. Line ID-[885418436],Contract,TAXADJ-IVA,
Jet Fuel,Interest Charge on Inv No. 854920-21701[Receipt No. AVAMEX18403] MEXICAN IVA TAX - 16% @ 16.000% Ref. Line ID-[885418444],Contract,TAXADJ-IVA,
Jet Fuel,Interest Charge on Inv No. 854920-21701[Receipt No. AVAMEX18403] MEXICAN IVA TAX - 16% @ 16.000% Ref. Line ID-[885418445],Contract,TAXADJ-IVA,
Jet Fuel,Interest Charge on Inv No. 854921-21701[Receipt No. AVAMEX18403] MEXICAN IVA TAX - 16% @ 16.000% Ref. Line ID-[885418446],Contract,TAXADJ-IVA,
Jet Fuel,Interest Charge on Inv No. 854921-21701[Receipt No. AVAMEX18403] MEXICAN IVA TAX - 16% @ 16.000% Ref. Line ID-[885418449],Contract,TAXADJ-IVA,
Jet Fuel,Interest Charge on Inv No. 854922-21701[Receipt No. AVAMEX18403] MEXICAN IVA TAX - 16% @ 16.000% Ref. Line ID-[885419032],Contract,TAXADJ-IVA,
Jet Fuel,Interest Charge on Inv No. 854922-21701[Receipt No. AVAMEX18403] MEXICAN IVA TAX - 16% @ 16.000% Ref. Line ID-[885419033],Contract,TAXADJ-IVA,
Jet Fuel,Interest Charge on Inv No. 854923-21701[Receipt No. AVAMEX18403] MEXICAN IVA TAX - 16% @ 16.000% Ref. Line ID-[885418482],Contract,TAXADJ-IVA,
Jet Fuel,Interest Charge on Inv No. 854923-21701[Receipt No. AVAMEX18403] MEXICAN IVA TAX - 16% @ 16.000% Ref. Line ID-[885418483],Contract,TAXADJ-IVA,
Jet Fuel,Interest Charge on Inv No. 854923-21701[Receipt No. AVAMEX18403] MEXICAN IVA TAX - 16% @ 16.000% Ref. Line ID-[885418484],Contract,TAXADJ-IVA,
Jet Fuel,Interest Charge on Inv No. 854935-21701[Receipt No. AVAMEX18477] MEXICAN IVA TAX - 16% @ 16.000% Ref. Line ID-[885443521],Contract,TAXADJ-IVA,
Jet Fuel,Interest Charge on Inv No. 854935-21701[Receipt No. AVAMEX18477] MEXICAN IVA TAX - 16% @ 16.000% Ref. Line ID-[885443522],Contract,TAXADJ-IVA,
Jet Fuel,Interest Charge on Inv No. 854935-21701[Receipt No. AVAMEX18477] MEXICAN IVA TAX - 16% @ 16.000% Ref. Line ID-[885443523],Contract,TAXADJ-IVA,
Jet Fuel,Interest Charge on Inv No. 854935-21701[Receipt No. AVAMEX18477] MEXICAN IVA TAX - 16% @ 16.000% Ref. Line ID-[885443524],Contract,TAXADJ-IVA,
Jet Fuel,Interest Charge on Inv No. 854953-21701[Receipt No. 20011700691061] MEXICAN IVA TAX - 16% @ 16.000% Ref. Line ID-[885473936],Contract,TAXADJ-IVA,
Jet Fuel,Interest Charge on Inv No. 854954-21701[Receipt No. 20011700691061] MEXICAN IVA TAX - 16% @ 16.000% Ref. Line ID-[885473979],Contract,TAXADJ-IVA,
Jet Fuel,Interest Charge on Inv No. 855476-21701[Receipt No. AVAMEX18477] MEXICAN IVA TAX - 16% @ 16.000% Ref. Line ID-[885557792],Contract,TAXADJ-IVA,
Jet Fuel,Interest Charge on Inv No. 855835-21701[Receipt No. AVAMEX18477] MEXICAN IVA TAX - 16% @ 16.000% Ref. Line ID-[885769657],Contract,TAXADJ-IVA,
Jet Fuel,Interest Charge on Inv No. 855835-21701[Receipt No. AVAMEX18477] MEXICAN IVA TAX - 16% @ 16.000% Ref. Line ID-[885769659],Contract,TAXADJ-IVA,
Jet Fuel,Interest Charge on Inv No. 855835-21701[Receipt No. AVAMEX18477] MEXICAN IVA TAX - 16% @ 16.000% Ref. Line ID-[885769675],Contract,TAXADJ-IVA,
Jet Fuel,Interest Charge on Inv No. 855846-21701[Receipt No. AVAMEX18477] MEXICAN IVA TAX - 16% @ 16.000% Ref. Line ID-[885906057],Contract,TAXADJ-IVA,
Jet Fuel,Interest Charge on Inv No. 855846-21701[Receipt No. AVAMEX18477] MEXICAN IVA TAX - 16% @ 16.000% Ref. Line ID-[885906058],Contract,TAXADJ-IVA,
Jet Fuel,Interest Charge on Inv No. 855846-21701[Receipt No. AVAMEX18477] MEXICAN IVA TAX - 16% @ 16.000% Ref. Line ID-[885906382],Contract,TAXADJ-IVA,
Jet Fuel,Interest Charge on Inv No. 855846-21701[Receipt No. AVAMEX18477] MEXICAN IVA TAX - 16% @ 16.000% Ref. Line ID-[885906383],Contract,TAXADJ-IVA,
Jet Fuel,Interest Charge on Inv No. 855848-21701[Receipt No. AVAMEX18477] MEXICAN IVA TAX - 16% @ 16.000% Ref. Line ID-[885906168],Contract,TAXADJ-IVA,
Jet Fuel,Interest Charge on Inv No. 855848-21701[Receipt No. AVAMEX18477] MEXICAN IVA TAX - 16% @ 16.000% Ref. Line ID-[885906531],Contract,TAXADJ-IVA,
Jet Fuel,Interest Charge on Inv No. 855848-21701[Receipt No. AVAMEX18477] MEXICAN IVA TAX - 16% @ 16.000% Ref. Line ID-[885906532],Contract,TAXADJ-IVA,
Jet Fuel,Interest Charge on Inv No. 855848-21701[Receipt No. AVAMEX18477] MEXICAN IVA TAX - 16% @ 16.000% Ref. Line ID-[885906533],Contract,TAXADJ-IVA,
Jet Fuel,Interest Charge on Inv No. 855851-21701[Receipt No. AVAMEX18477] MEXICAN IVA TAX - 16% @ 16.000% Ref. Line ID-[885906097],Contract,TAXADJ-IVA,
Jet Fuel,Interest Charge on Inv No. 855851-21701[Receipt No. AVAMEX18477] MEXICAN IVA TAX - 16% @ 16.000% Ref. Line ID-[885906098],Contract,TAXADJ-IVA,
Jet Fuel,Interest Charge on Inv No. 855851-21701[Receipt No. AVAMEX18477] MEXICAN IVA TAX - 16% @ 16.000% Ref. Line ID-[885906099],Contract,TAXADJ-IVA,
Jet Fuel,Interest Charge on Inv No. 855851-21701[Receipt No. AVAMEX18477] MEXICAN IVA TAX - 16% @ 16.000% Ref. Line ID-[885906100],Contract,TAXADJ-IVA,
Jet Fuel,Interest Charge on Inv No. 855854-21701[Receipt No. AVAMEX18477] MEXICAN IVA TAX - 16% @ 16.000% Ref. Line ID-[885906560],Contract,TAXADJ-IVA,
Jet Fuel,Interest Charge on Inv No. 855854-21701[Receipt No. AVAMEX18477] MEXICAN IVA TAX - 16% @ 16.000% Ref. Line ID-[885906570],Contract,TAXADJ-IVA,
Jet Fuel,Interest Charge on Inv No. 855855-21701[Receipt No. AVAMEX18477] MEXICAN IVA TAX - 16% @ 16.000% Ref. Line ID-[885906589],Contract,TAXADJ-IVA,
Jet Fuel,Interest Charge on Inv No. 855855-21701[Receipt No. AVAMEX18477] MEXICAN IVA TAX - 16% @ 16.000% Ref. Line ID-[885906590],Contract,TAXADJ-IVA,
Jet Fuel,Interest Charge on Inv No. 855855-21701[Receipt No. AVAMEX18477] MEXICAN IVA TAX - 16% @ 16.000% Ref. Line ID-[885906591],Contract,TAXADJ-IVA,
Jet Fuel,Interest Charge on Inv No. 855855-21701[Receipt No. AVAMEX18477] MEXICAN IVA TAX - 16% @ 16.000% Ref. Line ID-[885906615],Contract,TAXADJ-IVA,
Jet Fuel,Interest Charge on Inv No. 855857-21701[Receipt No. AVAMEX18477] MEXICAN IVA TAX - 16% @ 16.000% Ref. Line ID-[885906275],Contract,TAXADJ-IVA,
Jet Fuel,Interest Charge on Inv No. 855857-21701[Receipt No. AVAMEX18477] MEXICAN IVA TAX - 16% @ 16.000% Ref. Line ID-[885906276],Contract,TAXADJ-IVA,
Jet Fuel,Interest Charge on Inv No. 855857-21701[Receipt No. AVAMEX18477] MEXICAN IVA TAX - 16% @ 16.000% Ref. Line ID-[885906277],Contract,TAXADJ-IVA,
Jet Fuel,Interest Charge on Inv No. 855857-21701[Receipt No. AVAMEX18477] MEXICAN IVA TAX - 16% @ 16.000% Ref. Line ID-[885906278],Contract,TAXADJ-IVA,
Jet Fuel,Interest Charge on Inv No. 855860-21701[Receipt No. AVAMEX18477] MEXICAN IVA TAX - 16% @ 16.000% Ref. Line ID-[885906129],Contract,TAXADJ-IVA,
Jet Fuel,Interest Charge on Inv No. 855860-21701[Receipt No. AVAMEX18477] MEXICAN IVA TAX - 16% @ 16.000% Ref. Line ID-[885906130],Contract,TAXADJ-IVA,
Jet Fuel,Interest Charge on Inv No. 855860-21701[Receipt No. AVAMEX18477] MEXICAN IVA TAX - 16% @ 16.000% Ref. Line ID-[885906131],Contract,TAXADJ-IVA,
Jet Fuel,Interest Charge on Inv No. 855860-21701[Receipt No. AVAMEX18477] MEXICAN IVA TAX - 16% @ 16.000% Ref. Line ID-[885906132],Contract,TAXADJ-IVA,
Jet Fuel,Interest Charge on Inv No. 855886-21701[Receipt No. AVAMEX18403] MEXICAN IVA TAX - 16% @ 16.000% Ref. Line ID-[885905952],Contract,TAXADJ-IVA,
Jet Fuel,Interest Charge on Inv No. 855886-21701[Receipt No. AVAMEX18403] MEXICAN IVA TAX - 16% @ 16.000% Ref. Line ID-[885905953],Contract,TAXADJ-IVA,
Jet Fuel,Interest Charge on Inv No. 855889-21701[Receipt No. 009858600108] MEXICAN IVA TAX - 16% @ 16.000% Ref. Line ID-[886035811],Contract,TAXADJ-IVA,
Jet Fuel,Interest Charge on Inv No. 855889-21701[Receipt No. 009858600108] MEXICAN IVA TAX - 16% @ 16.000% Ref. Line ID-[886035812],Contract,TAXADJ-IVA,
Jet Fuel,Interest Charge on Inv No. 855889-21701[Receipt No. 009858600108] MEXICAN IVA TAX - 16% @ 16.000% Ref. Line ID-[886035813],Contract,TAXADJ-IVA,
Jet Fuel,Interest Charge on Inv No. 855889-21701[Receipt No. 009858600108] MEXICAN IVA TAX - 16% @ 16.000% Ref. Line ID-[886035814],Contract,TAXADJ-IVA,
Jet Fuel,Interest Charge on Inv No. 855901-21701[Receipt No. 009858600108] MEXICAN IVA TAX - 16% @ 16.000% Ref. Line ID-[886036024],Contract,TAXADJ-IVA,
Jet Fuel,Interest Charge on Inv No. 855901-21701[Receipt No. 009858600108] MEXICAN IVA TAX - 16% @ 16.000% Ref. Line ID-[886036025],Contract,TAXADJ-IVA,
Jet Fuel,Interest Charge on Inv No. 855901-21701[Receipt No. 009858600108] MEXICAN IVA TAX - 16% @ 16.000% Ref. Line ID-[886036026],Contract,TAXADJ-IVA,
Jet Fuel,Interest Charge on Inv No. 855901-21701[Receipt No. 009858600108] MEXICAN IVA TAX - 16% @ 16.000% Ref. Line ID-[886036027],Contract,TAXADJ-IVA,
Jet Fuel,Interest Charge on Inv No. 855902-21701[Receipt No. 009858600108] MEXICAN IVA TAX - 16% @ 16.000% Ref. Line ID-[886036175],Contract,TAXADJ-IVA,
Jet Fuel,Interest Charge on Inv No. 855902-21701[Receipt No. 009858600108] MEXICAN IVA TAX - 16% @ 16.000% Ref. Line ID-[886036197],Contract,TAXADJ-IVA,
Jet Fuel,Interest Charge on Inv No. 855902-21701[Receipt No. 009858600108] MEXICAN IVA TAX - 16% @ 16.000% Ref. Line ID-[886036198],Contract,TAXADJ-IVA,
Jet Fuel,Interest Charge on Inv No. 855902-21701[Receipt No. 009858600108] MEXICAN IVA TAX - 16% @ 16.000% Ref. Line ID-[886036199],Contract,TAXADJ-IVA,
Jet Fuel,Interest Charge on Inv No. 855904-21701[Receipt No. AVAMEX18477] MEXICAN IVA TAX - 16% @ 16.000% Ref. Line ID-[885906301],Contract,TAXADJ-IVA,
Jet Fuel,Interest Charge on Inv No. 855904-21701[Receipt No. AVAMEX18477] MEXICAN IVA TAX - 16% @ 16.000% Ref. Line ID-[885906302],Contract,TAXADJ-IVA,
Jet Fuel,Interest Charge on Inv No. 855904-21701[Receipt No. AVAMEX18477] MEXICAN IVA TAX - 16% @ 16.000% Ref. Line ID-[885906303],Contract,TAXADJ-IVA,
Jet Fuel,Interest Charge on Inv No. 855911-21701[Receipt No. AVAMEX18477] MEXICAN IVA TAX - 16% @ 16.000% Ref. Line ID-[886036074],Contract,TAXADJ-IVA,
Jet Fuel,Interest Charge on Inv No. 855911-21701[Receipt No. AVAMEX18477] MEXICAN IVA TAX - 16% @ 16.000% Ref. Line ID-[886036075],Contract,TAXADJ-IVA,
Jet Fuel,Interest Charge on Inv No. 855911-21701[Receipt No. AVAMEX18477] MEXICAN IVA TAX - 16% @ 16.000% Ref. Line ID-[886036076],Contract,TAXADJ-IVA,
Jet Fuel,Interest Charge on Inv No. 855911-21701[Receipt No. AVAMEX18477] MEXICAN IVA TAX - 16% @ 16.000% Ref. Line ID-[886036077],Contract,TAXADJ-IVA,
Jet Fuel,Interest Charge on Inv No. 855912-21701[Receipt No. AVAMEX18477] MEXICAN IVA TAX - 16% @ 16.000% Ref. Line ID-[886035540],Contract,TAXADJ-IVA,
Jet Fuel,Interest Charge on Inv No. 855912-21701[Receipt No. AVAMEX18477] MEXICAN IVA TAX - 16% @ 16.000% Ref. Line ID-[886035543],Contract,TAXADJ-IVA,
Jet Fuel,Interest Charge on Inv No. 855913-21701[Receipt No. AVAMEX18477] MEXICAN IVA TAX - 16% @ 16.000% Ref. Line ID-[886035544],Contract,TAXADJ-IVA,
Jet Fuel,Interest Charge on Inv No. 855913-21701[Receipt No. AVAMEX18477] MEXICAN IVA TAX - 16% @ 16.000% Ref. Line ID-[886035548],Contract,TAXADJ-IVA,
Jet Fuel,Interest Charge on Inv No. 855913-21701[Receipt No. AVAMEX18477] MEXICAN IVA TAX - 16% @ 16.000% Ref. Line ID-[886035549],Contract,TAXADJ-IVA,
Jet Fuel,Interest Charge on Inv No. 856089-21701[Receipt No. AVAMEX18477] MEXICAN IVA TAX - 16% @ 16.000% Ref. Line ID-[886091758],Contract,TAXADJ-IVA,
Jet Fuel,Interest Charge on Inv No. 856090-21701[Receipt No. AVAMEX18477] MEXICAN IVA TAX - 16% @ 16.000% Ref. Line ID-[886091719],Contract,TAXADJ-IVA,
Jet Fuel,Interest Charge on Inv No. 856091-21701[Receipt No. AVAMEX18477] MEXICAN IVA TAX - 16% @ 16.000% Ref. Line ID-[886093173],Contract,TAXADJ-IVA,
Jet Fuel,Interest Charge on Inv No. 856092-21701[Receipt No. AVAMEX18477] MEXICAN IVA TAX - 16% @ 16.000% Ref. Line ID-[886098990],Contract,TAXADJ-IVA,
Jet Fuel,Interest Charge on Inv No. 856093-21701[Receipt No. AVAMEX18477] MEXICAN IVA TAX - 16% @ 16.000% Ref. Line ID-[886092077],Contract,TAXADJ-IVA,
Jet Fuel,Interest Charge on Inv No. 856094-21701[Receipt No. AVAMEX18477] MEXICAN IVA TAX - 16% @ 16.000% Ref. Line ID-[886092043],Contract,TAXADJ-IVA,
Jet Fuel,Interest Charge on Inv No. 856095-21701[Receipt No. AVAMEX18477] MEXICAN IVA TAX - 16% @ 16.000% Ref. Line ID-[886092573],Contract,TAXADJ-IVA,
Jet Fuel,Interest Charge on Inv No. 856096-21701[Receipt No. AVAMEX18477] MEXICAN IVA TAX - 16% @ 16.000% Ref. Line ID-[886099498],Contract,TAXADJ-IVA,
Jet Fuel,Interest Charge on Inv No. 856140-21701[Receipt No. 009858600108] MEXICAN IVA TAX - 16% @ 16.000% Ref. Line ID-[886200486],Contract,TAXADJ-IVA,
Jet Fuel,Interest Charge on Inv No. 856140-21701[Receipt No. 009858600108] MEXICAN IVA TAX - 16% @ 16.000% Ref. Line ID-[886200487],Contract,TAXADJ-IVA,
Jet Fuel,Interest Charge on Inv No. 856140-21701[Receipt No. 009858600108] MEXICAN IVA TAX - 16% @ 16.000% Ref. Line ID-[886200489],Contract,TAXADJ-IVA,
Jet Fuel,Interest Charge on Inv No. 856140-21701[Receipt No. 009858600108] MEXICAN IVA TAX - 16% @ 16.000% Ref. Line ID-[886200490],Contract,TAXADJ-IVA,
Jet Fuel,Interest Charge on Inv No. 856165-21701[Receipt No. 009858600108] MEXICAN IVA TAX - 16% @ 16.000% Ref. Line ID-[886447131],Contract,TAXADJ-IVA,
Jet Fuel,Interest Charge on Inv No. 856165-21701[Receipt No. 009858600108] MEXICAN IVA TAX - 16% @ 16.000% Ref. Line ID-[886447133],Contract,TAXADJ-IVA,
Jet Fuel,Interest Charge on Inv No. 856165-21701[Receipt No. 009858600108] MEXICAN IVA TAX - 16% @ 16.000% Ref. Line ID-[886447136],Contract,TAXADJ-IVA,
Jet Fuel,Interest Charge on Inv No. 856165-21701[Receipt No. 009858600108] MEXICAN IVA TAX - 16% @ 16.000% Ref. Line ID-[886447138],Contract,TAXADJ-IVA,
Jet Fuel,Interest Charge on Inv No. 856541-21701[Receipt No. 20011000656574] MEXICAN IVA TAX - 16% @ 16.000% Ref. Line ID-[886871873],Contract,TAXADJ-IVA,
Jet Fuel,Interest Charge on Inv No. 856541-21701[Receipt No. 20011000656574] MEXICAN IVA TAX - 16% @ 16.000% Ref. Line ID-[886871874],Contract,TAXADJ-IVA,
Jet Fuel,Interest Charge on Inv No. 856541-21701[Receipt No. 20011000656574] MEXICAN IVA TAX - 16% @ 16.000% Ref. Line ID-[886871875],Contract,TAXADJ-IVA,
Jet Fuel,Interest Charge on Inv No. 856544-21701[Receipt No. 009858600108] MEXICAN IVA TAX - 16% @ 16.000% Ref. Line ID-[886860646],Contract,TAXADJ-IVA,
Jet Fuel,Interest Charge on Inv No. 856544-21701[Receipt No. 009858600108] MEXICAN IVA TAX - 16% @ 16.000% Ref. Line ID-[886860650],Contract,TAXADJ-IVA,
Jet Fuel,Interest Charge on Inv No. 856544-21701[Receipt No. 009858600108] MEXICAN IVA TAX - 16% @ 16.000% Ref. Line ID-[886860695],Contract,TAXADJ-IVA,
Jet Fuel,Interest Charge on Inv No. 856544-21701[Receipt No. 009858600108] MEXICAN IVA TAX - 16% @ 16.000% Ref. Line ID-[886860701],Contract,TAXADJ-IVA,
Jet Fuel,Interest Charge on Inv No. 857103-21701[Receipt No. 20011000656574] MEXICAN IVA TAX - 16% @ 16.000% Ref. Line ID-[886871876],Contract,TAXADJ-IVA,
Jet Fuel,Interest Charge on Inv No. 857103-21701[Receipt No. 20011000656574] MEXICAN IVA TAX - 16% @ 16.000% Ref. Line ID-[886871877],Contract,TAXADJ-IVA,
Jet Fuel,Interest Charge on Inv No. 857103-21701[Receipt No. 20011000656574] MEXICAN IVA TAX - 16% @ 16.000% Ref. Line ID-[886871878],Contract,TAXADJ-IVA,
Jet Fuel,Interest Charge on Inv No. 857103-21701[Receipt No. 20011000656574] MEXICAN IVA TAX - 16% @ 16.000% Ref. Line ID-[886871883],Contract,TAXADJ-IVA,
Jet Fuel,Interest Charge on Inv No. 857273-21701[Receipt No. AVAMEX18477] MEXICAN IVA TAX - 16% @ 16.000% Ref. Line ID-[887339582],Contract,TAXADJ-IVA,
Jet Fuel,Interest Charge on Inv No. 857274-21701[Receipt No. AVAMEX18477] MEXICAN IVA TAX - 16% @ 16.000% Ref. Line ID-[887338811],Contract,TAXADJ-IVA,
Jet Fuel,Interest Charge on Inv No. 857275-21701[Receipt No. AVAMEX18477] MEXICAN IVA TAX - 16% @ 16.000% Ref. Line ID-[887339541],Contract,TAXADJ-IVA,
Jet Fuel,Interest Charge on Inv No. 857276-21701[Receipt No. AVAMEX18477] MEXICAN IVA TAX - 16% @ 16.000% Ref. Line ID-[887339173],Contract,TAXADJ-IVA,
Jet Fuel,Interest Charge on Inv No. 857277-21701[Receipt No. AVAMEX18477] MEXICAN IVA TAX - 16% @ 16.000% Ref. Line ID-[887338604],Contract,TAXADJ-IVA,
Jet Fuel,Interest Charge on Inv No. 857278-21701[Receipt No. AVAMEX18477] MEXICAN IVA TAX - 16% @ 16.000% Ref. Line ID-[887338606],Contract,TAXADJ-IVA,
Jet Fuel,Interest Charge on Inv No. 857279-21701[Receipt No. AVAMEX18477] MEXICAN IVA TAX - 16% @ 16.000% Ref. Line ID-[887338538],Contract,TAXADJ-IVA,
Jet Fuel,Interest Charge on Inv No. 857280-21701[Receipt No. AVAMEX18477] MEXICAN IVA TAX - 16% @ 16.000% Ref. Line ID-[887339766],Contract,TAXADJ-IVA,
Jet Fuel,Interest Charge on Inv No. 857281-21701[Receipt No. AVAMEX18477] MEXICAN IVA TAX - 16% @ 16.000% Ref. Line ID-[887339767],Contract,TAXADJ-IVA,
Jet Fuel,Interest Charge on Inv No. 857282-21701[Receipt No. AVAMEX18477] MEXICAN IVA TAX - 16% @ 16.000% Ref. Line ID-[887339104],Contract,TAXADJ-IVA,
Jet Fuel,Interest Charge on Inv No. 857283-21701[Receipt No. AVAMEX18477] MEXICAN IVA TAX - 16% @ 16.000% Ref. Line ID-[887339765],Contract,TAXADJ-IVA,
Jet Fuel,Interest Charge on Inv No. 857284-21701[Receipt No. AVAMEX18477] MEXICAN IVA TAX - 16% @ 16.000% Ref. Line ID-[887339761],Contract,TAXADJ-IVA,
Jet Fuel,Interest Charge on Inv No. 857285-21701[Receipt No. AVAMEX18477] MEXICAN IVA TAX - 16% @ 16.000% Ref. Line ID-[887339544],Contract,TAXADJ-IVA,
Jet Fuel,Interest Charge on Inv No. 857286-21701[Receipt No. AVAMEX18477] MEXICAN IVA TAX - 16% @ 16.000% Ref. Line ID-[887338755],Contract,TAXADJ-IVA,
Jet Fuel,Interest Charge on Inv No. 857287-21701[Receipt No. AVAMEX18477] MEXICAN IVA TAX - 16% @ 16.000% Ref. Line ID-[887338601],Contract,TAXADJ-IVA,
Jet Fuel,Interest Charge on Inv No. 857295-21701[Receipt No. AVAMEX18477] MEXICAN IVA TAX - 16% @ 16.000% Ref. Line ID-[887339063],Contract,TAXADJ-IVA,
Jet Fuel,Interest Charge on Inv No. 857296-21701[Receipt No. AVAMEX18477] MEXICAN IVA TAX - 16% @ 16.000% Ref. Line ID-[887339737],Contract,TAXADJ-IVA,
Jet Fuel,Interest Charge on Inv No. 857411-21701[Receipt No. AVAMEX18477] MEXICAN IVA TAX - 16% @ 16.000% Ref. Line ID-[887499494],Contract,TAXADJ-IVA,
Jet Fuel,Interest Charge on Inv No. 857411-21701[Receipt No. AVAMEX18477] MEXICAN IVA TAX - 16% @ 16.000% Ref. Line ID-[887499499],Contract,TAXADJ-IVA,
Jet Fuel,Interest Charge on Inv No. 857411-21701[Receipt No. AVAMEX18477] MEXICAN IVA TAX - 16% @ 16.000% Ref. Line ID-[887499503],Contract,TAXADJ-IVA,
Jet Fuel,Interest Charge on Inv No. 857412-21701[Receipt No. AVAMEX18477] MEXICAN IVA TAX - 16% @ 16.000% Ref. Line ID-[887502390],Contract,TAXADJ-IVA,
Jet Fuel,Interest Charge on Inv No. 857412-21701[Receipt No. AVAMEX18477] MEXICAN IVA TAX - 16% @ 16.000% Ref. Line ID-[887502394],Contract,TAXADJ-IVA,
Jet Fuel,Interest Charge on Inv No. 857412-21701[Receipt No. AVAMEX18477] MEXICAN IVA TAX - 16% @ 16.000% Ref. Line ID-[887502398],Contract,TAXADJ-IVA,
Jet Fuel,Interest Charge on Inv No. 857413-21701[Receipt No. AVAMEX18477] MEXICAN IVA TAX - 16% @ 16.000% Ref. Line ID-[887506382],Contract,TAXADJ-IVA,
Jet Fuel,Interest Charge on Inv No. 857413-21701[Receipt No. AVAMEX18477] MEXICAN IVA TAX - 16% @ 16.000% Ref. Line ID-[887506384],Contract,TAXADJ-IVA,
Jet Fuel,Interest Charge on Inv No. 857414-21701[Receipt No. AVAMEX18477] MEXICAN IVA TAX - 16% @ 16.000% Ref. Line ID-[887506320],Contract,TAXADJ-IVA,
Jet Fuel,Interest Charge on Inv No. 857414-21701[Receipt No. AVAMEX18477] MEXICAN IVA TAX - 16% @ 16.000% Ref. Line ID-[887506321],Contract,TAXADJ-IVA,
Jet Fuel,Interest Charge on Inv No. 857415-21701[Receipt No. AVAMEX18477] MEXICAN IVA TAX - 16% @ 16.000% Ref. Line ID-[887502401],Contract,TAXADJ-IVA,
Jet Fuel,Interest Charge on Inv No. 857415-21701[Receipt No. AVAMEX18477] MEXICAN IVA TAX - 16% @ 16.000% Ref. Line ID-[887502405],Contract,TAXADJ-IVA,
Jet Fuel,Interest Charge on Inv No. 857415-21701[Receipt No. AVAMEX18477] MEXICAN IVA TAX - 16% @ 16.000% Ref. Line ID-[887502409],Contract,TAXADJ-IVA,
Jet Fuel,Interest Charge on Inv No. 857415-21701[Receipt No. AVAMEX18477] MEXICAN IVA TAX - 16% @ 16.000% Ref. Line ID-[887502412],Contract,TAXADJ-IVA,
Jet Fuel,Interest Charge on Inv No. 857416-21701[Receipt No. AVAMEX18477] MEXICAN IVA TAX - 16% @ 16.000% Ref. Line ID-[887506332],Contract,TAXADJ-IVA,
Jet Fuel,Interest Charge on Inv No. 857416-21701[Receipt No. AVAMEX18477] MEXICAN IVA TAX - 16% @ 16.000% Ref. Line ID-[887506333],Contract,TAXADJ-IVA,
Jet Fuel,Interest Charge on Inv No. 857430-21701[Receipt No. AVAMEX18477] MEXICAN IVA TAX - 16% @ 16.000% Ref. Line ID-[887506573],Contract,TAXADJ-IVA,
Jet Fuel,Interest Charge on Inv No. 857430-21701[Receipt No. AVAMEX18477] MEXICAN IVA TAX - 16% @ 16.000% Ref. Line ID-[887506575],Contract,TAXADJ-IVA,
Jet Fuel,Interest Charge on Inv No. 857430-21701[Receipt No. AVAMEX18477] MEXICAN IVA TAX - 16% @ 16.000% Ref. Line ID-[887506577],Contract,TAXADJ-IVA,
Jet Fuel,Interest Charge on Inv No. 859327-21701[Receipt No. 20011400441474] MEXICAN IVA TAX - 16% @ 16.000% Ref. Line ID-[888253336],Contract,TAXADJ-IVA,
Jet Fuel,Interest Charge on Inv No. 859327-21701[Receipt No. 20011400441474] MEXICAN IVA TAX - 16% @ 16.000% Ref. Line ID-[888253338],Contract,TAXADJ-IVA,
Jet Fuel,Interest Charge on Inv No. 859327-21701[Receipt No. 20011400441474] MEXICAN IVA TAX - 16% @ 16.000% Ref. Line ID-[888253343],Contract,TAXADJ-IVA,
Jet Fuel,Interest Charge on Inv No. 861108-21701[Receipt No. AVAMEX18477] MEXICAN IVA TAX - 16% @ 16.000% Ref. Line ID-[889476510],Contract,TAXADJ-IVA,
Jet Fuel,Interest Charge on Inv No. 861109-21701[Receipt No. AVAMEX18477] MEXICAN IVA TAX - 16% @ 16.000% Ref. Line ID-[889476511],Contract,TAXADJ-IVA,
Jet Fuel,Interest Charge on Inv No. 861415-21701[Receipt No. 20011400441474] MEXICAN IVA TAX - 16% @ 16.000% Ref. Line ID-[889673067],Contract,TAXADJ-IVA,
Jet Fuel,Interest Charge on Inv No. 861415-21701[Receipt No. 20011400441474] MEXICAN IVA TAX - 16% @ 16.000% Ref. Line ID-[889673071],Contract,TAXADJ-IVA,
Jet Fuel,Interest Charge on Inv No. 861415-21701[Receipt No. 20011400441474] MEXICAN IVA TAX - 16% @ 16.000% Ref. Line ID-[889673076],Contract,TAXADJ-IVA,
Jet Fuel,Interest Charge on Inv No. 862202-21701[Receipt No. 66741] MEXICAN IVA TAX - 16% @ 16.000% Ref. Line ID-[891064698],Contract,TAXADJ-IVA,
Jet Fuel,Interest Charge on Inv No. 862202-21701[Receipt No. 66741] MEXICAN IVA TAX - 16% @ 16.000% Ref. Line ID-[891064703],Contract,TAXADJ-IVA,
Jet Fuel,Interest Charge on Inv No. 862202-21701[Receipt No. 66741] MEXICAN IVA TAX - 16% @ 16.000% Ref. Line ID-[891064709],Contract,TAXADJ-IVA,
Jet Fuel,Interest Charge on Inv No. 862202-21701[Receipt No. 66741] MEXICAN IVA TAX - 16% @ 16.000% Ref. Line ID-[891064711],Contract,TAXADJ-IVA,
Jet Fuel,JET FUEL-BONDED,Contract,JETA-BONDED,
Jet Fuel,JET FUEL-FTZ,Contract,JETA-FTZ,
Jet Fuel,JETA-1,Contract,JETA-1,
Jet Fuel,JETB-DRUMS,Contract,JETB-DRUMS,
Jet Fuel,JOINT FEE,Contract,8158,
Jet Fuel,JP8,Contract,JP8,
Jet Fuel,KENYAN VAT,Contract,TAX,
Jet Fuel,KINDER MORGAN PIPELINE TARIFF,Contract,8201,
Jet Fuel,KPC TARIFF FEE,Contract,8209,
Jet Fuel,LATVIAN VAT,Contract,TAX,
Jet Fuel,LINE LOSS CHARGE,Contract,8239,
Jet Fuel,LOAD ADJUSTMENT,Contract,SS8984,
Jet Fuel,LOAD RACK FEE,Contract,854,
Jet Fuel,LOCAL BUSINESS PRIVILEGE TAX,Contract,TAX,
Jet Fuel,LOCAL FUEL TAX,Contract,TAX,
Jet Fuel,LSDDU,Contract,LSDDU,
Jet Fuel,LSDU,Contract,LSDU,
Jet Fuel,LUXEMBOURGAN VAT,Contract,TAX,
Jet Fuel,M AND O FEE,Contract,834,
Jet Fuel,MAGELLAN PIPELINE FEE,Contract,8143,
Jet Fuel,MAINTENANCE AND MANAGEMENT FEE,Contract,892,
Jet Fuel,MANAGEMENT FEE,Contract,8030,
Jet Fuel,MANAGEMENT FEE - EA,Contract,830,
Jet Fuel,MEX IVA TAX - 16% Inv No 842260-21701 Ref. Line ID-[876647273],Contract,TAXADJ-IVA,
Jet Fuel,MEX IVA TAX - 16% Inv No 842260-21701 Ref. Line ID-[876647274],Contract,TAXADJ-IVA,
Jet Fuel,MEX IVA TAX - 16% Inv No 842260-21701 Ref. Line ID-[876647275],Contract,TAXADJ-IVA,
Jet Fuel,MEX IVA TAX - 16% Inv No 842260-21701 Ref. Line ID-[876647277],Contract,TAXADJ-IVA,
Jet Fuel,MEX IVA TAX - 16% Inv No 847992-21701 Ref. Line ID-[881287219],Contract,TAXADJ-IVA,
Jet Fuel,MEX IVA TAX - 16% Inv No 847992-21701 Ref. Line ID-[881290234],Contract,TAXADJ-IVA,
Jet Fuel,MEX IVA TAX - 16% Inv No 847992-21701 Ref. Line ID-[881290236],Contract,TAXADJ-IVA,
Jet Fuel,MEX IVA TAX - 16% Inv No 847992-21701 Ref. Line ID-[881290238],Contract,TAXADJ-IVA,
Jet Fuel,MEXICAN APIS TRANSMISSION,Contract,8067,
Jet Fuel,MISC FEE,Contract,8200,
Jet Fuel,MISC FEE - EA,Contract,820,
Jet Fuel,MOTIVA TRANSPORTATION THRUPUT PIPELINE FEE,Contract,8135,
Jet Fuel,MOZAMBIQUE ISC GOVERNMENT FUEL TAX,Contract,TAX,
Jet Fuel,MTWB TAX LINE ITEM,Contract,TAX,
Jet Fuel,NEW ZEALANDIAN GST,Contract,TAX,
Jet Fuel,NITROGEN - EA,Contract,8315,
Jet Fuel,NON-CONTRACTING USER SPECIAL ASSESSMENT FEE,Contract,8109,
Jet Fuel,NON-FUELING FEE,Contract,8224,
Jet Fuel,NON-MEMBER SYSTEM USE FEE,Contract,883,
Jet Fuel,NON-MEMBER THRUPUT FEE,Contract,8207,
Jet Fuel,NORWEGIAN VAT,Contract,TAX,
Jet Fuel,NOZZLE FEE,Contract,887,
Jet Fuel,OIL - EA,Contract,8184,
Jet Fuel,OMH / ONE FEE,Contract,8117,
Jet Fuel,OSINERGMIN/OEFA FEE,Contract,8396,
Jet Fuel,"OTHER TAXES, CONTRIBUTIONS / SENEAM",Contract,8062,
Jet Fuel,OVERTIME,Contract,8380,
Jet Fuel,OVERTIME - ADDITIONAL CHARGE - EA,Contract,845,
Jet Fuel,OVERTIME - EA,Contract,838,
Jet Fuel,OVERTIME - OUT OF SHIFT,Contract,SS8997,
Jet Fuel,OVERWING CHARGE,Contract,8106,
Jet Fuel,OVERWING REFUELING (NOZZLE FEE),Contract,8384,
Jet Fuel,OVERWING REFUELING (NOZZLE FEE)-EA,Contract,8292,
Jet Fuel,OVERWING REFUELLING (NOZZLE FEE),Contract,8280,
Jet Fuel,OXYGEN,Contract,8234,
Jet Fuel,P.O.N.Y. HYDRANT FEE,Contract,809,
Jet Fuel,PASSENGER FEE,Contract,8304,
Jet Fuel,PER FLIGHT FEE,Contract,825,
Jet Fuel,PERMISO DE ENTRADAS MULTIPLES (PEM),Contract,8487,
Jet Fuel,PETRO PROD DELIVERY FEE,Contract,8379,
Jet Fuel,PETROLEUM ACTIVITY TAX (PAT),Contract,TAX,
Jet Fuel,PIPELINE FEE,Contract,8222,
Jet Fuel,PIPELINE SURCHARGE,Contract,8056,
Jet Fuel,PLANTATION PIPELINE FEE,Contract,8130,
Jet Fuel,POLISH VAT,Contract,TAX,
Jet Fuel,PORT AUTHORITY FEE,Contract,8008,
Jet Fuel,PORTUGUESE VAT,Contract,TAX,
Jet Fuel,POTABLE WATER,Contract,8316,
Jet Fuel,PRINCE EDWARD ISLAND CARBON LEVY,Contract,TAX,
Jet Fuel,PRIST ADDITIVE,Contract,8155,
Jet Fuel,PRIST ADDITIVE - EA,Contract,8262,
Jet Fuel,PRIVILEGE FEE,Contract,8253,
Jet Fuel,PROTECTIVE WING MAT,Contract,864,
Jet Fuel,PROVINCIAL EXCISE TAX-FUEL TAX,Contract,TAX-ADJ-916,
Jet Fuel,PROVINCIAL FUEL TAX - ALBERTA,Contract,TAX,
Jet Fuel,PROVINCIAL FUEL TAX - BRITISH COLUMBIA,Contract,TAX,
Jet Fuel,PROVINCIAL FUEL TAX - MANITOBA,Contract,TAX,
Jet Fuel,PROVINCIAL FUEL TAX - NEW BRUNSWICK,Contract,TAX,
Jet Fuel,PROVINCIAL FUEL TAX - NORTHWEST TERR,Contract,TAX,
Jet Fuel,PROVINCIAL FUEL TAX - NOVA SCOTIA,Contract,TAX,
Jet Fuel,PROVINCIAL FUEL TAX - ONTARIO,Contract,TAX,
Jet Fuel,PROVINCIAL FUEL TAX - PRINCE EDWARD ISLAND,Contract,TAX,
Jet Fuel,PROVINCIAL FUEL TAX - QUEBEC,Contract,TAX,
Jet Fuel,PROVINCIAL FUEL TAX - SASKATCHEWAN,Contract,TAX,
Jet Fuel,PROVINCIAL FUEL TAX - YUKON,Contract,TAX,
Jet Fuel,PROVINCIAL FUEL TAX-NEWFOUNDLAND,Contract,TAX,
Jet Fuel,PROVINCIAL SALES TAX (PST),Contract,TAXADJ-917,
Jet Fuel,PTO FEE,Contract,8343,
Jet Fuel,PUMPING FEE,Contract,8111,
Jet Fuel,PUMPING FEE - EA,Contract,81111,
Jet Fuel,PUSH BACK,Contract,8301,
Jet Fuel,QST-QUEBEC SALES TAX,Contract,TAX,
Jet Fuel,QUEBEC SALES TAX,Contract,TAXADJ-QST,
Jet Fuel,RCAA FEE,Contract,8347,
Jet Fuel,RE-EXPORT CHARGE,Contract,8480,
Jet Fuel,RE-EXPORT CHARGE - EA,Contract,848,
Jet Fuel,RE-SERVICE,Contract,8334,
Jet Fuel,REBATE,Contract,8885,
Jet Fuel,REBILLABLES,Contract,8369,
Jet Fuel,RED DYE INJECTION FEE,Contract,8225,
Jet Fuel,REDEVABCE SCDP,Contract,8037,
Jet Fuel,REFINERY FUEL PREMIUM - JET A1,Contract,8035,
Jet Fuel,REFRIGERATION SERVICE,Contract,8049,
Jet Fuel,REFUELER RENTAL,Contract,8846,
Jet Fuel,REFUELER TAX,Contract,TAX,
Jet Fuel,REFUELER TRUCK,Contract,8893,
Jet Fuel,REFUELING CHARGE,Contract,8471,
Jet Fuel,REFUELING CHARGE - EA,Contract,847,
Jet Fuel,REIMBURSEMENT FOR CT GROSS EARNINGS TAX,Contract,TAX,
Jet Fuel,RENT,Contract,8667,
Jet Fuel,RIGHT'S PAYMENT,Contract,8048,
Jet Fuel,ROMANIAN CIVIL AVIATION AUTHORITY TAX,Contract,8053,
Jet Fuel,ROMANIAN VAT,Contract,TAX,
Jet Fuel,RON FEES,Contract,8370,
Jet Fuel,ROYALTY FEE,Contract,811,
Jet Fuel,RT,Contract,RT,
Jet Fuel,SAMPLING CHARGE,Contract,8335,
Jet Fuel,SAN LUIS OBISPO CONSTRUCTION FEE,Contract,8032,
Jet Fuel,SAUDI ARABIAN GOVERNMENT TAX,Contract,TAX,
Jet Fuel,SCREENED BAGS FEE,Contract,824,
Jet Fuel,SECOND REFUELLER CALL OUT FEE,Contract,8096,
Jet Fuel,SECURITY FEE,Contract,831,
Jet Fuel,SECURITY SERVICES,Contract,8338,
Jet Fuel,SENEAM LARGE (UP 124.7 FEET),Contract,8044,
Jet Fuel,SENEAM MEDIUM B (FROM 82.1 TO 124.6 FEET),Contract,8043,
Jet Fuel,SENEAM TYPE A (FROM 0 TO 36.4 FEET),Contract,8040,
Jet Fuel,SENEAM TYPE B (FROM 36.5 TO 54.8 FEET),Contract,8041,
Jet Fuel,SERAM FEE,Contract,8398,
Jet Fuel,SERVICE FEE - EA,Contract,8177,
Jet Fuel,SERVICE FEE - EA.,Contract,8298,
Jet Fuel,SERVICIOS EXTRAORDINARIOS,Contract,899,
Jet Fuel,SGEPP FEE,Contract,8464,
Jet Fuel,SINGAPOREAN GST,Contract,TAX,
Jet Fuel,SLOVAK VAT,Contract,TAX,
Jet Fuel,SLOVENIAN VAT,Contract,TAX,
Jet Fuel,SMALL LOAD FEE,Contract,8027,
Jet Fuel,SMALL LOADS FEE,Contract,SS8976,
Jet Fuel,SMALL UPLIFT FEE - EA,Contract,827,
Jet Fuel,SOUTH AFRICAN VAT,Contract,TAX,
Jet Fuel,SPANISH VAT,Contract,TAX,
Jet Fuel,SPECIFIC TAX,Contract,TAX,
Jet Fuel,STAL FACILITY GA,Contract,8220,
Jet Fuel,STAMP TAX,Contract,TAX,
Jet Fuel,STATE COASTAL & INLAND SURFACE CLEAN UP FEE,Contract,TAX,
Jet Fuel,STATE DIESEL FUEL TAX - DEST,Contract,TAX,
Jet Fuel,STATE ENVIRONMENTAL IMPACT FEE - DEST SC,Contract,TAX,
Jet Fuel,STATE ENVIRONMENTAL PROTECTION FEE,Contract,TAX,
Jet Fuel,STATE FUEL TAX - INSPECTION FEE,Contract,TAX,
Jet Fuel,STATE FUEL TAX/WV VARIABLE MF RATE,Contract,TAX,
Jet Fuel,STATE GNDWTR/CSTL & INLND SURF CLEANUP FEE,Contract,TAX,
Jet Fuel,STATE GROUNDWATER CLEAN UP FUND FEE,Contract,TAX,
Jet Fuel,STATE HAZARDOUS SUBSTANCE TAX,Contract,TAX,
Jet Fuel,STATE INSPECTION FEE,Contract,TAX,
Jet Fuel,STATE INSPECTION FEE - DEST SC,Contract,TAX,
Jet Fuel,STATE OIL TRANSFER FEE,Contract,TAX,
Jet Fuel,STATE PETROLEUM BUSINESS TAX,Contract,TAX,
Jet Fuel,STATE PETROLEUM GROSS RECEIPTS TAX,Contract,TAX,
Jet Fuel,STATE PETROLEUM PRODUCTS LOADING FEE,Contract,TAX,
Jet Fuel,STATE PETROLEUM PRODUCTS TAX,Contract,TAX,
Jet Fuel,STATE PETROLEUM RELEASE REMEDIAL ACTION FEE,Contract,TAX,
Jet Fuel,STATE PETROLEUM TANK RELEASE CLEAN UP FEE,Contract,TAX,
Jet Fuel,STATE PREPAID SALES TAX,Contract,TAX,
Jet Fuel,STATE TRANSPORT LOAD FEE,Contract,TAX,
Jet Fuel,STATE UNDERGROUND STORAGE TANK FEE,Contract,TAX,
Jet Fuel,STATE UNIFORM OIL RESPONSE TAX,Contract,TAX,
Jet Fuel,STATE UNIFORM OIL SPILL RESPONSE FEE,Contract,TAX,
Jet Fuel,STOCK SAGESS,Contract,8426,
Jet Fuel,STOP CHARGE - EA,Contract,8167,
Jet Fuel,STORAGE FEE - EA,Contract,8912,
Jet Fuel,STORAGE THRUPUT FEE,Contract,SS8992,
Jet Fuel,STRATEGIC RESERVE FUND,Contract,859,
Jet Fuel,STSL FEE,Contract,8296,
Jet Fuel,SUPERVISORY FEE - EA,Contract,869,
Jet Fuel,SWEDISH CO2 TAX,Contract,TAX,
Jet Fuel,SWEDISH MINERAL OIL TAX,Contract,TAX,
Jet Fuel,SYSTEM IMPROVEMENT FEE,Contract,8137,
Jet Fuel,SYSTEMS FEE,Contract,819,
Jet Fuel,TANK FARM RENT,Contract,8871,
Jet Fuel,TAX-ADJ-908,Contract,TAX-ADJ-908,
Jet Fuel,TAX-ADJ-910,Contract,TAX-ADJ-910,
Jet Fuel,TAX-ADJ-966,Contract,TAX-ADJ-966,
Jet Fuel,TAXADJ-917,Contract,TAXADJ-917,
Jet Fuel,TAXADJ-GST,Contract,TAXADJ-GST,
Jet Fuel,TAXADJ-QST,Contract,TAXADJ-QST,
Jet Fuel,TEMP FREIGHT AND SUPPLY ADJUSTMENT,Contract,8108,
Jet Fuel,TEMPORARY FUEL SURCHARGE,Contract,806,
Jet Fuel,THRU-PUT FEE - EA,Contract,8353,
Jet Fuel,TKS FLUID,Contract,8318,
Jet Fuel,TN STATE EXPORT TAX (PASS-THRU TAX),Contract,TAX,
Jet Fuel,TOLLS,Contract,8242,
Jet Fuel,TOWING,Contract,8372,
Jet Fuel,TRADE PROMO SERVICE FEE,Contract,8026,
Jet Fuel,TRANSPORTATION FEE - EA,Contract,8281,
Jet Fuel,TRUCK FEE - EA,Contract,8154,
Jet Fuel,TRUCK THRUPUT FEE,Contract,8289,
Jet Fuel,TS-1,Contract,TS-1,
Jet Fuel,TSA FEES - EA,Contract,8079,
Jet Fuel,TSA INSURANCE CHARGE,Contract,8496,
Jet Fuel,TSA THREAT FEE,Contract,8374,
Jet Fuel,TUA FEE,Contract,877,
Jet Fuel,TUPRAS REFINERY SURCHARGE,Contract,871,
Jet Fuel,U.S. FEDERAL EXCISE TAX (FET),Contract,TAX,
Jet Fuel,U.S. FEDERAL EXCISE TAX (FET)-JET FUEL,Contract,TAXADJ-901,
Jet Fuel,U.S. FEDERAL LUST TAX,Contract,TAX,
Jet Fuel,U.S. FEDERAL LUST TAX,Contract,TAX,
Jet Fuel,U.S. FEDERAL OIL SPILL TAX,Contract,TAX,
Jet Fuel,USDA INSPECTION,Contract,8375,
Jet Fuel,UTILITY FEE,Contract,893,
Jet Fuel,VALUE ADDED TAX  @ 8.00%,Contract,TAXADJ-VAT,
Jet Fuel,VALUE ADDED TAX @  8.00%,Contract,TAXADJ-VAT,
Jet Fuel,"VALUE ADDED TAX @ 7,70%",Contract,TAXADJ-VAT,
Jet Fuel,VALUE ADDED TAX @ 7.70,Contract,TAXADJ-VAT,
Jet Fuel,VALUE ADDED TAX @ 7.70%,Contract,TAXADJ-VAT,
Jet Fuel,"VALUE ADDED TAX @ 8,00%",Contract,TAXADJ-VAT,
Jet Fuel,VALUE ADDED TAX @ 8.00,Contract,TAXADJ-VAT,
Jet Fuel,VALUE ADDED TAX @ 8.00%,Contract,TAXADJ-VAT,
Jet Fuel,VALUE ADDED TAX @7.70%,Contract,TAXADJ-VAT,
Jet Fuel,VALUE ADDED TAX @8.00%,Contract,TAXADJ-VAT,
Jet Fuel,VARIOUS EXPENSES-TRANSPORTATION FEE - EA,Contract,8178,
Jet Fuel,VCT VAT/IVA/TVA,Contract,TAX,
Jet Fuel,WATER SERVICE,Contract,8376,
Jet Fuel,WESPAC FEE,Contract,8176,
Jet Fuel,WESTSHORE PIPELINE FEE,Contract,8131,
Jet Fuel,WICKLAND PIPELINE FEE,Contract,823,
Jet Fuel,AIRPORT FLOW FEE,Retail,2APFL,
Jet Fuel,AIRPORT TAX,Retail,T31,
Jet Fuel,AVGAS,Retail,AVGAS,
Jet Fuel,CONCESSION FEE,Retail,2CON,
Jet Fuel,FUEL SURCHARGE,Retail,2FS,
Jet Fuel,GST,Retail,T11,
Jet Fuel,GST/HST,Retail,T13,
Jet Fuel,JET FUEL,Retail,JETA,
Jet Fuel,JET FUEL WITH ADDITIVE,Retail,JETA-ADDITIVE,
Jet Fuel,JP5/JP8,Retail,JP5/JP8,
Jet Fuel,LOCAL TAX,Retail,T14,
Jet Fuel,MINERAL OIL TAX,Retail,T16,
Jet Fuel,OIL,Retail,2OIL,
Jet Fuel,STATE EXCISE TAX,Retail,T23,
Jet Fuel,TAXES,Retail,2TE,
Jet Fuel,CARBON TAX,Retail,T38,
Jet Fuel,DEFUEL CHARGE,Retail,2DF,
Jet Fuel,DIESEL,Retail,DIESEL,
Jet Fuel,DUTIES/TAXES,Retail,T06,
Jet Fuel,ENVIRONMENTAL DISP,Retail,2ENVDISP,
Jet Fuel,FED EXCISE TAX,Retail,T08,
Jet Fuel,FED OIL SPILL TAX,Retail,T09,
Jet Fuel,FEDERAL FUEL CHARGE,Retail,T39,
Jet Fuel,FET - AVGAS,Retail,T10,
Jet Fuel,FUEL ADDITIVE,Retail,2FADD,
Jet Fuel,FUEL COORD FEE,Retail,2FC,
Jet Fuel,FUEL DISCOUNT,Retail,2FD,
Jet Fuel,GASOLINE,Retail,GASOLINE,
Jet Fuel,GASOLINE - REGULAR,Retail,GASOLINE-REG,
Jet Fuel,HOOKUP FEE,Retail,2HF,
Jet Fuel,HYDRANT FUELING FEE,Retail,2HYR,
Jet Fuel,INDUSTRIAL FUEL OIL 180CST 3.5% S,Retail,180 CST,
Jet Fuel,INTO PLANE FEE,Retail,2IP,
Jet Fuel,INTO-TRUCK FEE,Retail,2IT,
Jet Fuel,JET A-1 FUEL,Retail,JETA-1,
Jet Fuel,OTHER TAXES,Retail,T17,
Jet Fuel,PST/QST,Retail,T20,
Jet Fuel,REFUEL CHARGE,Retail,2RFC,
Jet Fuel,VAT/IVA,Retail,T30,
Jet Fuel,AIRPORT HEAD TAX,Retail,T01,
Jet Fuel,BILLS PAID,Retail,2BILLSPD,
Jet Fuel,CANCELLATION FEES,Retail,2HY,
Jet Fuel,CITY TAX,Retail,T02,
Jet Fuel,COMMISSION FEE,Retail,2CSF,
Jet Fuel,CONVENIENCE FEE,Retail,R1,
Jet Fuel,COORDINATION FEE,Retail,2COOR,
Jet Fuel,COUNTY TAX,Retail,T04,
Jet Fuel,MERCHANT ACCEPTANCE FEE,Retail,R2,
Jet Fuel,MINIMUM UPLIFT FEE,Retail,2MIN,
Jet Fuel,NITROGEN,Retail,2NIT,
Jet Fuel,PUSH-BACK,Retail,2PB,
Ramp,TAKE OFF FEE,Retail,2TO,
Jet Fuel,THRU PUT FEE/EACH,Retail,2THEA,
Jet Fuel,*FIRE TRUCK,Services,2FT,
Jet Fuel,*FUEL ADDITIVE,Services,2FADD,
Jet Fuel,*FUEL SURCHARGE,Services,2FS,
Jet Fuel,*REFUEL CHARGE,Services,2RFC,
Jet Fuel,TAXES,Services,2APTAX,
Jet Fuel,*AIRPORT FEES-ADR INV 203795,Services,2AC,
Jet Fuel,*AIRPORT FEES-ADR INV 690085,Services,2AC,
Jet Fuel,*AIRPORT FEES-ADR INV 801299,Services,2AC,
Jet Fuel,*AIRPORT FEES-AIRPORT TAX,Services,2AC,
Jet Fuel,*AIRPORT FEES-AIRPORT TAX + TERMINAL FEE + SECURITY FEE,Services,2AC,
Jet Fuel,*AIRPORT FEES-AIRPORT TAX GROUP,Services,2AC,
Jet Fuel,*AIRPORT FEES-AIRPORT TAXES,Services,2AC,
Jet Fuel,*AIRPORT FEES-FIXED FEE PER REFUELLING OPERATION,Services,2AC,
Jet Fuel,*AIRPORT FEES-GOVERNMENT DUTIES,Services,2AC,
Jet Fuel,*AIRPORT FEES-GOVERNMENT DUTIES,Services,2AC,
Jet Fuel,*AIRPORT FEES-INV 206080,Services,2AC,
Jet Fuel,*AIRPORT FEES-INV 206105,Services,2AC,
Jet Fuel,*AIRPORT FEES-INV 801493,Services,2AC,
Jet Fuel,*AIRPORT FEES-INV 801674,Services,2AC,
Jet Fuel,*AIRPORT FEES-INVOICE CHARGE,Services,2AC,
Jet Fuel,*AIRPORT FEES-LOCAL TAXES,Services,2AC,
Jet Fuel,*AIRPORT FEES-PAX AIRPORT TAX,Services,2AC,
Jet Fuel,*CUSTOMS FEE-GOVERNMENT DUTIES,Services,2CUS,
Jet Fuel,*CUSTOMS FEE-GOVERNMENT DUTIES,Services,2CUS,
Jet Fuel,*DEICING-TRUCK,Services,2DI,
Jet Fuel,*FUEL ADDITIVE-PRIST,Services,2FADD,
Jet Fuel,*FUEL COORD FEE-REFUELLING WITH PASSENGER ON BOARD,Services,2FC,
Jet Fuel,*FUEL SURCHARGE-GULFSTREAM AEROSPACE / JET A,Services,2FS,
Jet Fuel,*FUEL SURCHARGE-INT FUEL ON ARRIVAL,Services,2FS,
Jet Fuel,*FUEL SURCHARGE-INTL FUEL O/B ON ARRIVAL,Services,2FS,
Jet Fuel,*FUEL SURCHARGE-JET A / 1509 LITERS,Services,2FS,
Jet Fuel,*FUEL SURCHARGE-SIGNATURE FLIGHT SUPPORT BFI / JET A / QTY 621,Services,2FS,
Jet Fuel,*HEALTH AUTH FEES-ENVIRONMENTAL TAX ON DEICING FLUID,Services,2HAF,
Jet Fuel,*MISCELLANEOUS-AIRPORT TAXES,Services,2MISC,
Jet Fuel,*MISCELLANEOUS-WATER TRUCK,Services,2MISC,
Jet Fuel,*PASSENGER FEES-PAX AIRPORT TAX,Services,2PF,
Jet Fuel,*PASSENGER TAXES-AIRPORT TAX,Services,2PXTAX,
Jet Fuel,*PASSENGER TAXES-PAX AIRPORT TAX,Services,2PXTAX,
Jet Fuel,*TOWING - TRUCK,Services,2ATW,
Jet Fuel,*WASTE DISPOSAL-GARBAGE TRUCK,Services,2TC,
Jet Fuel,*WASTE DISPOSAL-TRUCK,Services,2TC,
Jet Fuel,*DEICING-FLUID,Services,2DI,Jet Fuel
Jet Fuel,HEALTH AUTH FEES-HUMAN,Services,2HAF,Jet Fuel
Jet Fuel,HEALTH AUTH FEES-PLANTS/ ANIMALS / FISH,Services,2HAF,Jet Fuel
Jet Fuel,TN STATE EXPORT TAX,Contract,,
Jet Fuel,PRODUCTS (SE) PIPELINE FEE,Contract,,
Jet Fuel,GROUND & SURFACE WATERS CLEAN UP & RESP FUND,Contract,,
Landing,LANDING FEE,Contract,8149,
Landing,LANDING FEE,Contract,SS8981,
Landing,LOADING FEE,Contract,8824,
Landing,LANDING FEE - EA,Contract,804,
Landing,LANDING FEES,Retail,2LA,
Landing,*LANDING FEES,Services,2LA,
Landing,*LANDING FEES,Services,7LA,
Landing,*LANDING FEES-& NAV,Services,2LA,
Landing,*LANDING FEES-& TAKE OFF FEES,Services,2LA,
Landing,*LANDING FEES-& TAKE-OFF,Services,2LA,
Landing,*LANDING FEES-&TAKE OFF FEES,Services,2LA,
Landing,*LANDING FEES-3/5/6/15/17/19,Services,2LA,
Landing,*LANDING FEES-3RD PARTY SURCHARGE CHARGES ON LANDING FEES,Services,2LA,
Landing,*LANDING FEES-ADD T/O LNDG FEE,Services,2LA,
Landing,*LANDING FEES-ADDIIONAL T/0 LNDG FEES,Services,2LA,
Landing,*LANDING FEES-ADDITIONAL T/0 LNDG FEES,Services,2LA,
Landing,*LANDING FEES-AEROSTAR,Services,2LA,
Landing,*LANDING FEES-ANGOLA,Services,2LA,
Landing,*LANDING FEES-ANGUILLA,Services,2LA,
Landing,*LANDING FEES-ARRIVAL,Services,2LA,
Landing,*LANDING FEES-ARRIVAL,Services,2LA,
Landing,*LANDING FEES-ATC,Services,2LA,
Landing,*LANDING FEES-ATC CHARGE,Services,2LA,
Landing,*LANDING FEES-ATC CHARGE LANDING,Services,2LA,
Landing,*LANDING FEES-AUSTRALIA,Services,7LA,
Landing,*LANDING FEES-CARGO,Services,2LA,
Landing,*LANDING FEES-CAYMAN ISLANDS,Services,2LA,
Landing,*LANDING FEES-CIVIL AVIATION FEES,Services,2LA,
Landing,*LANDING FEES-CIVILAIR,Services,2LA,
Landing,*LANDING FEES-COLOMBIA,Services,2LA,
Landing,*LANDING FEES-DEPARTURE,Services,2LA,
Landing,*LANDING FEES-EDEIS AEROPORT,Services,2LA,
Landing,*LANDING FEES-EGYPT,Services,2LA,
Landing,*LANDING FEES-GABON,Services,2LA,
Landing,*LANDING FEES-GABS,Services,2LA,
Landing,*LANDING FEES-GERMANY,Services,2LA,
Landing,*LANDING FEES-GVA,Services,2LA,
Landing,*LANDING FEES-HONG KONG,Services,2LA,
Landing,*LANDING FEES-INDONESIA,Services,2LA,
Landing,*LANDING FEES-INTERNATIONAL DAY LANING,Services,2LA,
Landing,*LANDING FEES-ISAVIA REYKJAVIK AIRPORT,Services,2LA,
Landing,*LANDING FEES-ITALY,Services,2LA,
Landing,*LANDING FEES-KAZAKHSTAN,Services,2LA,
Landing,*LANDING FEES-KENYA,Services,2LA,
Landing,*LANDING FEES-KJFK,Services,7LA,
Landing,*LANDING FEES-LANDING 7 TAKE-OFF FEES,Services,2LA,
Landing,*LANDING FEES-LANDING NOISE SURCHARGE,Services,2LA,
Landing,*LANDING FEES-LANDING/ATC/NAV,Services,2LA,
Landing,*LANDING FEES-LANDING/NAV,Services,2LA,
Landing,*LANDING FEES-LEGAL PROCEEDINGS FOR FAR 135 SINGLE LANDING AUTHORIZATION,Services,2LA,
Landing,*LANDING FEES-MALAYSIA,Services,2LA,
Landing,*LANDING FEES-MALDIVES,Services,2LA,
Landing,*LANDING FEES-MARCH 2/4/6/13/19,Services,2LA,
Landing,*LANDING FEES-MARCH 6-20,Services,2LA,
Landing,*LANDING FEES-MEXICO,Services,2LA,
Landing,*LANDING FEES-MOROCCO,Services,2LA,
Landing,*LANDING FEES-NOISE CHARGE,Services,2LA,
Landing,*LANDING FEES-NOISE CHARGE ON LND,Services,2LA,
Landing,*LANDING FEES-NOISE SURCHARGE ON LANDING,Services,2LA,
Landing,*LANDING FEES-OMAN,Services,2LA,
Landing,*LANDING FEES-OVERCHARGE,Services,2LA,
Landing,*LANDING FEES-PAKISTAN,Services,2LA,
Landing,*LANDING FEES-PANAMA,Services,2LA,
Landing,*LANDING FEES-PARTIAL BILLING FOR LANDING (SEE NOTE),Services,2LA,
Landing,*LANDING FEES-PERFECT LAND PACKAGE,Services,2LA,
Landing,*LANDING FEES-PORT AUTHORITY,Services,2LA,
Landing,*LANDING FEES-REDEVANCE COHOR,Services,2LA,
Landing,*LANDING FEES-RMI PORTS AUTHORITY,Services,2LA,
Landing,*LANDING FEES-RMI PORTS AUTHORITY / PARTIAL AMOUNT (SEE NOTE),Services,2LA,
Landing,*LANDING FEES-SIERRA LEONE,Services,2LA,
Landing,*LANDING FEES-SOUTH AFRICA,Services,2LA,
Landing,*LANDING FEES-SOUTH SUDAN,Services,2LA,
Landing,*LANDING FEES-SURCHARGE,Services,2LA,
Landing,*LANDING FEES-SWITZERLAND,Services,2LA,
Landing,*LANDING FEES-THAILAND,Services,2LA,
Landing,*LANDING FEES-TURKS AND CAICOS ISLANDS,Services,2LA,
Landing,*LANDING FEES-UNITED ARAB EMIRATES,Services,2LA,
Landing,*LANDING FEES-UNITED KINGDOM,Services,2LA,
Landing,*LANDING FEES-UNITED REPUBLIC OF TANZANIA,Services,2LA,
Landing,*LANDING FEES-UNIVERSAL AVIATION UVAVEMEX,Services,2LA,
Lav Service,TRASH COLLECTION,Contract,8235,
Lav Service,LAVATORY SERVICE,Contract,8223,
Lav Service,OXYGEN/WATER,Retail,,
Lav Service,LAVATORY SERVICES,Retail,2LS,
Lav Service,INTERNATIONAL GARBAGE DISPOSAL,Retail,2INTGD,
Lav Service,INTERNATIONAL TRASH,Retail,2INTR,
Lav Service,*LAVATORY SERVICES,Services,7LS,
Lav Service,*HOTEL CHARGES-HILTON GARDEN INN LUTON NORTH/K. LAVASSEUR,Services,2HOA,
Lav Service,*LAVATORY  SERVICES,Services,2LS,
Lav Service,*LAVATORY  SERVICES-ATLANTIC AVIATION LAX / QTY 3 & POTABLE WATER,Services,2LS,
Lav Service,*LAVATORY  SERVICES-BLUE JUICE,Services,2LS,
Lav Service,*LAVATORY  SERVICES-QTY 2,Services,2LS,
Lav Service,*LAVATORY  SERVICES-WATER & LAV,Services,2LS,
Lav Service,*LAVATORY  SERVICES-WATER & LAV SERVICES,Services,2LS,
Lav Service,*TOILET AND WATER FEES-LAVS/POTABLE WATER,Services,2TW,
Lav Service,*TOILET AND WATER FEES-FLUME SERVICE,Services,2TW,
Lav Service,*TOILET AND WATER FEES-HAL TOILET SERVICE,Services,2TW,
Lav Service,*TOILET AND WATER FEES-NON POTABLE,Services,2TW,
Lav Service,*TOILET AND WATER FEES-PORTABLE WATER SERVICES,Services,2TW,
Lav Service,*TOILET AND WATER FEES-POTABLE WATER,Services,2TW,
Lav Service,*TOILET AND WATER FEES-POTABLE WATER SERVICE,Services,2TW,
Lav Service,*TOILET AND WATER FEES-POTABLE WATER SERVICES,Services,2TW,
Lav Service,*TOILET AND WATER FEES-SFS,Services,2TW,
Lav Service,*TOILET AND WATER FEES-TOILET SERVICE,Services,2TW,
Lav Service,*TOILET AND WATER FEES-TOILET SERVICES,Services,2TW,
Lav Service,*TOILET AND WATER FEES-WATER,Services,2TW,
Lav Service,*TOILET AND WATER FEES-WATER FEES,Services,2TW,
Lav Service,*TOILET AND WATER FEES-WATER SERVICE,Services,2TW,
Lav Service,*TOILET AND WATER FEES,Services,,
Maintenance,PARTS,Contract,8377,
Maintenance,AIRCRAFT MAINTENANCE - EA,Contract,8005,
Maintenance,MAINTENANCE,Contract,8911,
Maintenance,MAINTENANCE TRAINING - EA,Contract,8078,
Maintenance,PLANE MAINTENANCE,Retail,2PM,
Maintenance,PLANE MAINTENANCE,Retail,,
Maintenance,PLANE MAINTENANCE,Retail,,
Maintenance,PLANE MAINTENANCE,Retail,,
Maintenance,NON-AIRCRAFT FUEL/PARTS,Retail,2NONAC,
Maintenance,*MAINTENANCE,Services,2PM,
Maintenance,*MAINTENANCE-AIRCRAFT MAINTENANCE,Services,2PM,
Maintenance,*MAINTENANCE-BY CHRIS MCCOY,Services,2PM,
Maintenance,*MAINTENANCE-MAN HOUR,Services,2PM,
Maintenance,*MAINTENANCE-PASSENGER STAIRS,Services,2PM,
Maintenance,*MAINTENANCE-PS890 SEAL,Services,2PM,
Parking,*PARKING FEE,Contract,,
Parking,*PARKING FEE,Contract,,
Parking,PARKING FEE,Contract,805,
Parking,EXTENDED/OVERNIGHT PARKING,Contract,857,
Parking,PARKING OVERTIME FEE,Contract,8093,
Parking,*LANDING FEES-LANDING & PARKING,Retail,,
Parking,*AIRPORT FEES-CIAA AIRPORT LANDING & PARKING FEES & PAX DEP,Retail,,
Parking,PARKING,Retail,2PA,
Parking,*AIRPORT FEES-CIAA AIRPORT LANDING & PARKING FEES & PAX DEP,Services,2AC,
Parking,*AIRPORT FEES-LANDING & PARKING,Services,2AC,
Parking,*AIRPORT FEES-LANDING & PARKING,Services,7AC,
Parking,*AIRPORT FEES-LANDING/DEPARTURE/PARKING,Services,2AC,
Parking,*AIRPORT FEES-LANDING/DEPARTURE/PARKING,Services,7AC,
Parking,*LANDING FEES-LANDING & PARKING,Services,2LA,
Parking,*PARKING,Services,7PA,
Parking,*PARKING FEE,Services,2PA,
Parking,PARKING FEE,Services,2PA,
Parking,*AIRCRAFT TOWING-PARKING,Services,2ATW,
Parking,*AIRPORT FEES-& PARKING AND DEPARTURE,Services,2AC,
Parking,"*AIRPORT FEES-(LANDING, PARKING, AIRPORT & PASSENGER TAXES)",Services,2AC,
Parking,"*AIRPORT FEES-(LANDING, PARKING, NOISE FEE, SECURITY CHARGE)",Services,2AC,
Parking,"*AIRPORT FEES-AIR NAVIGATION, LANDING, & PARKING",Services,2AC,
Parking,*AIRPORT FEES-CIAA AIRPORT LANDING & PARKING & PAX DEP TAXES,Services,2AC,
Parking,*AIRPORT FEES-CIAA AIRPORT LANDING & PARKING FEES & PAX DEP,Services,2AC,
Parking,*AIRPORT FEES-CIAA AIRPORT LANDING & PARKING FEES & PAX DEP TAXES,Services,2AC,
Parking,*AIRPORT FEES-CIAA AIRPORT LANDING AND PARKING FEES AND PAX DEP,Services,2AC,
Parking,*AIRPORT FEES-CIAA AIRPORT LANDING AND PARKING FEES AND PAX DEP TAXES,Services,2AC,
Parking,*AIRPORT FEES-CIAA AIRPORT LANDING AND PARKING FEES AND PAX DEP TAXES,Services,2AC,
Parking,*AIRPORT FEES-CIAA AIRPORT LANDING AND PARKING FEES AND PAX TAXES,Services,2AC,
Parking,"*AIRPORT FEES-CIAA AIRPORT LANDING, PARKING & PAX DEP FEES",Services,2AC,
Parking,"*AIRPORT FEES-CIAA AIRPORT LANDING, PARKING & PAX DEPARTURE TAXES",Services,2AC,
Parking,"*AIRPORT FEES-CIAA AIRPORT LANDING, PARKING, & PAX DEPARTURE TAXES",Services,2AC,
Parking,"*AIRPORT FEES-CIAA AIRPORT LANDING, PARKING, PAX DEPARTURE FEES",Services,2AC,
Parking,*AIRPORT FEES-LANDING & PARKING,Services,2AC,
Parking,*AIRPORT FEES-LANDING & PARKING FEES & PAX DEP TAXES,Services,2AC,
Parking,"*AIRPORT FEES-LANDING , PARKING, NOISE & SECURITY",Services,2AC,
Parking,*AIRPORT FEES-LANDING PARKING NAVIGATION & PAX FEES,Services,2AC,
Parking,"*AIRPORT FEES-LANDING, PARKING & LIGHTING",Services,2AC,
Parking,"*AIRPORT FEES-LANDING, PARKING, AIRPORT AND PASSENGER TAXES ",Services,2AC,
Parking,"*AIRPORT FEES-LANDING, PARKING, AMD PAX DEP ",Services,2AC,
Parking,"*AIRPORT FEES-LANDING, PARKING, LIGHTING",Services,2AC,
Parking,"*AIRPORT FEES-LANDING, PARKING, NAVIGATION & PASSENGER FEES",Services,2AC,
Parking,"*AIRPORT FEES-LANDING, PARKING, NAVIGATION & PAX FEES",Services,2AC,
Parking,*AIRPORT FEES-LANDING- PARKING- NAVIGATION- PSF-UDF,Services,2AC,
Parking,*AIRPORT FEES-LANDING-PARKING-NAVIGATION,Services,2AC,
Parking,*AIRPORT FEES-LANDING-PARKING-NAVIGATION- UDF,Services,2AC,
Parking,*AIRPORT FEES-LANDING/LIGHTING/PARKING,Services,2AC,
Parking,*AIRPORT FEES-LANDING/NAVIGATION/PARKING/PSF/UDF,Services,2AC,
Parking,*AIRPORT FEES-LANDING/PARKING /NAVIGATION/PSF/ASF/X-RAY,Services,2AC,
Parking,*AIRPORT FEES-LANDING/PARKING/NAV & PASSENGER FEES,Services,2AC,
Parking,*AIRPORT FEES-LANDING/PARKING/NAVIGATION,Services,2AC,
Parking,*AIRPORT FEES-LANDING/PARKING/NAVIGATION/PSF,Services,2AC,
Parking,*AIRPORT FEES-LANDING/PARKING/NAVIGATION/PSF/ASF/X-RAY,Services,2AC,
Parking,*AIRPORT FEES-LANDING/PARKING/NAVIGATION/PSF/UDF,Services,2AC,
Parking,*AIRPORT FEES-LANDING/PARKING/NAVIGATION/PSF/UDF/ADF/ASF/GAT,Services,2AC,
Parking,*AIRPORT FEES-LANDING/PARKING/NAVIGATION/UDF,Services,2AC,
Parking,*AIRPORT FEES-LANDING/PARKING/PSF/UDF,Services,2AC,
Parking,"*AIRPORT FEES-LANDNG, PARKING, LIGHTING CHARGES, TERMINAL USE, NIGHT GUARD",Services,2AC,
Parking,"*AIRPORT FEES-MACHANGULO - LANDING, PARKING, NAVIGATION & PAX FEES",Services,2AC,
Parking,"*AIRPORT FEES-MACHANGULO - LANDING, PARKING, NAVIGATION & PAX FEES ",Services,2AC,
Parking,*AIRPORT FEES-NAV/LANDING/PARKING & PASS TAXES,Services,2AC,
Parking,*COORDINATION FEE-PARKING EXCEEDING 48HR PARKING RESTRICTION,Services,2GR,
Parking,*ESCORT FEE-TO/FROM REMOTE PARKING,Services,2ESC,
Parking,*HANGAR SPACE-PARKING,Services,2HA,
Parking,*LANDING FEES-& LIGHTING & PARKING & NAVIGATION FEES,Services,2LA,
Parking,*LANDING FEES-& PARKING,Services,2LA,
Parking,*LANDING FEES-& PARKING,Services,2LA,
Parking,*LANDING FEES-& PARKING & NAVIGATIONS,Services,2LA,
Parking,*LANDING FEES-& PARKING - COUNTER FEE,Services,2LA,
Parking,*LANDING FEES-& PARKING AND COUNTER FEE,Services,2LA,
Parking,*LANDING FEES-& PARKING FEES,Services,2LA,
Parking,"*LANDING FEES-& TAKE-OFF, FOLLOW ME & PARKING ",Services,2LA,
Parking,*LANDING FEES-&PARKING LIGHTING FEES,Services,2LA,
Parking,"*LANDING FEES--TAKEOFF, FOLLOWME & PARKING ",Services,2LA,
Parking,"*LANDING FEES-/TAKE-OFF, PARKING",Services,2LA,
Parking,*LANDING FEES-CIAA AIRPORT LANDING AND PARKING FEES AND PAX DEP TAXES,Services,2LA,
Parking,*LANDING FEES-CIVILAIR / LANDING AND PARKING FEES,Services,2LA,
Parking,*LANDING FEES-CIVILAIR / LANDING AND PARKING FEES,Services,2LA,
Parking,*LANDING FEES-CIVILAIR/LANDING/PARKING,Services,2LA,
Parking,*LANDING FEES-DISBURSEMENT / LANDING AND PARKING FEES,Services,2LA,
Parking,*LANDING FEES-INCL PARKING/ASPC/AGENT DISBURSEMENT,Services,2LA,
Parking,*LANDING FEES-LADING & PARKING,Services,2LA,
Parking,*LANDING FEES-LANDING & PARKING,Services,2LA,
Parking,*LANDING FEES-LANDING & PARKING & PAX DEP TAXES,Services,2LA,
Parking,*LANDING FEES-LANDING & PARKING SURCHARGE,Services,2LA,
Parking,*LANDING FEES-LANDING / NAV / PARKING,Services,2LA,
Parking,*LANDING FEES-LANDING / PARKING / PASSENGERS FEES,Services,2LA,
Parking,*LANDING FEES-LANDING / PARKING / PAX DEP TAXES,Services,2LA,
Parking,*LANDING FEES-LANDING / PARKING / PAX DEPARTURE TAX,Services,2LA,
Parking,*LANDING FEES-LANDING AND PARKING FEES,Services,2LA,
Parking,"*LANDING FEES-LANDING, DEPARTURE & PARKING FEES",Services,2LA,
Parking,*LANDING FEES-LANDING/NAV & PARKING,Services,2LA,
Parking,*LANDING FEES-LANDING/NAV/PARKING,Services,2LA,
Parking,*LANDING FEES-LANDING/PARKING,Services,2LA,
Parking,*LANDING FEES-LANDING/PARKING & DEP,Services,2LA,
Parking,*LANDING FEES-LANDING/PARKING & DEP,Services,2LA,
Parking,*LANDING FEES-LANDING/PARKING & PASSENGER FEES,Services,2LA,
Parking,*LANDING FEES-LANDING/PARKING/NAV & PASSENGER FEES,Services,2LA,
Parking,*LANDING FEES-LANDING/PARKING/NAV FEES,Services,2LA,
Parking,*LANDING FEES-LANDING/PARKING/NAVIGATION,Services,2LA,
Parking,*LANDING FEES-LANDING/PARKING/NAVIGATIONAL FEES,Services,2LA,
Parking,*LANDING FEES-LANDING/PARKING/PASSENGER,Services,2LA,
Parking,*LANDING FEES-LANDING/PARKING/PASSENGER FEES,Services,2LA,
Parking,*LANDING FEES-NAV LANDING/PARKING,Services,2LA,
Parking,*LANDING FEES-NAVIGATION & LIGHTING &PARKING,Services,2LA,
Parking,*LANDING FEES-PARKING,Services,2LA,
Parking,*LANDING FEES-PARKING & LIGHTING,Services,2LA,
Parking,*LANDING FEES-PARKING & NAVIGATION FEES,Services,2LA,
Parking,*LANDING FEES-PARKING & PASS FEE,Services,2LA,
Parking,*LANDING FEES-PARKING & PASSANGER FEE,Services,2LA,
Parking,*LANDING FEES-PARKING & PASSENGER FEE,Services,2LA,
Parking,*LANDING FEES-PARKING AND PAX DEP,Services,2LA,
Parking,*LANDING FEES-PARKING FEE,Services,2LA,
Parking,*LANDING FEES-PARKING FEE & NAVIGATION FEE,Services,2LA,
Parking,*LANDING FEES-PARKING FEES,Services,2LA,
Parking,*LANDING FEES-PARKING FEES / PAX DEP FEES,Services,2LA,
Parking,*LANDING FEES-PARKING FEES AND PAX DEP TAXES,Services,2LA,
Parking,*LANDING FEES-PARKING LIGHTING & APSC/ NAV,Services,2LA,
Parking,*LANDING FEES-PARKING LIGHTING/APSC & NV,Services,2LA,
Parking,"*LANDING FEES-PARKING, ATC NAVIGATION FEE",Services,2LA,
Parking,"*LANDING FEES-PARKING,ATC NAVIGATION ",Services,2LA,
Parking,*LANDING FEES-PARKING/ASPC/AGENT DISBURSEMENT,Services,2LA,
Parking,*LANDING FEES-PARKING/LIGHTING/NAV,Services,2LA,
Parking,*LANDING FEES-PARKING/PASS FEE,Services,2LA,
Parking,*LANDING FEES-PARKING/PASSANGER,Services,2LA,
Parking,*LANDING FEES-SURCHARGE LANDING & PARKING,Services,2LA,
Parking,*NAVIGATION FEES-LANDING / PARKING,Services,2NF,
Parking,*OVERNIGHT FEE-PARKING,Services,2ON,
Parking,*OVERTIME FEE-PARKING,Services,2OVR,
Parking,*PARKING CHARGES,Services,2PA,
Parking,*PARKING CHARGES-48 HOURS,Services,2PA,
Parking,*PARKING FEE-& APRON FEE,Services,2PA,
Parking,*PARKING FEE-& SECURITY,Services,2PA,
Parking,*PARKING FEE-/TIE DOWN,Services,2PA,
Parking,*PARKING FEE-12H/24H,Services,2PA,
Parking,*PARKING FEE-26 NOV - 10 JAN,Services,2PA,
Parking,*PARKING FEE-3 HOURS DISCOUNTED AFTER 48 HOURS,Services,2PA,
Parking,*PARKING FEE-48 HOURS,Services,2PA,
Parking,*PARKING FEE-48 HOURS PARKING CHARGE,Services,2PA,
Parking,*PARKING FEE-AIRCRAFT,Services,2PA,
Parking,*PARKING FEE-AIRPORT PARKING,Services,2PA,
Parking,*PARKING FEE-APRON,Services,2PA,
Parking,*PARKING FEE-ARRANGEMENT SWING UPON DEPARTURE,Services,2PA,
Parking,*PARKING FEE-ARRIVAL,Services,2PA,
Parking,*PARKING FEE-AVCOM,Services,2PA,
Parking,*PARKING FEE-CEDAR PARKING FEES,Services,2PA,
Parking,*PARKING FEE-DEPARTURE,Services,2PA,
Parking,*PARKING FEE-DISCOUNTED PARKING AFTER 48 HOURS,Services,2PA,
Parking,*PARKING FEE-FBO,Services,2PA,
Parking,*PARKING FEE-HANGAR,Services,2PA,
Parking,*PARKING FEE-HANGAR PARKING,Services,2PA,
Parking,*PARKING FEE-HANGARAGE,Services,2PA,
Parking,*PARKING FEE-HARRODS PARKING,Services,2PA,
Parking,*PARKING FEE-HARRODS PARKING,Services,2PA,
Parking,*PARKING FEE-HARRODS PARKING (GROUP C),Services,2PA,
Parking,*PARKING FEE-INTERCO INHOUSE,Services,2PA,
Parking,*PARKING FEE-INTERCO INHOUSE PARKING,Services,2PA,
Parking,*PARKING FEE-MILITARY BASE,Services,2PA,
Parking,*PARKING FEE-OVERNIGHT,Services,2PA,
Parking,*PARKING FEE-OVERNIGHT,Services,2PA,
Parking,*PARKING FEE-OVERNIGHT  PARKING,Services,2PA,
Parking,*PARKING FEE-OVERNIGHT FEE,Services,2PA,
Parking,*PARKING FEE-OVERNIGHT PARKING,Services,2PA,
Parking,*PARKING FEE-PRIVATE PARKING,Services,2PA,
Parking,*PARKING FEE-QTY 11,Services,2PA,
Parking,*PARKING FEE-QTY 16,Services,2PA,
Parking,*PARKING FEE-RAMP,Services,2PA,
Parking,*PARKING FEE-RAMP PARKING,Services,2PA,
Parking,*PARKING FEE-RON,Services,2PA,
Parking,*PARKING FEE-RON,Services,2PA,
Parking,*PARKING FEE-RON PARKING,Services,2PA,
Parking,*PARKING FEE-SOUTH AFRICA`,Services,2PA,
Parking,*PARKING FEE-SOUTH PARKING,Services,2PA,
Parking,*PARKING FEE-TERMINAL,Services,2PA,
Parking,*PARKING FEE-TERMINAL,Services,2PA,
Parking,*PARKING FEE-UNITED KINGDOM,Services,2PA,
Parking,*PARKING FEE-UNIVERSAL RAMP,Services,2PA,
Parking,*PARKING-AIRPORT,Services,2PA,
Parking,*PARKING-CARGO,Services,7PA,
Parking,*RAMP FEE-PARKING,Services,2RF,
Parking,*RAMP FEE-RAMP PARKING,Services,2RF,
Parking,*SECURITY-OVERNIGHT PARKING,Services,2SE,
Parking,*SECURITY-OVERNIGHT PARKING SECURITY,Services,2SE,
Parking,AIRPORT FEES-LANDING/PARKING/NAVIGATIONS/PSF/UDF,Services,2AC,
Parking,*ESCORT FEE-CREW,Services,2ESC,Parking
Parking,*ESCORT FEE-ENGINEER TRANSFER,Services,2ESC,Parking
Parking,*ESCORT FEE-QTY 8,Services,2ESC,Parking
Passenger Handling,CHARTER,Contract,8259,
Passenger Handling,RENTAL CAR,Contract,8012,
Passenger Handling,CREW TRANSPORTATION,Contract,8016,
Passenger Handling,LAUNDRY,Contract,8256,
Passenger Handling,LIMOUSINE - EA,Contract,8006,
Passenger Handling,*PASSENGER TAXES-DEPARTURE,Retail,,
Passenger Handling,*EMBARKING / DISEMBARKING,Retail,,
Passenger Handling,PASSENGER FEES,Retail,2PF,
Passenger Handling,LIMOUSINE,Retail,2LI,
Passenger Handling,PASSENGER SERVICES,Retail,2PS,
Passenger Handling,PASSENGER TAXES,Retail,2PXTAX,
Passenger Handling,PRIVATE LEISURE TAX,Retail,T19,
Passenger Handling,TRANSPORTATION,Retail,2TR,
Passenger Handling,*PASSENGER FEES,Services,2PF,
Passenger Handling,*PASSENGER FEES-ADF,Services,2PF,
Passenger Handling,*PASSENGER FEES-AIRPORT DEVELOPMENT FEE,Services,2PF,
Passenger Handling,*PASSENGER FEES-AIRPORT FACILITY FEE,Services,2PF,
Passenger Handling,*PASSENGER FEES-AIRPORT FACILITY FEE PAX,Services,2PF,
Passenger Handling,*PASSENGER FEES-AIRPORT FACILITY FEE PAX,Services,2PF,
Passenger Handling,*PASSENGER FEES-AIRPORT FACILITY FEE PAX IN/OUT,Services,2PF,
Passenger Handling,*PASSENGER FEES-AIRPORT PAX FEE,Services,2PF,
Passenger Handling,*PASSENGER FEES-ANAC,Services,2PF,
Passenger Handling,*PASSENGER FEES-ARRIVAL,Services,2PF,
Passenger Handling,*PASSENGER FEES-ARRIVAL,Services,2PF,
Passenger Handling,*PASSENGER FEES-ARRIVAL & DEPARTURE,Services,2PF,
Passenger Handling,*PASSENGER FEES-ARRIVAL & DEPARTURE,Services,2PF,
Passenger Handling,*PASSENGER FEES-ARRIVAL & DEPARTURE FEES,Services,2PF,
Passenger Handling,*PASSENGER FEES-ARRIVAL/DEPARTURE,Services,2PF,
Passenger Handling,*PASSENGER FEES-ASC FOR 07 PAXS,Services,2PF,
Passenger Handling,*PASSENGER FEES-AVIAITION SERVICE,Services,2PF,
Passenger Handling,*PASSENGER FEES-C.A.B FEE PER PAX OUT,Services,2PF,
Passenger Handling,*PASSENGER FEES-C.A.B.,Services,2PF,
Passenger Handling,*PASSENGER FEES-C.A.B.,Services,2PF,
Passenger Handling,*PASSENGER FEES-C.A.B. FEE,Services,2PF,
Passenger Handling,*PASSENGER FEES-C.A.B. FEE PER PAX,Services,2PF,
Passenger Handling,*PASSENGER FEES-CAB FEE,Services,2PF,
Passenger Handling,*PASSENGER FEES-DEPARTING PASSENGER CHARGE,Services,2PF,
Passenger Handling,*PASSENGER FEES-DEPARTING PAX CHARGE,Services,2PF,
Passenger Handling,*PASSENGER FEES-DEPARTING PAX FEES,Services,2PF,
Passenger Handling,*PASSENGER FEES-DEPARTURE,Services,2PF,
Passenger Handling,*PASSENGER FEES-DEPARTURE & ARRIVAL,Services,2PF,
Passenger Handling,*PASSENGER FEES-DEPARTURE FEES,Services,2PF,
Passenger Handling,*PASSENGER FEES-DEPARTURE PAX,Services,2PF,
Passenger Handling,*PASSENGER FEES-DISEMBARKING & EMBARKING,Services,2PF,
Passenger Handling,*PASSENGER FEES-EU ADULT PASSENGER FEE,Services,2PF,
Passenger Handling,*PASSENGER FEES-FACILITY FEE,Services,2PF,
Passenger Handling,*PASSENGER FEES-INAVIC ROYALTIES,Services,2PF,
Passenger Handling,*PASSENGER FEES-INBOUND,Services,2PF,
Passenger Handling,*PASSENGER FEES-INBOUND/OUTBOUND,Services,2PF,
Passenger Handling,*PASSENGER FEES-LEVY,Services,2PF,
Passenger Handling,*PASSENGER FEES-LLA PASSENGER SECURITY LEVY,Services,2PF,
Passenger Handling,*PASSENGER FEES-LOAD SUPPLEMENT,Services,2PF,
Passenger Handling,*PASSENGER FEES-NATIONAL TREASURY PALAU / QTY 17 PAX,Services,2PF,
Passenger Handling,*PASSENGER FEES-NON IMMIGRANT FEE,Services,2PF,
Passenger Handling,*PASSENGER FEES-OUTBOUND,Services,2PF,
Passenger Handling,*PASSENGER FEES-PASSENGER AVIATION,Services,2PF,
Passenger Handling,*PASSENGER FEES-PASSENGER AVIATION SERVICE,Services,2PF,
Passenger Handling,*PASSENGER FEES-PASSENGER AVIATION SERVICE FEE,Services,2PF,
Passenger Handling,*PASSENGER FEES-PASSENGER CHARGES,Services,2PF,
Passenger Handling,*PASSENGER FEES-PASSENGER LEVY FEE,Services,2PF,
Passenger Handling,*PASSENGER FEES-PASSENGER SAFETY CHARGE,Services,2PF,
Passenger Handling,*PASSENGER FEES-PASSENGER SCREENING,Services,2PF,
Passenger Handling,*PASSENGER FEES-PASSENGER SCREENING,Services,2PF,
Passenger Handling,*PASSENGER FEES-PASSENGER SERVICE CHARGE,Services,2PF,
Passenger Handling,*PASSENGER FEES-PAX ASSISTANCE,Services,2PF,
Passenger Handling,*PASSENGER FEES-PAX AVIATION SERVICE FEE,Services,2PF,
Passenger Handling,*PASSENGER FEES-PAX IN/OUT,Services,2PF,
Passenger Handling,*PASSENGER FEES-PAX MOVEMENT,Services,2PF,
Passenger Handling,*PASSENGER FEES-PAX SECURITY FEE,Services,2PF,
Passenger Handling,*PASSENGER FEES-PRM,Services,2PF,
Passenger Handling,*PASSENGER FEES-PRM LEVY,Services,2PF,
Passenger Handling,*PASSENGER FEES-PSFC,Services,2PF,
Passenger Handling,*PASSENGER FEES-PSFC,Services,2PF,
Passenger Handling,*PASSENGER FEES-QTY 4,Services,2PF,
Passenger Handling,*PASSENGER FEES-QTY 6,Services,2PF,
Passenger Handling,*PASSENGER FEES-QUARANTINE,Services,2PF,
Passenger Handling,*PASSENGER FEES-REDUCED MOBILITY CHARGE,Services,2PF,
Passenger Handling,*PASSENGER FEES-REPUBLIC OF PALAU / 10 PAX,Services,2PF,
Passenger Handling,*PASSENGER FEES-ROYALTIES,Services,2PF,
Passenger Handling,*PASSENGER FEES-SAFETY CHARGE,Services,2PF,
Passenger Handling,*PASSENGER FEES-SCREENING,Services,2PF,
Passenger Handling,*PASSENGER FEES-SECURITY LEVY,Services,2PF,
Passenger Handling,*PASSENGER FEES-SECURITY LEVY,Services,2PF,
Passenger Handling,*PASSENGER FEES-SECURITY SERVICE CHARGE,Services,2PF,
Passenger Handling,*PASSENGER FEES-TOURISM DEVELOPMENT FEE,Services,2PF,
Passenger Handling,*PASSENGER FEES-TOURISM ENHANCEMENT,Services,2PF,
Passenger Handling,*PASSENGER FEES-TOURISM ENHANCEMENT FEE,Services,2PF,
Passenger Handling,*PASSENGER FEES-TRANSIT PAX,Services,2PF,
Passenger Handling,*LAUNDRY-& DISHES,Services,2LAUN,
Passenger Handling,*LAUNDRY-ALLEN GROUPE,Services,2LAUN,
Passenger Handling,*LAUNDRY-INCL SERVICE FEE,Services,2LAUN,
Passenger Handling,*LAUNDRY-LINENS,Services,2LAUN,
Passenger Handling,*LAUNDRY-UNITED KINGDOM,Services,2LAUN,
Passenger Handling,*LIMOUSINE-CREW/PASSENGER - APT/HTL/APT,Services,2LI,
Passenger Handling,*LIMOUSINE-FBO,Services,2LI,
Passenger Handling,*LIMOUSINE-RENTAL SERVICE,Services,2LI,
Passenger Handling,*LIMOUSINE-SFS - LHR,Services,2LI,
Passenger Handling,*LIMOUSINE-SFS - LONDON,Services,2LI,
Passenger Handling,*LOUNGE-ARRIVAL & DEPARTURE,Services,2CL,
Passenger Handling,*LOUNGE-CIP,Services,2CL,
Passenger Handling,*LOUNGE-FATTAL LOUNGE,Services,2CL,
Passenger Handling,*LOUNGE-PASSENGER & CREW INBOUND AND OUTBOUND,Services,2CL,
Passenger Handling,*LOUNGE-PASSENGER & CREW INBOUND AND OUTBOUND,Services,2CL,
Passenger Handling,*OVERNIGHT FEE-(3 CREW X 8DAYS,Services,2ON,
Passenger Handling,*OVERNIGHT FEE-AFTER HOURS SURCHARGE,Services,2ON,
Passenger Handling,*OVERNIGHT FEE-FBO PLATFORM,Services,2ON,
Passenger Handling,*OVERNIGHT FEE-NIGHT SURCHARGE,Services,2ON,
Passenger Handling,*OVERNIGHT FEE-NIGHT SURCHARGE ARR/DEP,Services,2ON,
Passenger Handling,*OVERNIGHT FEE-OVERNIGHT FBO PLATFORM,Services,2ON,
Passenger Handling,*OVERNIGHT FEE-OVERNIGHT FBO PLATFORM,Services,2ON,
Passenger Handling,*OVERNIGHT FEE-PHILIPPINES,Services,2ON,
Passenger Handling,*OVERNIGHT FEE-STOP SURCHARGE,Services,2ON,
Passenger Handling,*OVERNIGHT FEE-SURCHARGE FOR NIGHT ARR/DEP,Services,2ON,
Passenger Handling,*PASSENGER ROYALTY FEE,Services,2PF,
Passenger Handling,*PASSENGER SECURITY CHARGES,Services,2SE,
Passenger Handling,*PASSENGER SERVICES-PMR FEE,Services,2PS,
Passenger Handling,*PASSENGER SERVICES-PMR FEE / QTY 4,Services,2PS,
Passenger Handling,*PASSENGER SERVICES-PRM CHARGE,Services,2PS,
Passenger Handling,*PASSENGER SERVICES-SCREENING,Services,2PS,
Passenger Handling,*PASSENGER SERVICES-SECURITY,Services,2PS,
Passenger Handling,*PASSENGER TAXES-AIRPORT DEPARTURE TAX,Services,2PXTAX,
Passenger Handling,"*PASSENGER TAXES-DECEMBER, MONTHLY SUBSCRIPTION ",Services,2PXTAX,
Passenger Handling,*PASSENGER TAXES-DEPARTURE TAX,Services,2PXTAX,
Passenger Handling,*PASSENGER TAXES-DEVELOPMENT,Services,2PXTAX,
Passenger Handling,*PASSENGER TAXES-DOMESTIC,Services,2PXTAX,
Passenger Handling,*PASSENGER TAXES-DOMESTIC - DEPARTURE,Services,2PXTAX,
Passenger Handling,"*PASSENGER TAXES-FEBRUARY, MONTHLY SUBSCRIPTION",Services,2PXTAX,
Passenger Handling,"*PASSENGER TAXES-FEBRUARY, MONTHLY SUBSCRIPTION ",Services,2PXTAX,
Passenger Handling,*PASSENGER TAXES-INCOMING PAX / DEPARTING TAX,Services,2PXTAX,
Passenger Handling,*PASSENGER TAXES-INTERNATIONAL,Services,2PXTAX,
Passenger Handling,*PASSENGER TAXES-INTERNATIONAL TAX,Services,2PXTAX,
Passenger Handling,*PASSENGER TAXES-INTERNATIONAL TOURIST TAX,Services,2PXTAX,
Passenger Handling,*PASSENGER TAXES-JANUARY/MONTHLY SERVICE FEE,Services,2PXTAX,
Passenger Handling,*PASSENGER TAXES-MIGRATORY SERVICE TAX,Services,2PXTAX,
Passenger Handling,*PASSENGER TAXES-PASSENGER DEPARTURE TAX,Services,2PXTAX,
Passenger Handling,*PASSENGER TAXES-PAX DEPARTURE TAX,Services,2PXTAX,
Passenger Handling,*PASSENGER TAXES-TAXES IN,Services,2PXTAX,
Passenger Handling,*PASSENGER TAXES-TAXES OUT,Services,2PXTAX,
Passenger Handling,*PILOT SERVICES-CREW ARRIVAL,Services,7PILS,
Passenger Handling,*PILOT SERVICES-MEET & ASSIST - IN & OUT,Services,7PILS,
Passenger Handling,*PILOT SERVICES-MEET AND GREET,Services,7PILS,
Passenger Handling,*PUSH BACK-AIRCRAFT,Services,2PB,
Passenger Handling,*PUSH BACK-FROM PGH > GAP,Services,2PB,
Passenger Handling,*RENTAL CAR-BOOKING FEE,Services,2RC,
Passenger Handling,*RENTAL CAR-C COLESHAW,Services,2RC,
Passenger Handling,*RENTAL CAR-EMMANUEL KALOMBE,Services,2RC,
Passenger Handling,*RENTAL CAR-G ROBINSON,Services,2RC,
Passenger Handling,*RENTAL CAR-MATHEW MICHAEL,Services,2RC,
Passenger Handling,*RENTAL CAR-MR MICHAEL COULSON,Services,2RC,
Passenger Handling,*RENTAL CAR-NONO CAR RENTAL / G. HINE,Services,2RC,
Passenger Handling,*LOUNGE-VIP,Services,2CL,Passenger Handling
Passenger Handling,*PASSENGER TAXES,Services,2PXTAX,
Passenger Handling,*PASSENGER FEES-MAY 2022 SUBSCRIPTION FEES,Services,,
Permissions/Clearances,DISPATCH FEES,Contract,8231,
Permissions/Clearances,PERMITS - EA,Contract,8186,
Permissions/Clearances,DIPLOMATIC CLEARANCE,Retail,2DC,
Permissions/Clearances,LANDING PERMITS,Retail,2RLP,
Permissions/Clearances,OVERFLIGHT PERMIT,Retail,2OF,
Permissions/Clearances,PERMIT,Retail,2PE,
Permissions/Clearances,SPECIAL PERMITS,Retail,2SP,
Permissions/Clearances,NOISE CHARGE,Retail,2NS,
Permissions/Clearances,*LANDING PERMITS,Services,2RLP,
Permissions/Clearances,*OVERFLIGHT PERMIT,Services,2OF,
Permissions/Clearances,*OVERFLIGHT PERMIT REVISION,Services,2OFREV,
Permissions/Clearances,*OVERFLIGHT PERMIT REVISION-NIGER,Services,2OFREV,
Permissions/Clearances,*OVERFLIGHT PERMIT REVISION-NIGER,Services,7OFREV,
Permissions/Clearances,*OVERFLIGHT PERMIT-BAHRAIN,Services,2OF,
Permissions/Clearances,*OVERFLIGHT PERMIT-BELARUS,Services,2OF,
Permissions/Clearances,*OVERFLIGHT PERMIT-BENIN,Services,2OF,
Permissions/Clearances,*OVERFLIGHT PERMIT-BOTSWANA,Services,2OF,
Permissions/Clearances,*OVERFLIGHT PERMIT-CAMBODIA,Services,2OF,
Permissions/Clearances,*OVERFLIGHT PERMIT-CAMEROON,Services,2OF,
Permissions/Clearances,*OVERFLIGHT PERMIT-CAMEROON,Services,7OF,
Permissions/Clearances,*OVERFLIGHT PERMIT-CONGO,Services,2OF,
Permissions/Clearances,*OVERFLIGHT PERMIT-ECUADOR,Services,2OF,
Permissions/Clearances,*OVERFLIGHT PERMIT-EGYPT,Services,2OF,
Permissions/Clearances,*OVERFLIGHT PERMIT-EQUATORIAL GUINEA,Services,2OF,
Permissions/Clearances,*OVERFLIGHT PERMIT-EQUATORIAL GUINEA,Services,7OF,
Permissions/Clearances,*OVERFLIGHT PERMIT-ETHIOPIA,Services,2OF,
Permissions/Clearances,*OVERFLIGHT PERMIT-GABON,Services,2OF,
Permissions/Clearances,*OVERFLIGHT PERMIT-GAMBIA,Services,2OF,
Permissions/Clearances,*OVERFLIGHT PERMIT-INDIA,Services,2OF,
Permissions/Clearances,*OVERFLIGHT PERMIT-ITALY,Services,2OF,
Permissions/Clearances,*OVERFLIGHT PERMIT-JAPAN,Services,2OF,
Permissions/Clearances,*OVERFLIGHT PERMIT-KAZAKHSTAN,Services,2OF,
Permissions/Clearances,*OVERFLIGHT PERMIT-LIBERIA,Services,2OF,
Permissions/Clearances,*OVERFLIGHT PERMIT-MALAYSIA,Services,2OF,
Permissions/Clearances,*OVERFLIGHT PERMIT-MEXICO,Services,2OF,
Permissions/Clearances,*OVERFLIGHT PERMIT-MYANMAR,Services,2OF,
Permissions/Clearances,*OVERFLIGHT PERMIT-NIGER,Services,2OF,
Permissions/Clearances,*OVERFLIGHT PERMIT-NIGER,Services,7OF,
Permissions/Clearances,*OVERFLIGHT PERMIT-NIGERIA,Services,2OF,
Permissions/Clearances,*OVERFLIGHT PERMIT-NIGERIA,Services,7OF,
Permissions/Clearances,*OVERFLIGHT PERMIT-OMAN,Services,2OF,
Permissions/Clearances,*OVERFLIGHT PERMIT-PANAMA,Services,2OF,
Permissions/Clearances,*OVERFLIGHT PERMIT-RUSSIAN FEDERATION,Services,2OF,
Permissions/Clearances,*OVERFLIGHT PERMIT-SAUDI ARABIA,Services,2OF,
Permissions/Clearances,*OVERFLIGHT PERMIT-SENEGAL,Services,2OF,
Permissions/Clearances,*OVERFLIGHT PERMIT-SIERRA LEONE,Services,2OF,
Permissions/Clearances,*OVERFLIGHT PERMIT-SRI LANKA,Services,2OF,
Permissions/Clearances,*OVERFLIGHT PERMIT-THAILAND,Services,2OF,
Permissions/Clearances,*OVERFLIGHT PERMIT-TOGO,Services,2OF,
Permissions/Clearances,*OVERFLIGHT PERMIT-TUNISIA,Services,2OF,
Permissions/Clearances,*OVERFLIGHT PERMIT-TURKEY,Services,2OF,
Permissions/Clearances,*OVERFLIGHT PERMIT-VIETNAM,Services,2OF,
Permissions/Clearances,*OVERFLIGHT PERMIT-WESTERN SAHARA,Services,2OF,
Permissions/Clearances,*PERMIT,Services,2PE,
Permissions/Clearances,LANDING PERMIT COORDINATION -URGENT-COLOMBIA,Services,1LPCU,
Permissions/Clearances,LANDING PERMIT COORDINATION-BAHAMAS,Services,1RLP,
Permissions/Clearances,LANDING PERMIT COORDINATION-CAYMAN ISLANDS,Services,1RLP,
Permissions/Clearances,LANDING PERMIT COORDINATION-COLOMBIA,Services,1RLP,
Permissions/Clearances,LANDING PERMIT COORDINATION-NETHERLANDS ANTILLES,Services,1RLP,
Permissions/Clearances,LANDING PERMIT COORDINATION-SAINT VINCENT AND THE GRENADINES,Services,1RLP,
Permissions/Clearances,LANDING PERMIT COORDINATION-URGENT-PANAMA,Services,1LPCU,
Permissions/Clearances,LANDING PERMIT COORDINATION-URGENT-PANAMA,Services,1RLP,
Permissions/Clearances,OVERFLIGHT PERMIT COORDINATION-SURINAME,Services,1DCO,
Permissions/Clearances,OVERFLIGHT PERMIT-GABON,Services,1DCO,
Permissions/Clearances,OVERFLIGHT PERMIT-GABON,Services,6OF,
Permissions/Clearances,PRIOR PERMISSION REQUIRED COORDINATION-BERMUDA,Services,1PPR,
Permissions/Clearances,ADCUS-US ARRIVAL-UNITED STATES,Services,,
Permissions/Clearances,ONEWAY OVERFLIGHT COORDINATION -CUBA -REVISION-CUBA,Services,,
Permissions/Clearances,OVERFLIGHT COORDINATION -REVISIO-BELIZE,Services,,
Permissions/Clearances,OVERFLIGHT COORDINATION -REVISIO-BELIZE,Services,,
Permissions/Clearances,OVERFLIGHT COORDINATION -REVISIO-PANAMA,Services,,
Permissions/Clearances,OVERFLIGHT COORDINATION -REVISIO-PANAMA,Services,,
Permissions/Clearances,OVERFLIGHT COORDINATION -URGENT-BELIZE,Services,,
Permissions/Clearances,OVERFLIGHT COORDINATION -URGENT-BELIZE,Services,,
Permissions/Clearances,OVERFLIGHT COORDINATION -URGENT-PANAMA,Services,,
Permissions/Clearances,OVERFLIGHT COORDINATION -URGENT-PANAMA,Services,,
Permissions/Clearances,OVERFLIGHT COORDINATION -URGENT-PANAMA,Services,,
Permissions/Clearances,OVERFLIGHT COORDINATION-PANAMA,Services,,
Permissions/Clearances,ONEWAY OVERFLIGHT COORDINATION -CUBA-CUBA,Services,,
Permissions/Clearances,ONEWAY OVERFLIGHT COORDINATION -CUBA-CUBA,Services,,
Permissions/Clearances,ONEWAY OVERFLIGHT COORDINATION -CUBA-CUBA,Services,,
Permissions/Clearances,ONEWAY OVERFLIGHT COORDINATION -CUBA-CUBA,Services,,
Permissions/Clearances,LANDING PERMIT COORDINATION -URGENT-COLOMBIA,Services,,
Permissions/Clearances,LANDING PERMIT COORDINATION -URGENT-COLOMBIA,Services,,
Permissions/Clearances,LANDING PERMIT COORDINATION -URGENT-COLOMBIA,Services,,
Permissions/Clearances,LANDING PERMIT COORDINATION-COLOMBIA,Services,,
Permissions/Clearances,LANDING PERMIT COORDINATION-SAINT VINCENT AND THE GRENADINES,Services,,
Permissions/Clearances,LANDING PERMIT COORDINATION-BAHAMAS,Services,,
Permissions/Clearances,OVERFLIGHT PERMIT COORDINATION-SURINAME,Services,,
Permissions/Clearances,OVERFLIGHT PERMIT COORDINATION-SURINAME,Services,,
Permissions/Clearances,PRIOR PERMISSION REQUIRED COORDINATION-BERMUDA,Services,,
Permissions/Clearances,LANDING PERMIT COORDINATION-CAYMAN ISLANDS,Services,,
Permissions/Clearances,LANDING PERMIT COORDINATION-NETHERLANDS ANTILLES,Services,,
Permissions/Clearances,LANDING PERMIT COORDINATION-CAYMAN ISLANDS,Services,,
Permissions/Clearances,PRIOR PERMISSION REQUIRED COORDINATION-BERMUDA,Services,,
Permissions/Clearances,PRIOR PERMISSION REQUIRED COORDINATION-BERMUDA,Services,,
Permissions/Clearances,PRIOR PERMISSION REQUIRED COORDINATION-BERMUDA,Services,,
Permissions/Clearances,*OVERFLIGHT PERMIT-PANAMA,Services,,
Permissions/Clearances,LANDING PERMIT COORDINATION-BERMUDA,Services,,
Permissions/Clearances,LANDING PERMIT COORDINATION-BERMUDA,Services,,
Permissions/Clearances,*AERONAUTICAL AVIATION CIVIL,Services,2AEAV,
Permissions/Clearances,*AERONAUTICAL AVIATION CIVIL-CAA,Services,2AEAV,
Permissions/Clearances,*AERONAUTICAL AVIATION CIVIL-CAA FEES- SAUDI ARABIA,Services,2AEAV,
Permissions/Clearances,*AERONAUTICAL AVIATION CIVIL-CAA- SAUDI ARABIA,Services,2AEAV,
Permissions/Clearances,*AERONAUTICAL AVIATION CIVIL-CCA,Services,2AEAV,
Permissions/Clearances,*AERONAUTICAL AVIATION CIVIL-CCA-GACA CLEARANCE PER SECTOR,Services,2AEAV,
Permissions/Clearances,*AERONAUTICAL AVIATION CIVIL-CCA-GACA PER SECTOR,Services,2AEAV,
Permissions/Clearances,*AERONAUTICAL AVIATION CIVIL-D.G.A.C,Services,2AEAV,
Permissions/Clearances,*AERONAUTICAL AVIATION CIVIL-D.G.A.C,Services,2AEAV,
Permissions/Clearances,"*AERONAUTICAL AVIATION CIVIL-D.G.A.C,",Services,2AEAV,
Permissions/Clearances,*AERONAUTICAL AVIATION CIVIL-D.G.A.C.,Services,2AEAV,
Permissions/Clearances,*AERONAUTICAL AVIATION CIVIL-DGAC,Services,2AEAV,
Permissions/Clearances,*AERONAUTICAL AVIATION CIVIL-DGAC FEE,Services,2AEAV,
Permissions/Clearances,*AERONAUTICAL AVIATION CIVIL-GACA CLEARANCE,Services,2AEAV,
Permissions/Clearances,*AERONAUTICAL AVIATION CIVIL-GACA CLEARANCE,Services,2AEAV,
Permissions/Clearances,*AERONAUTICAL AVIATION CIVIL-NAFISAT,Services,2AEAV,
Permissions/Clearances,*AERONAUTICAL AVIATION CIVIL-NAFISAT FEE,Services,2AEAV,
Permissions/Clearances,*AERONAUTICAL AVIATION CIVIL-NATS APPROACH FEE,Services,2AEAV,
Permissions/Clearances,*AERONAUTICAL AVIATION CIVIL-NATS APPROCH,Services,2AEAV,
Permissions/Clearances,*AERONAUTICAL AVIATION CIVIL-OVERTIME DGAC,Services,2AEAV,
Permissions/Clearances,*AERONAUTICAL AVIATION CIVIL-SADC VSAT FEES,Services,2AEAV,
Permissions/Clearances,*AERONAUTICAL AVIATION CIVIL-VSAT,Services,2AEAV,
Permissions/Clearances,*AERONAUTICAL AVIATION CIVIL-VSAT FEE,Services,2AEAV,
Permissions/Clearances,"*AIRPORT FEES-LANDING PERMIT, AIRPORT SLOT, FLIGHT PLAN AND HOTEL RESERVATION",Services,2AC,
Permissions/Clearances,*AIRSIDE PERMIT,Services,2ASPER,
Permissions/Clearances,*AIRSIDE PERMIT- ACCESS CONTROL TO AIRSIDE AREAS,Services,2ASPER,
Permissions/Clearances,*AIRSIDE PERMIT-ACCESS CONTROL TO AIRSIDE AREA,Services,2ASPER,
Permissions/Clearances,*AIRSIDE PERMIT-ACCESS CONTROL TO AIRSIDE AREAS,Services,2ASPER,
Permissions/Clearances,*AIRSIDE PERMIT-ACCESS CONTROL TO AIRSIDE SAREAS,Services,2ASPER,
Permissions/Clearances,*AIRSIDE PERMIT-CHOCKS / CONES,Services,2ASPER,
Permissions/Clearances,*CANCELLATION FEES-2X CANCELLED  PERMITS 7-11 JANUARY,Services,2HY,
Permissions/Clearances,*CANCELLATION FEES-OVERFLIGHT PERMIT REVISION,Services,2HY,
Permissions/Clearances,*CANCELLATION FEES-PERMIT,Services,2HY,
Permissions/Clearances,*COORDINATION FEE-LANDING PERMIT,Services,2GR,
Permissions/Clearances,"*COORDINATION FEE-LANDING PERMIT, AIRPORT SLOT, FLIGHT PLAN & HOTEL RESERVATION",Services,2GR,
Permissions/Clearances,*CREW SERVICES-CLEARANCE,Services,2CRSVC,
Permissions/Clearances,*CREW SERVICES-PERMIT,Services,2CRSVC,
Permissions/Clearances,*CREW SERVICES-SHORT STAY PERMIT,Services,2CRSVC,
Permissions/Clearances,*IMMIGRATION-B.F PX IMMIGRATION CLEARANCE,Services,2CU,
Permissions/Clearances,*IMMIGRATION-B.F PX IMMIGRATION CLEARANCE / SUPPORT SERVICE,Services,2CU,
Permissions/Clearances,*IMMIGRATION-B.F. PX CLEARANCE,Services,2CU,
Permissions/Clearances,*IMMIGRATION-CLEARANCE,Services,2CU,
Permissions/Clearances,*IMMIGRATION-CLEARANCE,Services,2CU,
Permissions/Clearances,*IMMIGRATION-IMMIGRATION CLEARANCE,Services,2CU,
Permissions/Clearances,*IMMIGRATION-IMMIGRATION CLEARANCE,Services,2CU,
Permissions/Clearances,*IMMIGRATION-SPCIAL CIQ CLEARANCE,Services,2CU,
Permissions/Clearances,*IMMIGRATION-SUPPORT SERVICE / B.F PX IMMIGRATION CLEARANCE,Services,2CU,
Permissions/Clearances,*LANDING FEES-CAYMAN ISLANDS AIR OPERATING PERMIT,Services,2LA,
Permissions/Clearances,*LANDING PERMITS-& ARRANGEMENT FEES,Services,2RLP,
Permissions/Clearances,*LANDING PERMITS-& NAVIGATION,Services,2RLP,
Permissions/Clearances,*LANDING PERMITS-& SLOTS,Services,2RLP,
Permissions/Clearances,*LANDING PERMITS-ANGOLA,Services,2RLP,
Permissions/Clearances,*LANDING PERMITS-APPLICATION,Services,2RLP,
Permissions/Clearances,*LANDING PERMITS-APPLICATION,Services,2RLP,
Permissions/Clearances,*LANDING PERMITS-APPLICATION &  REVISION,Services,2RLP,
Permissions/Clearances,*LANDING PERMITS-APPLICATION FEE,Services,2RLP,
Permissions/Clearances,*LANDING PERMITS-ASSISTANCE FEE,Services,2RLP,
Permissions/Clearances,*LANDING PERMITS-AUSTRALIA,Services,2RLP,
Permissions/Clearances,*LANDING PERMITS-AUSTRALIA CASA,Services,2RLP,
Permissions/Clearances,*LANDING PERMITS-AUSTRALIAN CASA,Services,2RLP,
Permissions/Clearances,*LANDING PERMITS-AZERBAIJAN,Services,2RLP,
Permissions/Clearances,*LANDING PERMITS-BANGLADESH,Services,2RLP,
Permissions/Clearances,*LANDING PERMITS-BANGLADESH - CANCELLED,Services,2RLP,
Permissions/Clearances,*LANDING PERMITS-BANGLADESH INCL REVISION,Services,2RLP,
Permissions/Clearances,*LANDING PERMITS-BARBADOS,Services,2RLP,
Permissions/Clearances,*LANDING PERMITS-BENIN,Services,2RLP,
Permissions/Clearances,*LANDING PERMITS-BLANKET LANDING 08.01.2020-21.01.2020KENYA,Services,2RLP,
Permissions/Clearances,*LANDING PERMITS-BRAZIL,Services,2RLP,
Permissions/Clearances,*LANDING PERMITS-BURKINA FASO,Services,2RLP,
Permissions/Clearances,*LANDING PERMITS-CAA UK,Services,2RLP,
Permissions/Clearances,*LANDING PERMITS-CAA/UK,Services,2RLP,
Permissions/Clearances,*LANDING PERMITS-CANCELLATION,Services,2RLP,
Permissions/Clearances,*LANDING PERMITS-CANCELLED PERMIT,Services,2RLP,
Permissions/Clearances,*LANDING PERMITS-CASA.NSF.0374,Services,2RLP,
Permissions/Clearances,*LANDING PERMITS-CASA.SFA.0085,Services,2RLP,
Permissions/Clearances,*LANDING PERMITS-CAYMAN ISLAND,Services,2RLP,
Permissions/Clearances,*LANDING PERMITS-CAYMAN ISLANDS,Services,2RLP,
Permissions/Clearances,*LANDING PERMITS-CLEARANCE & OVERFLIGHT REVISION,Services,2RLP,
Permissions/Clearances,*LANDING PERMITS-COTE D IVOIRE,Services,2RLP,
Permissions/Clearances,*LANDING PERMITS-DAAG,Services,2RLP,
Permissions/Clearances,*LANDING PERMITS-DAAT,Services,2RLP,
Permissions/Clearances,*LANDING PERMITS-DCAA/AT/DXB/PVT/034779/17JAN20,Services,2RLP,
Permissions/Clearances,*LANDING PERMITS-DCAA/AT/DXB/PVT/N34167,Services,2RLP,
Permissions/Clearances,*LANDING PERMITS-DEMOCRATIC REPUBLIC OF THE CONGO - CANCELLED,Services,2RLP,
Permissions/Clearances,*LANDING PERMITS-DGAC FRANCE,Services,2RLP,
Permissions/Clearances,*LANDING PERMITS-DOCUMENTATION SERVICES / REQUEST LANDING PERMISSION,Services,2RLP,
Permissions/Clearances,*LANDING PERMITS-EXPEDITE PROCESSING,Services,2RLP,
Permissions/Clearances,*LANDING PERMITS-FOREIGN OPERATOR'S FEE,Services,2RLP,
Permissions/Clearances,*LANDING PERMITS-FOREIGN OPERATORS FESS,Services,2RLP,
Permissions/Clearances,*LANDING PERMITS-GERMANY,Services,2RLP,
Permissions/Clearances,*LANDING PERMITS-GHANA,Services,2RLP,
Permissions/Clearances,*LANDING PERMITS-GHANA,Services,2RLP,
Permissions/Clearances,*LANDING PERMITS-GHANA - CANCELLED,Services,2RLP,
Permissions/Clearances,*LANDING PERMITS-GHANA - DELAYED,Services,2RLP,
Permissions/Clearances,*LANDING PERMITS-GOBD,Services,2RLP,
Permissions/Clearances,*LANDING PERMITS-GQNO,Services,2RLP,
Permissions/Clearances,*LANDING PERMITS-HAITI,Services,2RLP,
Permissions/Clearances,*LANDING PERMITS-HONG KONG,Services,2RLP,
Permissions/Clearances,*LANDING PERMITS-INC REVISIONS,Services,2RLP,
Permissions/Clearances,*LANDING PERMITS-INCL REVISION,Services,2RLP,
Permissions/Clearances,*LANDING PERMITS-INCL REVISION FEES,Services,2RLP,
Permissions/Clearances,*LANDING PERMITS-INCL REVISIONS,Services,2RLP,
Permissions/Clearances,*LANDING PERMITS-INDIA,Services,2RLP,
Permissions/Clearances,*LANDING PERMITS-INDIA- CANCELLED LEG,Services,2RLP,
Permissions/Clearances,*LANDING PERMITS-INDONESIA,Services,2RLP,
Permissions/Clearances,*LANDING PERMITS-INDONESIA,Services,2RLP,
Permissions/Clearances,*LANDING PERMITS-INDONESIA - URGENT,Services,2RLP,
Permissions/Clearances,*LANDING PERMITS-INDONESIA - WALL,Services,2RLP,
Permissions/Clearances,*LANDING PERMITS-INDONESIA -FLIGHT CANCELLED,Services,2RLP,
Permissions/Clearances,*LANDING PERMITS-INDONESIA-SHORT NOTICE,Services,2RLP,
Permissions/Clearances,*LANDING PERMITS-INDONESIA-WALL,Services,2RLP,
Permissions/Clearances,*LANDING PERMITS-INDONESIA-WIHH,Services,2RLP,
Permissions/Clearances,*LANDING PERMITS-INDONESIA-WIHH-URGENT,Services,2RLP,
Permissions/Clearances,*LANDING PERMITS-KAZAKHSTAN,Services,2RLP,
Permissions/Clearances,*LANDING PERMITS-KENYA,Services,2RLP,
Permissions/Clearances,*LANDING PERMITS-LANDING & OVERFLIGHT PERMIT REVISION,Services,2RLP,
Permissions/Clearances,*LANDING PERMITS-LANDING CLEARANCE & OVERFLIGHT REVISION,Services,2RLP,
Permissions/Clearances,*LANDING PERMITS-LEGAL PROCEEDINGS FOR FAR 135 SINGLE AUTH,Services,2RLP,
Permissions/Clearances,*LANDING PERMITS-LIBERIA,Services,2RLP,
Permissions/Clearances,*LANDING PERMITS-MALAYSIA,Services,2RLP,
Permissions/Clearances,*LANDING PERMITS-MALI,Services,2RLP,
Permissions/Clearances,*LANDING PERMITS-MAURITANIA,Services,2RLP,
Permissions/Clearances,*LANDING PERMITS-MEXICO,Services,7RLP,
Permissions/Clearances,*LANDING PERMITS-NIGER,Services,2RLP,
Permissions/Clearances,*LANDING PERMITS-OMAN,Services,2RLP,
Permissions/Clearances,*LANDING PERMITS-OMAN - INCLUDING REVISION,Services,2RLP,
Permissions/Clearances,*LANDING PERMITS-OPERATING PERMIT-CAA421/MA/KIAH/2019,Services,2RLP,
Permissions/Clearances,*LANDING PERMITS-OPERATING PERMIT-CAA423/MA/KYIP/2019,Services,2RLP,
Permissions/Clearances,*LANDING PERMITS-OPERATING PERMIT-CAYMAN ISLANDS,Services,2RLP,
Permissions/Clearances,*LANDING PERMITS-OPERATING PERMITS-CAA445/DACKDPA/2019,Services,2RLP,
Permissions/Clearances,*LANDING PERMITS-OVERFLIGHT & LANDING PERMITS,Services,2RLP,
Permissions/Clearances,*LANDING PERMITS-OVERFLIGHT & LANDING PERMITS,Services,2RLP,
Permissions/Clearances,*LANDING PERMITS-PHILIPPINES,Services,2RLP,
Permissions/Clearances,*LANDING PERMITS-PR ASSISTANCE FEE - TRIP CANCELLED,Services,2RLP,
Permissions/Clearances,*LANDING PERMITS-REPUBLIC OF KOREA,Services,2RLP,
Permissions/Clearances,*LANDING PERMITS-REVISION,Services,2RLP,
Permissions/Clearances,*LANDING PERMITS-REVISION -COTE D IVOIRE,Services,2RLP,
Permissions/Clearances,*LANDING PERMITS-REVISION -DAAG,Services,2RLP,
Permissions/Clearances,*LANDING PERMITS-REVISION -RUSSIAN FEDERATION,Services,2RLP,
Permissions/Clearances,*LANDING PERMITS-REVISION-DAAT,Services,2RLP,
Permissions/Clearances,*LANDING PERMITS-RUSSIAN FEDERATION,Services,2RLP,
Permissions/Clearances,*LANDING PERMITS-RUSSIAN FEDERATION - REVISION,Services,2RLP,
Permissions/Clearances,*LANDING PERMITS-RWANDA,Services,2RLP,
Permissions/Clearances,*LANDING PERMITS-SAO TOME,Services,2RLP,
Permissions/Clearances,*LANDING PERMITS-SAUDI ARABIA,Services,2RLP,
Permissions/Clearances,*LANDING PERMITS-SAUDI ARABIA,Services,2RLP,
Permissions/Clearances,*LANDING PERMITS-SAUDI ARABIA + REVISION,Services,2RLP,
Permissions/Clearances,*LANDING PERMITS-SENEGAL,Services,2RLP,
Permissions/Clearances,*LANDING PERMITS-SPECIAL DOMESTIC - INDONESIA,Services,2RLP,
Permissions/Clearances,*LANDING PERMITS-TAIWAN PROVINCE OF CHINA,Services,2RLP,
Permissions/Clearances,*LANDING PERMITS-TRANSPORT CANADA,Services,2RLP,
Permissions/Clearances,*LANDING PERMITS-TURKS AND CAICOS ISLANDS,Services,2RLP,
Permissions/Clearances,*LANDING PERMITS-UNITED ARAB EMIRATES,Services,2RLP,
Permissions/Clearances,*LANDING PERMITS-UNITED KINGDOM / CAA,Services,2RLP,
Permissions/Clearances,*LANDING PERMITS-UNITED REPUBLIC OF TANZANIA,Services,2RLP,
Permissions/Clearances,*LANDING PERMITS-URGENT - INDONESIA,Services,2RLP,
Permissions/Clearances,*LANDING PERMITS-UZBEKISTAN,Services,2RLP,
Permissions/Clearances,*LANDING PERMITS-UZBEKISTAN - REVISION,Services,2RLP,
Permissions/Clearances,*LANDING PERMITS-VIETNAM,Services,2RLP,
Permissions/Clearances,*MISCELLANEOUS-CLEARANCE FEE,Services,2MISC,
Permissions/Clearances,*MISCELLANEOUS-ON TERMINAL CLEARANCE FEE,Services,2MISC,
Permissions/Clearances,*MISCELLANEOUS-URGENT CLEARANCE,Services,2MISC,
Permissions/Clearances,*OVERFLIGHT PERMIT REVISION-AFGHANISTAN,Services,2OFREV,
Permissions/Clearances,*OVERFLIGHT PERMIT REVISION-BELARUS,Services,2OFREV,
Permissions/Clearances,*OVERFLIGHT PERMIT REVISION-BENIN,Services,2OFREV,
Permissions/Clearances,*OVERFLIGHT PERMIT REVISION-BURKINA FASO,Services,2OFREV,
Permissions/Clearances,*OVERFLIGHT PERMIT REVISION-CAMEROON,Services,7OFREV,
Permissions/Clearances,*OVERFLIGHT PERMIT REVISION-CHINA,Services,2OFREV,
Permissions/Clearances,*OVERFLIGHT PERMIT REVISION-CONGO,Services,2OFREV,
Permissions/Clearances,"*OVERFLIGHT PERMIT REVISION-COTE D""IVOIRE",Services,2OFREV,
Permissions/Clearances,*OVERFLIGHT PERMIT REVISION-COTE D'IVOIRE,Services,2OFREV,
Permissions/Clearances,*OVERFLIGHT PERMIT REVISION-EQUATORIAL GUINEA,Services,7OFREV,
Permissions/Clearances,*OVERFLIGHT PERMIT REVISION-GABON,Services,2OFREV,
Permissions/Clearances,*OVERFLIGHT PERMIT REVISION-GHANA X4,Services,2OFREV,
Permissions/Clearances,*OVERFLIGHT PERMIT REVISION-GUINEA,Services,2OFREV,
Permissions/Clearances,*OVERFLIGHT PERMIT REVISION-GUINEA BISSAU,Services,2OFREV,
Permissions/Clearances,*OVERFLIGHT PERMIT REVISION-IRAN (ISLAMIC REPUBLIC OF),Services,2OFREV,
Permissions/Clearances,*OVERFLIGHT PERMIT REVISION-IVORY COAST,Services,2OFREV,
Permissions/Clearances,*OVERFLIGHT PERMIT REVISION-IVORY COAST,Services,2OFREV,
Permissions/Clearances,*OVERFLIGHT PERMIT REVISION-KAZAKHSTAN,Services,2OFREV,
Permissions/Clearances,*OVERFLIGHT PERMIT REVISION-LAO PEOPLE'S DEMOCRATIC REPUBLIC,Services,2OFREV,
Permissions/Clearances,*OVERFLIGHT PERMIT REVISION-LIBERIA,Services,2OFREV,
Permissions/Clearances,*OVERFLIGHT PERMIT REVISION-MALAYSIA,Services,2OFREV,
Permissions/Clearances,*OVERFLIGHT PERMIT REVISION-MALI,Services,2OFREV,
Permissions/Clearances,*OVERFLIGHT PERMIT REVISION-MONGOLIA,Services,2OFREV,
Permissions/Clearances,*OVERFLIGHT PERMIT REVISION-MYANMAR,Services,2OFREV,
Permissions/Clearances,*OVERFLIGHT PERMIT REVISION-NIGERIA,Services,7OFREV,
Permissions/Clearances,*OVERFLIGHT PERMIT REVISION-OMAN,Services,2OFREV,
Permissions/Clearances,*OVERFLIGHT PERMIT REVISION-PHILIPPINES,Services,2OFREV,
Permissions/Clearances,*OVERFLIGHT PERMIT REVISION-QATAR,Services,2OFREV,
Permissions/Clearances,*OVERFLIGHT PERMIT REVISION-RUSSIAN FEDERATION,Services,2OFREV,
Permissions/Clearances,*OVERFLIGHT PERMIT REVISION-SAO TOME,Services,2OFREV,
Permissions/Clearances,*OVERFLIGHT PERMIT REVISION-SAO TOME X4,Services,2OFREV,
Permissions/Clearances,*OVERFLIGHT PERMIT REVISION-SAUDI ARABIA,Services,2OFREV,
Permissions/Clearances,*OVERFLIGHT PERMIT REVISION-SENEGAL,Services,2OFREV,
Permissions/Clearances,*OVERFLIGHT PERMIT REVISION-SERRA LEONE,Services,2OFREV,
Permissions/Clearances,*OVERFLIGHT PERMIT REVISION-SIERRA LEONE,Services,2OFREV,
Permissions/Clearances,*OVERFLIGHT PERMIT REVISION-SOMALIA,Services,2OFREV,
Permissions/Clearances,*OVERFLIGHT PERMIT REVISION-SOMALIA,Services,2OFREV,
Permissions/Clearances,*OVERFLIGHT PERMIT REVISION-THAILAND,Services,2OFREV,
Permissions/Clearances,*OVERFLIGHT PERMIT REVISION-TOGO,Services,2OFREV,
Permissions/Clearances,*OVERFLIGHT PERMIT REVISION-TURKMENISTAN,Services,2OFREV,
Permissions/Clearances,*OVERFLIGHT PERMIT- 1 NORMAL  + 1 REVISION OMAN,Services,2OF,
Permissions/Clearances,*OVERFLIGHT PERMIT-& LANDING PERMIT,Services,2OF,
Permissions/Clearances,*OVERFLIGHT PERMIT-/LANDING,Services,2OF,
Permissions/Clearances,*OVERFLIGHT PERMIT-01 NORMAL + 01 REVISION,Services,2OF,
Permissions/Clearances,*OVERFLIGHT PERMIT-1 NORMAL  1 REVISION -OMAN,Services,2OF,
Permissions/Clearances,*OVERFLIGHT PERMIT-1 NORMAL+ 2 REVISION OMAN,Services,2OF,
Permissions/Clearances,*OVERFLIGHT PERMIT-2 NORMAL + 1 REVISION,Services,2OF,
Permissions/Clearances,*OVERFLIGHT PERMIT-AFGHANISTAN,Services,2OF,
Permissions/Clearances,*OVERFLIGHT PERMIT-AIRPORT & NAVIGATION FEES,Services,2OF,
Permissions/Clearances,*OVERFLIGHT PERMIT-ALGERIA,Services,2OF,
Permissions/Clearances,*OVERFLIGHT PERMIT-ALGERIA,Services,2OF,
Permissions/Clearances,*OVERFLIGHT PERMIT-ALGERIA X5,Services,2OF,
Permissions/Clearances,*OVERFLIGHT PERMIT-ALGERIA-BLOCK PERMIT,Services,2OF,
Permissions/Clearances,*OVERFLIGHT PERMIT-ANGOLA,Services,2OF,
Permissions/Clearances,*OVERFLIGHT PERMIT-ANGOLO,Services,2OF,
Permissions/Clearances,*OVERFLIGHT PERMIT-APPLICATION,Services,2OF,
Permissions/Clearances,*OVERFLIGHT PERMIT-BAHRAIN,Services,2OF,
Permissions/Clearances,*OVERFLIGHT PERMIT-BALARUS,Services,2OF,
Permissions/Clearances,*OVERFLIGHT PERMIT-BANGLADESH,Services,2OF,
Permissions/Clearances,*OVERFLIGHT PERMIT-BANGLADESH - CANCELLED,Services,2OF,
Permissions/Clearances,*OVERFLIGHT PERMIT-BELARUS - CANCELLED,Services,2OF,
Permissions/Clearances,*OVERFLIGHT PERMIT-BENIN X2,Services,2OF,
Permissions/Clearances,*OVERFLIGHT PERMIT-BLOCK GHANA 1-15 MARCH,Services,2OF,
Permissions/Clearances,*OVERFLIGHT PERMIT-BLOCK GHANA 16 - 31 MARCH,Services,2OF,
Permissions/Clearances,*OVERFLIGHT PERMIT-BLOCK OVER FLIGHT -GHANA,Services,2OF,
Permissions/Clearances,*OVERFLIGHT PERMIT-BLOCK OVER FLIGHT PERMIT -GHANA,Services,2OF,
Permissions/Clearances,*OVERFLIGHT PERMIT-BLOCK OVERFLIGHT -GHANA,Services,2OF,
Permissions/Clearances,*OVERFLIGHT PERMIT-BLOCK PERMIT -ALGERIA,Services,2OF,
Permissions/Clearances,*OVERFLIGHT PERMIT-BOLIVA,Services,2OF,
Permissions/Clearances,*OVERFLIGHT PERMIT-BOLIVIA,Services,2OF,
Permissions/Clearances,*OVERFLIGHT PERMIT-BOLIVIA,Services,2OF,
Permissions/Clearances,*OVERFLIGHT PERMIT-BURKINA,Services,2OF,
Permissions/Clearances,*OVERFLIGHT PERMIT-BURKINA FASO,Services,2OF,
Permissions/Clearances,*OVERFLIGHT PERMIT-BURKINA FASO,Services,2OF,
Permissions/Clearances,*OVERFLIGHT PERMIT-BURKIUNA FASO,Services,2OF,
Permissions/Clearances,*OVERFLIGHT PERMIT-BURUNDI,Services,2OF,
Permissions/Clearances,*OVERFLIGHT PERMIT-C.A.R.,Services,2OF,
Permissions/Clearances,*OVERFLIGHT PERMIT-CAA UK,Services,2OF,
Permissions/Clearances,*OVERFLIGHT PERMIT-CAA UK FAST TRACK,Services,2OF,
Permissions/Clearances,*OVERFLIGHT PERMIT-CAA UNITED KINGDOM,Services,2OF,
Permissions/Clearances,*OVERFLIGHT PERMIT-CABO VERDE,Services,2OF,
Permissions/Clearances,*OVERFLIGHT PERMIT-CAMBODIA - CANCELLED,Services,2OF,
Permissions/Clearances,*OVERFLIGHT PERMIT-CAMBODIA - URGENT,Services,2OF,
Permissions/Clearances,*OVERFLIGHT PERMIT-CAMBODIA - URGENT RETURN,Services,2OF,
Permissions/Clearances,*OVERFLIGHT PERMIT-CANADA,Services,2OF,
Permissions/Clearances,*OVERFLIGHT PERMIT-CANCELATION FEES,Services,2OF,
Permissions/Clearances,*OVERFLIGHT PERMIT-CANCELLATION,Services,2OF,
Permissions/Clearances,*OVERFLIGHT PERMIT-CANCELLATION FEE,Services,2OF,
Permissions/Clearances,*OVERFLIGHT PERMIT-CANCELLED,Services,2OF,
Permissions/Clearances,*OVERFLIGHT PERMIT-CAR,Services,2OF,
Permissions/Clearances,*OVERFLIGHT PERMIT-CENTRAL AFRICA,Services,2OF,
Permissions/Clearances,*OVERFLIGHT PERMIT-CENTRAL AFRICAN REPUBLIC,Services,2OF,
Permissions/Clearances,*OVERFLIGHT PERMIT-CHAD,Services,2OF,
Permissions/Clearances,*OVERFLIGHT PERMIT-CHILE,Services,2OF,
Permissions/Clearances,*OVERFLIGHT PERMIT-CHINA,Services,2OF,
Permissions/Clearances,*OVERFLIGHT PERMIT-COLOMBIA,Services,2OF,
Permissions/Clearances,*OVERFLIGHT PERMIT-CONGO,Services,2OF,
Permissions/Clearances,*OVERFLIGHT PERMIT-CONGO DRC,Services,2OF,
Permissions/Clearances,*OVERFLIGHT PERMIT-CONGO REP,Services,2OF,
Permissions/Clearances,*OVERFLIGHT PERMIT-COTE D IVOIRE,Services,2OF,
Permissions/Clearances,*OVERFLIGHT PERMIT-COTE D IVORE,Services,2OF,
Permissions/Clearances,"*OVERFLIGHT PERMIT-COTE D""IVOIRE",Services,2OF,
Permissions/Clearances,*OVERFLIGHT PERMIT-COTE D'IVOIRE,Services,2OF,
Permissions/Clearances,*OVERFLIGHT PERMIT-COTE D'IVOIRE - CANCELLED,Services,2OF,
Permissions/Clearances,*OVERFLIGHT PERMIT-COTE D'IVOIRE X2,Services,2OF,
Permissions/Clearances,*OVERFLIGHT PERMIT-DEMOCRATIC REPUBLIC OF CONGO,Services,2OF,
Permissions/Clearances,*OVERFLIGHT PERMIT-DEMOCRATIC REPUBLIC OF THE CONGO,Services,2OF,
Permissions/Clearances,*OVERFLIGHT PERMIT-DENMARK,Services,2OF,
Permissions/Clearances,*OVERFLIGHT PERMIT-DGAC FRANCE,Services,2OF,
Permissions/Clearances,*OVERFLIGHT PERMIT-DJIBOUTI,Services,2OF,
Permissions/Clearances,*OVERFLIGHT PERMIT-DRC,Services,2OF,
Permissions/Clearances,*OVERFLIGHT PERMIT-DRC X4,Services,2OF,
Permissions/Clearances,*OVERFLIGHT PERMIT-EQ GUINEA,Services,2OF,
Permissions/Clearances,*OVERFLIGHT PERMIT-EQUATORIAL GUINEA- 3 MONTH BLOCK PERMIT,Services,2OF,
Permissions/Clearances,*OVERFLIGHT PERMIT-FIJI,Services,2OF,
Permissions/Clearances,*OVERFLIGHT PERMIT-GABON - 3 MONTH BLOCK PERMIT,Services,2OF,
Permissions/Clearances,*OVERFLIGHT PERMIT-GABON 3 MONTH BLOCK PERMIT,Services,2OF,
Permissions/Clearances,*OVERFLIGHT PERMIT-GHANA,Services,2OF,
Permissions/Clearances,*OVERFLIGHT PERMIT-GHANA - 1 - 15 DECEMBER,Services,2OF,
Permissions/Clearances,*OVERFLIGHT PERMIT-GHANA CANCELLED FLIGHT,Services,2OF,
Permissions/Clearances,*OVERFLIGHT PERMIT-GHANA X2,Services,2OF,
Permissions/Clearances,*OVERFLIGHT PERMIT-GHNANA,Services,2OF,
Permissions/Clearances,*OVERFLIGHT PERMIT-GREENLAND,Services,2OF,
Permissions/Clearances,*OVERFLIGHT PERMIT-GUINEA,Services,2OF,
Permissions/Clearances,*OVERFLIGHT PERMIT-GUINEA BISSAU,Services,2OF,
Permissions/Clearances,*OVERFLIGHT PERMIT-GUYANA,Services,2OF,
Permissions/Clearances,*OVERFLIGHT PERMIT-GUYANA,Services,2OF,
Permissions/Clearances,*OVERFLIGHT PERMIT-INCL REVISION,Services,2OF,
Permissions/Clearances,*OVERFLIGHT PERMIT-INCLUDING REVISION,Services,2OF,
Permissions/Clearances,*OVERFLIGHT PERMIT-INDONESIA,Services,2OF,
Permissions/Clearances,*OVERFLIGHT PERMIT-INDONESIA,Services,2OF,
Permissions/Clearances,*OVERFLIGHT PERMIT-INDONESIA - URGENT,Services,2OF,
Permissions/Clearances,*OVERFLIGHT PERMIT-INDONESIA- SHORT NOTICE,Services,2OF,
Permissions/Clearances,*OVERFLIGHT PERMIT-IRAN (ISLAMIC REPUBLIC OF),Services,2OF,
Permissions/Clearances,*OVERFLIGHT PERMIT-IVORY COAST,Services,2OF,
Permissions/Clearances,*OVERFLIGHT PERMIT-IVORY COAST,Services,2OF,
Permissions/Clearances,*OVERFLIGHT PERMIT-KENYA,Services,2OF,
Permissions/Clearances,*OVERFLIGHT PERMIT-LAO PEOPLE'S DEMOCRATIC REPUBLIC,Services,2OF,
Permissions/Clearances,*OVERFLIGHT PERMIT-LAO PEOPLE'S DEMOCRATIC REPUBLIC - CANCELLED FLIGHT,Services,2OF,
Permissions/Clearances,*OVERFLIGHT PERMIT-LAO PEOPLES DEMOCRATIC,Services,2OF,
Permissions/Clearances,*OVERFLIGHT PERMIT-LIBERIA X2 PERMITS,Services,2OF,
Permissions/Clearances,*OVERFLIGHT PERMIT-MADAGASCAR,Services,2OF,
Permissions/Clearances,*OVERFLIGHT PERMIT-MALAWI,Services,2OF,
Permissions/Clearances,*OVERFLIGHT PERMIT-MALAYSIA - CANCELLATION,Services,2OF,
Permissions/Clearances,*OVERFLIGHT PERMIT-MALAYSIA - CANCELLED,Services,2OF,
Permissions/Clearances,*OVERFLIGHT PERMIT-MALAYSIA - CANCELLED,Services,2OF,
Permissions/Clearances,*OVERFLIGHT PERMIT-MALAYSIA-CANCELLED,Services,2OF,
Permissions/Clearances,*OVERFLIGHT PERMIT-MALDIVES,Services,2OF,
Permissions/Clearances,*OVERFLIGHT PERMIT-MALDIVES,Services,2OF,
Permissions/Clearances,*OVERFLIGHT PERMIT-MALI,Services,2OF,
Permissions/Clearances,*OVERFLIGHT PERMIT-MALI X2,Services,2OF,
Permissions/Clearances,*OVERFLIGHT PERMIT-MARITANIA,Services,2OF,
Permissions/Clearances,*OVERFLIGHT PERMIT-MAURITANIA,Services,2OF,
Permissions/Clearances,*OVERFLIGHT PERMIT-MYANMAR -  CANCELLED,Services,2OF,
Permissions/Clearances,*OVERFLIGHT PERMIT-MYANMAR - RETURN FLIGHT,Services,2OF,
Permissions/Clearances,*OVERFLIGHT PERMIT-MYANMAR CENCELLED PERMIT,Services,2OF,
Permissions/Clearances,*OVERFLIGHT PERMIT-MYANMAR- CANCELLED,Services,2OF,
Permissions/Clearances,*OVERFLIGHT PERMIT-MYANMAR- CANCELLED PERMIT,Services,2OF,
Permissions/Clearances,*OVERFLIGHT PERMIT-NAMBIA,Services,2OF,
Permissions/Clearances,*OVERFLIGHT PERMIT-NAMIBIA,Services,2OF,
Permissions/Clearances,*OVERFLIGHT PERMIT-NEW GUINEA BISSAU,Services,2OF,
Permissions/Clearances,*OVERFLIGHT PERMIT-NICARAGUA,Services,2OF,
Permissions/Clearances,*OVERFLIGHT PERMIT-OMAN + REVISION,Services,2OF,
Permissions/Clearances,*OVERFLIGHT PERMIT-OMAN - URGENT,Services,2OF,
Permissions/Clearances,*OVERFLIGHT PERMIT-OMAN X2 PERMITS,Services,2OF,
Permissions/Clearances,*OVERFLIGHT PERMIT-OVERFLIGHT AND LANDING,Services,2OF,
Permissions/Clearances,*OVERFLIGHT PERMIT-OVERFLIGHT CHARGE DISBURSEMENT,Services,2OF,
Permissions/Clearances,*OVERFLIGHT PERMIT-OVERFLIGHT PERMIT 1 + 2 REVISIONS,Services,2OF,
Permissions/Clearances,*OVERFLIGHT PERMIT-OVERFLIGHT PERMIT 1 + 3 REVISIONS,Services,2OF,
Permissions/Clearances,*OVERFLIGHT PERMIT-PAKISTAN,Services,2OF,
Permissions/Clearances,*OVERFLIGHT PERMIT-PAKISTAN - CANCELLED,Services,2OF,
Permissions/Clearances,*OVERFLIGHT PERMIT-PERU,Services,2OF,
Permissions/Clearances,*OVERFLIGHT PERMIT-PHILIPPINES,Services,2OF,
Permissions/Clearances,*OVERFLIGHT PERMIT-PHILLIPINES,Services,2OF,
Permissions/Clearances,*OVERFLIGHT PERMIT-QATAR,Services,2OF,
Permissions/Clearances,*OVERFLIGHT PERMIT-REPUBLIC OF KOREA,Services,2OF,
Permissions/Clearances,*OVERFLIGHT PERMIT-REPUBLIC OF KOREA - CANCELLATION,Services,2OF,
Permissions/Clearances,*OVERFLIGHT PERMIT-REPUBLIC OF KOREA - CANCELLED,Services,2OF,
Permissions/Clearances,*OVERFLIGHT PERMIT-REPUBLIC OF KOREA- CANCELLATION,Services,2OF,
Permissions/Clearances,*OVERFLIGHT PERMIT-RUSSIA,Services,2OF,
Permissions/Clearances,*OVERFLIGHT PERMIT-RUSSIA REVISION,Services,2OF,
Permissions/Clearances,*OVERFLIGHT PERMIT-RUSSIAN FEDERATION,Services,2OF,
Permissions/Clearances,*OVERFLIGHT PERMIT-SAMGONGUSTOFA / ICELAND CAA,Services,2OF,
Permissions/Clearances,*OVERFLIGHT PERMIT-SAMOLIA,Services,2OF,
Permissions/Clearances,*OVERFLIGHT PERMIT-SAO TOME,Services,2OF,
Permissions/Clearances,*OVERFLIGHT PERMIT-SAO TOME AND PRINCIPE,Services,2OF,
Permissions/Clearances,*OVERFLIGHT PERMIT-SAO TOME X4,Services,2OF,
Permissions/Clearances,*OVERFLIGHT PERMIT-SAOT OME X2,Services,2OF,
Permissions/Clearances,*OVERFLIGHT PERMIT-SAUDI ARABIA,Services,2OF,
Permissions/Clearances,*OVERFLIGHT PERMIT-SAUDI ARABIA - REVISION,Services,2OF,
Permissions/Clearances,*OVERFLIGHT PERMIT-SENEGAL X2,Services,2OF,
Permissions/Clearances,*OVERFLIGHT PERMIT-SENEGAL-NR225/2020/ANACIM/DG/DTA DU 31 JANVIER 2020,Services,2OF,
Permissions/Clearances,*OVERFLIGHT PERMIT-SERRA LEONE,Services,2OF,
Permissions/Clearances,*OVERFLIGHT PERMIT-SIERRA LEON,Services,2OF,
Permissions/Clearances,*OVERFLIGHT PERMIT-SIERRA LEONE,Services,2OF,
Permissions/Clearances,*OVERFLIGHT PERMIT-SIERRA LEONE X2 PERMITS,Services,2OF,
Permissions/Clearances,*OVERFLIGHT PERMIT-SINGAPORE,Services,2OF,
Permissions/Clearances,*OVERFLIGHT PERMIT-SOA TOME,Services,2OF,
Permissions/Clearances,*OVERFLIGHT PERMIT-SOMALIA,Services,2OF,
Permissions/Clearances,*OVERFLIGHT PERMIT-SOMALIA - URGENT,Services,2OF,
Permissions/Clearances,*OVERFLIGHT PERMIT-SOMALIA X 2 PERMITS,Services,2OF,
Permissions/Clearances,*OVERFLIGHT PERMIT-SOUTH SUDAN,Services,2OF,
Permissions/Clearances,*OVERFLIGHT PERMIT-SUDAI ARABIA,Services,2OF,
Permissions/Clearances,*OVERFLIGHT PERMIT-SUDAN,Services,2OF,
Permissions/Clearances,*OVERFLIGHT PERMIT-TAIWAN PROVIDENCE OF CHINA,Services,2OF,
Permissions/Clearances,*OVERFLIGHT PERMIT-TAIWAN PROVINCE OF CHINA,Services,2OF,
Permissions/Clearances,*OVERFLIGHT PERMIT-TAIWAN PROVINCE OF CHINA,Services,2OF,
Permissions/Clearances,"*OVERFLIGHT PERMIT-TAIWAN, PROVINCE OF CHINA",Services,2OF,
Permissions/Clearances,*OVERFLIGHT PERMIT-TAJIKISTAN,Services,2OF,
Permissions/Clearances,*OVERFLIGHT PERMIT-TOGO X2,Services,2OF,
Permissions/Clearances,*OVERFLIGHT PERMIT-TURKMENISTAN,Services,2OF,
Permissions/Clearances,*OVERFLIGHT PERMIT-UNITED REPUBLIC OF TANZANIA,Services,2OF,
Permissions/Clearances,*OVERFLIGHT PERMIT-URGENT - INDONESIA,Services,2OF,
Permissions/Clearances,*OVERFLIGHT PERMIT-URGENT CLEARANCE  PHILIPPINES,Services,2OF,
Permissions/Clearances,*OVERFLIGHT PERMIT-URGENT CLEARANCE FEE,Services,2OF,
Permissions/Clearances,*OVERFLIGHT PERMIT-URGENT REQUEST,Services,2OF,
Permissions/Clearances,*OVERFLIGHT PERMIT-URGENT- PHILIPPINES,Services,2OF,
Permissions/Clearances,*OVERFLIGHT PERMIT-UZBEKISTAN,Services,2OF,
Permissions/Clearances,*OVERFLIGHT PERMIT-VIETNAM - URGENT RETURN,Services,2OF,
Permissions/Clearances,*OVERFLIGHT PERMIT-YEMEN,Services,2OF,
Permissions/Clearances,*OVERFLIGHT PERMIT-YEMEN X2 PERMITS,Services,2OF,
Permissions/Clearances,*OVERFLIGHT PERMIT-ZAMBIA,Services,2OF,
Permissions/Clearances,*PERMIT - BLOCK-3/16-4/16,Services,2PE,
Permissions/Clearances,*PERMIT - BLOCK-GHANA,Services,2PE,
Permissions/Clearances,*PERMIT - BLOCK-GHANA -MONTH OF FEBRUARY,Services,2PE,
Permissions/Clearances,*PERMIT - BLOCK-GHANA -OVERFLIGHT PERMIT MONTH OF FEBRUARY,Services,2PE,
Permissions/Clearances,*PERMIT - BLOCK-LANDING - INDONESIA,Services,2PE,
Permissions/Clearances,*PERMIT - BLOCK-NIGERIA*2/7-3/7/20,Services,2PE,
Permissions/Clearances,*PERMIT - BLOCK-OVERFLIGHT - GHANA 16 -30 APRIL,Services,2PE,
Permissions/Clearances,*PERMIT - BLOCK-OVERFLIGHT - GUINEA,Services,2PE,
Permissions/Clearances,*PERMIT - BLOCK-OVERFLIGHT - MALI,Services,2PE,
Permissions/Clearances,*PERMIT - BLOCK-OVERFLIGHT -GHANA 1-15 APRIL,Services,2PE,
Permissions/Clearances,*PERMIT - BLOCK-OVERFLIGHT -GHANA 1-15 MARCH,Services,2PE,
Permissions/Clearances,*PERMIT - BLOCK-OVERFLIGHT -GHANA 16-30 APRIL,Services,2PE,
Permissions/Clearances,*PERMIT - BLOCK-OVERFLIGHT -GHANA 16-30 MARCH,Services,2PE,
Permissions/Clearances,*PERMIT PROCEDURE CHARGES,Services,2BLPE,
Permissions/Clearances,*PERMIT PROCEDURE CHARGES-AMENDMENT CHARGE,Services,2BLPE,
Permissions/Clearances,*PERMIT PROCEDURE CHARGES-BURKINA FASO,Services,2BLPE,
Permissions/Clearances,*PERMIT PROCEDURE CHARGES-CANCELLED FLIGHT,Services,2BLPE,
Permissions/Clearances,*PERMIT PROCEDURE CHARGES-CUBA,Services,2BLPE,
Permissions/Clearances,*PERMIT PROCEDURE CHARGES-CUBA - FEBRUARY - CALL SIGN: SKYBIZ1,Services,2BLPE,
Permissions/Clearances,*PERMIT PROCEDURE CHARGES-CUBA FEBRUARY - CALL SIGN AAG45,Services,2BLPE,
Permissions/Clearances,*PERMIT PROCEDURE CHARGES-CUBA FEBRUARY - CALL SIGN JETICU,Services,2BLPE,
Permissions/Clearances,*PERMIT PROCEDURE CHARGES-CUBA FEBRUARY - CALL SIGN MEDWAY,Services,2BLPE,
Permissions/Clearances,*PERMIT PROCEDURE CHARGES-CUBA FEBRUARY - CALL SIGN: BECKS1,Services,2BLPE,
Permissions/Clearances,*PERMIT PROCEDURE CHARGES-CUBA FEBRUARY - CALL SIGN: BECKS2,Services,2BLPE,
Permissions/Clearances,*PERMIT PROCEDURE CHARGES-CUBA FEBRUARY - CALL SIGN: CARE1,Services,2BLPE,
Permissions/Clearances,*PERMIT PROCEDURE CHARGES-CUBA FEBRUARY - CALL SIGN: EJ45,Services,2BLPE,
Permissions/Clearances,*PERMIT PROCEDURE CHARGES-CUBA FEBRUARY - CALL SIGN: PVO3690,Services,2BLPE,
Permissions/Clearances,*PERMIT PROCEDURE CHARGES-CUBA FEBRUARY - REGISRTY: N237BB,Services,2BLPE,
Permissions/Clearances,*PERMIT PROCEDURE CHARGES-CUBA FEBRUARY - REGISTRY: N247CS,Services,2BLPE,
Permissions/Clearances,*PERMIT PROCEDURE CHARGES-CUBA MARCH - CALL SIGN: AAG45,Services,2BLPE,
Permissions/Clearances,*PERMIT PROCEDURE CHARGES-CUBA MARCH - CALL SIGN: BECKS2,Services,2BLPE,
Permissions/Clearances,*PERMIT PROCEDURE CHARGES-CUBA MARCH - CALL SIGN: BFF1,Services,2BLPE,
Permissions/Clearances,*PERMIT PROCEDURE CHARGES-CUBA MARCH - CALL SIGN: JETICU,Services,2BLPE,
Permissions/Clearances,*PERMIT PROCEDURE CHARGES-CUBA MARCH - CALL SIGN: PVO3690,Services,2BLPE,
Permissions/Clearances,*PERMIT PROCEDURE CHARGES-CUBA MARCH - CALL SIGN: SKYBIZ1,Services,2BLPE,
Permissions/Clearances,*PERMIT PROCEDURE CHARGES-CUBA MARCH - CALL SIGN:MEDWAY,Services,2BLPE,
Permissions/Clearances,*PERMIT PROCEDURE CHARGES-ENTRY/EXIT,Services,2BLPE,
Permissions/Clearances,*PERMIT PROCEDURE CHARGES-FLIGHT PERMIT REQUEST MCA-1-062/2020,Services,2BLPE,
Permissions/Clearances,*PERMIT PROCEDURE CHARGES-GHANA,Services,2BLPE,
Permissions/Clearances,*PERMIT PROCEDURE CHARGES-INCL REVISION,Services,2BLPE,
Permissions/Clearances,*PERMIT PROCEDURE CHARGES-LADING AUTHORIZATION,Services,2BLPE,
Permissions/Clearances,*PERMIT PROCEDURE CHARGES-LADNING,Services,2BLPE,
Permissions/Clearances,*PERMIT PROCEDURE CHARGES-LANDING,Services,2BLPE,
Permissions/Clearances,*PERMIT PROCEDURE CHARGES-LANDING,Services,2BLPE,
Permissions/Clearances,*PERMIT PROCEDURE CHARGES-LANDING - INDIA,Services,2BLPE,
Permissions/Clearances,*PERMIT PROCEDURE CHARGES-LANDING - INDIA,Services,2BLPE,
Permissions/Clearances,*PERMIT PROCEDURE CHARGES-LANDING AUTHORIZATION,Services,2BLPE,
Permissions/Clearances,*PERMIT PROCEDURE CHARGES-LANDING PERMIT,Services,2BLPE,
Permissions/Clearances,*PERMIT PROCEDURE CHARGES-LANDING PERMIT APPLICATION,Services,2BLPE,
Permissions/Clearances,*PERMIT PROCEDURE CHARGES-LEGAL PROCEEDINGS,Services,2BLPE,
Permissions/Clearances,*PERMIT PROCEDURE CHARGES-LEGAL PROCEEDINGS FOR LANDING,Services,2BLPE,
Permissions/Clearances,*PERMIT PROCEDURE CHARGES-LEGAL PROCEEDINGS FOR LANDING,Services,2BLPE,
Permissions/Clearances,*PERMIT PROCEDURE CHARGES-MONGOLIA,Services,2BLPE,
Permissions/Clearances,*PERMIT PROCEDURE CHARGES-OVERFLIGHT & LANDING,Services,2BLPE,
Permissions/Clearances,*PERMIT PROCEDURE CHARGES-OVERFLIGHT SAUDI ARABIA,Services,2BLPE,
Permissions/Clearances,*PERMIT PROCEDURE CHARGES-PHILIPPINES,Services,2BLPE,
Permissions/Clearances,*PERMIT PROCEDURE CHARGES-PHILLIPINES,Services,2BLPE,
Permissions/Clearances,*PERMIT PROCEDURE CHARGES-SAUDI ARABIA,Services,2BLPE,
Permissions/Clearances,*PERMIT PROCEDURE CHARGES-SAUDI ARABIA,Services,2BLPE,
Permissions/Clearances,*PERMIT PROCEDURE CHARGES-SHORT NOTICE PERMIT,Services,2BLPE,
Permissions/Clearances,*PERMIT PROCEDURE CHARGES-VIETNAM,Services,2BLPE,
Permissions/Clearances,*PERMIT-AIR CLEARANCE,Services,2PE,
Permissions/Clearances,*PERMIT-APIS - MAXICAN,Services,2PE,
Permissions/Clearances,*PERMIT-APPS,Services,2PE,
Permissions/Clearances,*PERMIT-APPS ARRIVAL & DEPARTURE,Services,2PE,
Permissions/Clearances,*PERMIT-APPS ON DEPARTURE,Services,2PE,
Permissions/Clearances,*PERMIT-ARRANGEMENT,Services,2PE,
Permissions/Clearances,*PERMIT-CAYMAN ISLANDS OPERATING PERMIT,Services,2PE,
Permissions/Clearances,*PERMIT-CHARTER PERMIT,Services,2PE,
Permissions/Clearances,*PERMIT-CIVIL AVIATION OPERATIONAL PERMIT & RADIO AID,Services,2PE,
Permissions/Clearances,*PERMIT-CLEARANCE,Services,2PE,
Permissions/Clearances,*PERMIT-CLEARANCE,Services,2PE,
Permissions/Clearances,*PERMIT-CLEARANCE FEE,Services,2PE,
Permissions/Clearances,*PERMIT-CREW SHORT STAY,Services,2PE,
Permissions/Clearances,*PERMIT-DOMESTIC FLIGHT APPLICATION CHARGE,Services,2PE,
Permissions/Clearances,*PERMIT-DOMESTIC PERMIT,Services,2PE,
Permissions/Clearances,*PERMIT-ENTRY,Services,2PE,
Permissions/Clearances,*PERMIT-EXIT PERMIT,Services,2PE,
Permissions/Clearances,*PERMIT-FLIGHT PERMIT,Services,2PE,
Permissions/Clearances,*PERMIT-FLIGHT PERMIT PVI-0672-2020,Services,2PE,
Permissions/Clearances,*PERMIT-FLIGHT PERMIT REQUEST,Services,2PE,
Permissions/Clearances,*PERMIT-FLIGHT REQUEST,Services,2PE,
Permissions/Clearances,*PERMIT-FOREIGN COMMERCIAL OPERATION,Services,2PE,
Permissions/Clearances,*PERMIT-ISSUANCE OF PERMIT,Services,2PE,
Permissions/Clearances,*PERMIT-ISSUANCE OF PERMIT,Services,2PE,
Permissions/Clearances,*PERMIT-JOURNEY PERMIT,Services,2PE,
Permissions/Clearances,*PERMIT-LANDING CLEARANCE,Services,2PE,
Permissions/Clearances,*PERMIT-LEGAL PROCEEDINGS FOR MULTI ENTRY,Services,2PE,
Permissions/Clearances,*PERMIT-LEGAL PROCEEDINGS FOR MULTI ENTRY AUTHORIZATIONS,Services,2PE,
Permissions/Clearances,*PERMIT-NAL TRIP G,Services,2PE,
Permissions/Clearances,*PERMIT-NATIONAL SECURITY CLEARANCE,Services,2PE,
Permissions/Clearances,*PERMIT-OPERATING PERMIT,Services,2PE,
Permissions/Clearances,*PERMIT-OPERATING PERMIT,Services,2PE,
Permissions/Clearances,*PERMIT-OPERATING PERMITS,Services,2PE,
Permissions/Clearances,*PERMIT-OPERATIONAL,Services,2PE,
Permissions/Clearances,*PERMIT-OPERATIONAL/RADIO AID,Services,2PE,
Permissions/Clearances,*PERMIT-OVF PERMIT NAL TRIP G,Services,2PE,
Permissions/Clearances,*PERMIT-PAAS,Services,2PE,
Permissions/Clearances,*PERMIT-PENALTY FINE- ANAC FEE,Services,2PE,
Permissions/Clearances,*PERMIT-PERMIT OF BELARUS,Services,2PE,
Permissions/Clearances,*PERMIT-PERMIT TO PROCEED,Services,2PE,
Permissions/Clearances,*PERMIT-PERMIT/SLOT CIQ ARRANGEMENT,Services,2PE,
Permissions/Clearances,*PERMIT-PMT/SLOT ARRANGEMENT,Services,2PE,
Permissions/Clearances,*PERMIT-REPUBLIC OF PALAU,Services,2PE,
Permissions/Clearances,*PERMIT-SHORT TERM LICENSE,Services,2PE,
Permissions/Clearances,*PERMIT-SHORT TERM LICENSE FEE,Services,2PE,
Permissions/Clearances,*PERMIT-SPECIAL DEFENSE CLEARANCE,Services,2PE,
Permissions/Clearances,*PERMIT-SPECIAL DOMESTIC PERMIT,Services,2PE,
Permissions/Clearances,*PERMIT-TAFS FOLDER,Services,2PE,
Permissions/Clearances,*PERMIT-TASP,Services,2PE,
Permissions/Clearances,*PERMIT-URGENT,Services,2PE,
Permissions/Clearances,*PRIOR PERMISSION REQUIREMEN,Services,2PE,
Permissions/Clearances,*PRIOR PERMISSION REQUIREMEN-ARRIVAL/DEP CANCELLED,Services,2PE,
Permissions/Clearances,*PRIOR PERMISSION REQUIREMEN-ARRIVAL/DEPARTURE,Services,2PE,
Permissions/Clearances,*PRIOR PERMISSION REQUIREMEN-ARRIVAL/DEPARTURE,Services,2PE,
Permissions/Clearances,*PRIOR PERMISSION REQUIREMEN-CANCELLATION FEE,Services,2PE,
Permissions/Clearances,*PRIOR PERMISSION REQUIREMEN-ITALY,Services,2PE,
Permissions/Clearances,*PRIOR PERMISSION REQUIREMEN-REVISION,Services,2PE,
Permissions/Clearances,*PRIOR PERMISSION REQUIREMENT,Services,7PRPEREQ,
Permissions/Clearances,*PRIOR PERMISSION REQUIREMENT-LMML,Services,7PRPEREQ,
Permissions/Clearances,*SPECIAL PERMITS-AUSTRALIA,Services,7SP,
Permissions/Clearances,*SPECIAL PERMITS-BELGIUM,Services,7SP,
Permissions/Clearances,*SPECIAL PERMITS-FRANCE,Services,7SP,
Permissions/Clearances,*SPECIAL PERMITS-PERMIT TO FLY,Services,7SP,
Permissions/Clearances,ADCUS -US DEPARTURE-UNITED STATES,Services,1AD,
Permissions/Clearances,ADCUS-US ARRIVAL-UNITED STATES,Services,1AD,
Permissions/Clearances,ADCUS-US DEPARTURE-UNITED STATES,Services,1AD,
Permissions/Clearances,AGENT PERMIT ASSISTANCE,Services,6AA,
Permissions/Clearances,AGENT PERMIT ASSISTANCEMEXICO,Services,6AA,
Permissions/Clearances,AGENT PERMIT ASSISTANCE-BELARUS,Services,6AA,
Permissions/Clearances,AGENT PERMIT ASSISTANCE-BENIN,Services,6AA,
Permissions/Clearances,AGENT PERMIT ASSISTANCE-BULGARIA,Services,6AA,
Permissions/Clearances,AGENT PERMIT ASSISTANCE-CAMBODIA,Services,6AA,
Permissions/Clearances,AGENT PERMIT ASSISTANCE-CAMEROON,Services,6AA,
Permissions/Clearances,AGENT PERMIT ASSISTANCE-CONGO,Services,6AA,
Permissions/Clearances,AGENT PERMIT ASSISTANCE-CROATIA,Services,6AA,
Permissions/Clearances,AGENT PERMIT ASSISTANCE-CYPRUS,Services,6AA,
Permissions/Clearances,AGENT PERMIT ASSISTANCE-EGYPT,Services,6AA,
Permissions/Clearances,AGENT PERMIT ASSISTANCE-ETHIOPIA,Services,6AA,
Permissions/Clearances,AGENT PERMIT ASSISTANCE-GABON,Services,6AA,
Permissions/Clearances,AGENT PERMIT ASSISTANCE-GAMBIA,Services,6AA,
Permissions/Clearances,AGENT PERMIT ASSISTANCE-GERMANY,Services,6AA,
Permissions/Clearances,AGENT PERMIT ASSISTANCE-GREECE,Services,6AA,
Permissions/Clearances,AGENT PERMIT ASSISTANCE-GUINEA-BISSAU,Services,6AA,
Permissions/Clearances,AGENT PERMIT ASSISTANCE-INDIA,Services,6AA,
Permissions/Clearances,AGENT PERMIT ASSISTANCE-INDONESIA,Services,6AA,
Permissions/Clearances,AGENT PERMIT ASSISTANCE-ITALY,Services,6AA,
Permissions/Clearances,AGENT PERMIT ASSISTANCE-JAPAN,Services,6AA,
Permissions/Clearances,AGENT PERMIT ASSISTANCE-KAZAKHSTAN,Services,6AA,
Permissions/Clearances,AGENT PERMIT ASSISTANCE-LIBERIA,Services,6AA,
Permissions/Clearances,AGENT PERMIT ASSISTANCE-MALAYSIA,Services,6AA,
Permissions/Clearances,AGENT PERMIT ASSISTANCE-MALTA,Services,6AA,
Permissions/Clearances,AGENT PERMIT ASSISTANCE-MEXICO,Services,6AA,
Permissions/Clearances,AGENT PERMIT ASSISTANCE-MOROCCO,Services,6AA,
Permissions/Clearances,AGENT PERMIT ASSISTANCE-MOZAMBIQUE,Services,6AA,
Permissions/Clearances,AGENT PERMIT ASSISTANCE-MYANMAR,Services,6AA,
Permissions/Clearances,AGENT PERMIT ASSISTANCE-NIGERIA,Services,6AA,
Permissions/Clearances,AGENT PERMIT ASSISTANCE-PHILIPPINES,Services,6AA,
Permissions/Clearances,AGENT PERMIT ASSISTANCE-RUSSIAN FEDERATION,Services,6AA,
Permissions/Clearances,AGENT PERMIT ASSISTANCE-SAUDI ARABIA,Services,6AA,
Permissions/Clearances,AGENT PERMIT ASSISTANCE-SENEGAL,Services,6AA,
Permissions/Clearances,AGENT PERMIT ASSISTANCE-SIERRA LEONE,Services,6AA,
Permissions/Clearances,AGENT PERMIT ASSISTANCE-SPAIN,Services,6AA,
Permissions/Clearances,AGENT PERMIT ASSISTANCE-SRI LANKA,Services,6AA,
Permissions/Clearances,AGENT PERMIT ASSISTANCE-TAPACHULA,Services,6AA,
Permissions/Clearances,AGENT PERMIT ASSISTANCE-THAILAND,Services,6AA,
Permissions/Clearances,AGENT PERMIT ASSISTANCE-TOGO,Services,6AA,
Permissions/Clearances,AGENT PERMIT ASSISTANCE-TOLUCA,Services,6AA,
Permissions/Clearances,AGENT PERMIT ASSISTANCE-TUNISIA,Services,6AA,
Permissions/Clearances,AGENT PERMIT ASSISTANCE-VIETNAM,Services,6AA,
Permissions/Clearances,AGENT PERMIT ASSISTANCE-WESTERN SAHARA,Services,6AA,
Permissions/Clearances,BLANKET OVERFLIGHT COORDINATION-CUBA- EXPIRES 2/29/2019 PERMIT#0665,Services,1BLOFCCU,
Permissions/Clearances,BLANKET OVERFLIGHT COORDINATION-CUBA-CUBA EXPIRES 01/31/2020 PERMIT #F739,Services,1BLOFCCU,
Permissions/Clearances,BLANKET OVERFLIGHT COORDINATION-CUBA-CUBA EXPIRES 01/31/2020 PERMIT #F740,Services,1BLOFCCU,
Permissions/Clearances,BLANKET OVERFLIGHT COORDINATION-CUBA-CUBA EXPIRES 01/31/2020 PERMIT#F001,Services,1BLOFCCU,
Permissions/Clearances,BLANKET OVERFLIGHT COORDINATION-CUBA-CUBA EXPIRES 01/31/2020 PERMIT#F762,Services,1BLOFCCU,
Permissions/Clearances,BLANKET OVERFLIGHT COORDINATION-CUBA-CUBA EXPIRES 01/31/2020 PERMIT#F764,Services,1BLOFCCU,
Permissions/Clearances,BLANKET OVERFLIGHT COORDINATION-CUBA-CUBA EXPIRES 01/31/2020 PERMIT#F771,Services,1BLOFCCU,
Permissions/Clearances,BLANKET OVERFLIGHT COORDINATION-CUBA-CUBA EXPIRES 1/31/2020 PERMIT#F933,Services,1BLOFCCU,
Permissions/Clearances,BLANKET OVERFLIGHT COORDINATION-CUBA-CUBA EXPIRES 12/31/2019 PERMIT#682,Services,1BLOFCCU,
Permissions/Clearances,BLANKET OVERFLIGHT COORDINATION-CUBA-CUBA EXPIRES 12/31/2019 PERMIT#E434,Services,1BLOFCCU,
Permissions/Clearances,BLANKET OVERFLIGHT COORDINATION-CUBA-CUBA EXPIRES 12/31/2019 PERMIT#E443,Services,1BLOFCCU,
Permissions/Clearances,BLANKET OVERFLIGHT COORDINATION-CUBA-CUBA EXPIRES 12/31/2019 PERMIT#E445,Services,1BLOFCCU,
Permissions/Clearances,BLANKET OVERFLIGHT COORDINATION-CUBA-CUBA EXPIRES 12/31/2019 PERMIT#E446,Services,1BLOFCCU,
Permissions/Clearances,BLANKET OVERFLIGHT COORDINATION-CUBA-CUBA EXPIRES 12/31/2019 PERMIT#E686,Services,1BLOFCCU,
Permissions/Clearances,BLANKET OVERFLIGHT COORDINATION-CUBA-EXPIRES 01/31/2020 PERMIT #F766,Services,1BLOFCCU,
Permissions/Clearances,BLANKET OVERFLIGHT COORDINATION-CUBA-EXPIRES 02/09/2020 PERMIT#0627,Services,1BLOFCCU,
Permissions/Clearances,BLANKET OVERFLIGHT COORDINATION-CUBA-EXPIRES 02/29/2020 PERMIT #0626,Services,1BLOFCCU,
Permissions/Clearances,BLANKET OVERFLIGHT COORDINATION-CUBA-EXPIRES 02/29/2020 PERMIT#0666,Services,1BLOFCCU,
Permissions/Clearances,BLANKET OVERFLIGHT COORDINATION-CUBA-EXPIRES 02/29/2020 PERMIT#0671,Services,1BLOFCCU,
Permissions/Clearances,BLANKET OVERFLIGHT COORDINATION-CUBA-EXPIRES 03/09/2020 PERMIT #1155,Services,1BLOFCCU,
Permissions/Clearances,BLANKET OVERFLIGHT COORDINATION-CUBA-EXPIRES 03/20/2020 PERMIT #1155,Services,1BLOFCCU,
Permissions/Clearances,BLANKET OVERFLIGHT COORDINATION-CUBA-EXPIRES 03/31/2020 PERMIT #1995,Services,1BLOFCCU,
Permissions/Clearances,BLANKET OVERFLIGHT COORDINATION-CUBA-EXPIRES 03/31/2020 PERMIT#1994,Services,1BLOFCCU,
Permissions/Clearances,BLANKET OVERFLIGHT COORDINATION-CUBA-EXPIRES 03/31/2020 PERMIT#2002,Services,1BLOFCCU,
Permissions/Clearances,BLANKET OVERFLIGHT COORDINATION-CUBA-EXPIRES 03/31/2020 PERMIT#2003,Services,1BLOFCCU,
Permissions/Clearances,BLANKET OVERFLIGHT COORDINATION-CUBA-EXPIRES 03/31/2020 PERMIT#2004,Services,1BLOFCCU,
Permissions/Clearances,BLANKET OVERFLIGHT COORDINATION-CUBA-EXPIRES 03/31/2020 PERMIT#2006,Services,1BLOFCCU,
Permissions/Clearances,BLANKET OVERFLIGHT COORDINATION-CUBA-EXPIRES 03/31/2020 PERMIT#2011,Services,1BLOFCCU,
Permissions/Clearances,BLANKET OVERFLIGHT COORDINATION-CUBA-EXPIRES 03/31/2020 PERMIT#2012,Services,1BLOFCCU,
Permissions/Clearances,BLANKET OVERFLIGHT COORDINATION-CUBA-EXPIRES 03/31/2020 PERMIT#2013,Services,1BLOFCCU,
Permissions/Clearances,BLANKET OVERFLIGHT COORDINATION-CUBA-EXPIRES 04/30/2020 PERMIT #3409,Services,1BLOFCCU,
Permissions/Clearances,BLANKET OVERFLIGHT COORDINATION-CUBA-EXPIRES 04/30/2020 PERMIT#3296,Services,1BLOFCCU,
Permissions/Clearances,BLANKET OVERFLIGHT COORDINATION-CUBA-EXPIRES 04/30/2020 PERMIT#3299,Services,1BLOFCCU,
Permissions/Clearances,BLANKET OVERFLIGHT COORDINATION-CUBA-EXPIRES 04/30/2020 PERMIT#3352,Services,1BLOFCCU,
Permissions/Clearances,BLANKET OVERFLIGHT COORDINATION-CUBA-EXPIRES 04/31/2020 PERMIT#3305,Services,1BLOFCCU,
Permissions/Clearances,BLANKET OVERFLIGHT COORDINATION-CUBA-PERMIT # 3293,Services,1BLOFCCU,
Permissions/Clearances,BLANKET OVERFLIGHT COORDINATION-CUBA-REVISION-CUBA EXPIRES 12/31/2019 PERMIT#E404,Services,1BLOFCCUR,
Permissions/Clearances,COMMERCIAL LANDING PERMIT - REVISION-ERITREA,Services,6CLA,
Permissions/Clearances,COMMERCIAL LANDING PERMIT - REVISION-JAPAN,Services,6CLA,
Permissions/Clearances,COMMERCIAL LANDING PERMIT - REVISION-KENYA,Services,6CLA,
Permissions/Clearances,COMMERCIAL LANDING PERMIT - REVISION-MALAWI,Services,6CLA,
Permissions/Clearances,COMMERCIAL LANDING PERMIT - REVISION-UNITED REPUBLIC OF TANZANIA,Services,6CLA,
Permissions/Clearances,COMMERCIAL LANDING PERMIT - REVISION-ZIMBABWE,Services,6CLA,
Permissions/Clearances,COMMERCIAL LANDING PERMIT-ALGERIA,Services,6CLA,
Permissions/Clearances,COMMERCIAL LANDING PERMIT-ANGOLA,Services,6CLA,
Permissions/Clearances,COMMERCIAL LANDING PERMIT-AUSTRALIA,Services,6CLA,
Permissions/Clearances,COMMERCIAL LANDING PERMIT-CONGO,Services,6CLA,
Permissions/Clearances,COMMERCIAL LANDING PERMIT-COTE D'IVOIRE,Services,6CLA,
Permissions/Clearances,COMMERCIAL LANDING PERMIT-EGYPT,Services,6CLA,
Permissions/Clearances,COMMERCIAL LANDING PERMIT-ERITREA,Services,6CLA,
Permissions/Clearances,COMMERCIAL LANDING PERMIT-GHANA,Services,6CLA,
Permissions/Clearances,COMMERCIAL LANDING PERMIT-GREECE,Services,6CLA,
Permissions/Clearances,COMMERCIAL LANDING PERMIT-GUINEA,Services,6CLA,
Permissions/Clearances,COMMERCIAL LANDING PERMIT-INDIA,Services,6CLA,
Permissions/Clearances,COMMERCIAL LANDING PERMIT-INDONESIA,Services,6CLA,
Permissions/Clearances,COMMERCIAL LANDING PERMIT-JAPAN,Services,6CLA,
Permissions/Clearances,COMMERCIAL LANDING PERMIT-KENYA,Services,6CLA,
Permissions/Clearances,COMMERCIAL LANDING PERMIT-KENYA -  ALTERNATE - RON,Services,6CLA,
Permissions/Clearances,COMMERCIAL LANDING PERMIT-LIBERIA,Services,6CLA,
Permissions/Clearances,COMMERCIAL LANDING PERMIT-MALAWI,Services,6CLA,
Permissions/Clearances,COMMERCIAL LANDING PERMIT-MAURITANIA,Services,6CLA,
Permissions/Clearances,COMMERCIAL LANDING PERMIT-MOROCCO,Services,6CLA,
Permissions/Clearances,COMMERCIAL LANDING PERMIT-MOZAMBIQUE,Services,6CLA,
Permissions/Clearances,COMMERCIAL LANDING PERMIT-NAMIBIA,Services,6CLA,
Permissions/Clearances,COMMERCIAL LANDING PERMIT-NIGERIA,Services,6CLA,
Permissions/Clearances,COMMERCIAL LANDING PERMIT-OMAN,Services,6CLA,
Permissions/Clearances,COMMERCIAL LANDING PERMIT-PHILIPPINES,Services,6CLA,
Permissions/Clearances,COMMERCIAL LANDING PERMIT-POLAND,Services,6CLA,
Permissions/Clearances,COMMERCIAL LANDING PERMIT-SAO TOME AND PRINCIPE,Services,6CLA,
Permissions/Clearances,COMMERCIAL LANDING PERMIT-SAUDI ARABIA,Services,6CLA,
Permissions/Clearances,COMMERCIAL LANDING PERMIT-SENEGAL,Services,6CLA,
Permissions/Clearances,COMMERCIAL LANDING PERMIT-SINGAPORE,Services,6CLA,
Permissions/Clearances,COMMERCIAL LANDING PERMIT-SOUTH AFRICA,Services,6CLA,
Permissions/Clearances,COMMERCIAL LANDING PERMIT-SRI LANKA,Services,6CLA,
Permissions/Clearances,COMMERCIAL LANDING PERMIT-TAPACHULA,Services,6CLA,
Permissions/Clearances,COMMERCIAL LANDING PERMIT-TOLUCA,Services,6CLA,
Permissions/Clearances,COMMERCIAL LANDING PERMIT-UNITED REPUBLIC OF TANZANIA,Services,6CLA,
Permissions/Clearances,COMMERCIAL LANDING PERMIT-UNITED REPUBLIC OF TANZANIA - ALTERNATE - RON,Services,6CLA,
Permissions/Clearances,COMMERCIAL LANDING PERMIT-ZAMBIA,Services,6CLA,
Permissions/Clearances,COMMERCIAL LANDING PERMIT-ZIMBABWE,Services,6CLA,
Permissions/Clearances,DEPARTURE PERMITS-ANGOLA,Services,6DEPP,
Permissions/Clearances,DEPARTURE PERMITS-INDONESIA,Services,6DEPP,
Permissions/Clearances,DEPARTURE PERMITS-MALTA,Services,6DEPP,
Permissions/Clearances,DEPARTURE PERMITS-SENEGAL,Services,6DEPP,
Permissions/Clearances,DEPARTURE PERMITS-SOUTH AFRICA,Services,6DEPP,
Permissions/Clearances,LANDING COORDINATION-MEXICO-CHARTER-MEXICO,Services,1RLP,
Permissions/Clearances,LANDING PERMIT COORDINATION,Services,1RLP,
Permissions/Clearances,LANDING PERMIT COORDINATION -MEXICO-CHARTER-MEXICO,Services,1RLP,
Permissions/Clearances,LANDING PERMIT COORDINATION -URGENT-ARUBA,Services,1LPCU,
Permissions/Clearances,LANDING PERMIT COORDINATION -URGENT-BOTSWANA,Services,1LPCU,
Permissions/Clearances,LANDING PERMIT COORDINATION -URGENT-BOTSWANA.,Services,1LPCU,
Permissions/Clearances,LANDING PERMIT COORDINATION -URGENT-CANADA,Services,1LPCU,
Permissions/Clearances,LANDING PERMIT COORDINATION -URGENT-CAYMAN ISLANDS,Services,1LPCU,
Permissions/Clearances,LANDING PERMIT COORDINATION -URGENT-MALAWI,Services,1LPCU,
Permissions/Clearances,LANDING PERMIT COORDINATION -URGENT-SENEGAL,Services,1LPCU,
Permissions/Clearances,LANDING PERMIT COORDINATION-AFGHANISTAN,Services,1RLP,
Permissions/Clearances,LANDING PERMIT COORDINATION-ALBANIA,Services,1RLP,
Permissions/Clearances,LANDING PERMIT COORDINATION-ALGERIA,Services,1RLP,
Permissions/Clearances,LANDING PERMIT COORDINATION-ALGERIA-,Services,1RLP,
Permissions/Clearances,LANDING PERMIT COORDINATION-ALGERIA.,Services,1RLP,
Permissions/Clearances,LANDING PERMIT COORDINATION-ANGOLA,Services,1RLP,
Permissions/Clearances,LANDING PERMIT COORDINATION-ANGOLA-,Services,1RLP,
Permissions/Clearances,LANDING PERMIT COORDINATION-ANGOLA.,Services,1RLP,
Permissions/Clearances,LANDING PERMIT COORDINATION-ANGUILLA,Services,1RLP,
Permissions/Clearances,LANDING PERMIT COORDINATION-ARMENIA,Services,1RLP,
Permissions/Clearances,LANDING PERMIT COORDINATION-ARUBA,Services,1RLP,
Permissions/Clearances,LANDING PERMIT COORDINATION-AUSTRALIA,Services,1RLP,
Permissions/Clearances,LANDING PERMIT COORDINATION-AZERBAIJAN,Services,1RLP,
Permissions/Clearances,LANDING PERMIT COORDINATION-AZERBAIJAN-,Services,1RLP,
Permissions/Clearances,LANDING PERMIT COORDINATION-BANGLADESH,Services,1RLP,
Permissions/Clearances,LANDING PERMIT COORDINATION-BARBADOS,Services,1RLP,
Permissions/Clearances,LANDING PERMIT COORDINATION-BELARUS,Services,1RLP,
Permissions/Clearances,LANDING PERMIT COORDINATION-BELIZE,Services,1RLP,
Permissions/Clearances,LANDING PERMIT COORDINATION-BENIN,Services,1RLP,
Permissions/Clearances,LANDING PERMIT COORDINATION-BOTSWANA,Services,1RLP,
Permissions/Clearances,LANDING PERMIT COORDINATION-BRAZIL,Services,1RLP,
Permissions/Clearances,LANDING PERMIT COORDINATION-BURKINA FASO,Services,1RLP,
Permissions/Clearances,LANDING PERMIT COORDINATION-BURKINA FASO.,Services,1RLP,
Permissions/Clearances,LANDING PERMIT COORDINATION-CAMBODIA,Services,1RLP,
Permissions/Clearances,LANDING PERMIT COORDINATION-CAMEROON,Services,1RLP,
Permissions/Clearances,LANDING PERMIT COORDINATION-CANADA,Services,1RLP,
Permissions/Clearances,LANDING PERMIT COORDINATION-CHILE,Services,1RLP,
Permissions/Clearances,LANDING PERMIT COORDINATION-CHINA,Services,1RLP,
Permissions/Clearances,LANDING PERMIT COORDINATION-CONGO,Services,1RLP,
Permissions/Clearances,LANDING PERMIT COORDINATION-CONGO.,Services,1RLP,
Permissions/Clearances,LANDING PERMIT COORDINATION-COSTA RICA,Services,1RLP,
Permissions/Clearances,LANDING PERMIT COORDINATION-COTE D'IVOIRE,Services,1RLP,
Permissions/Clearances,LANDING PERMIT COORDINATION-COTE D'IVOIRE.,Services,1RLP,
Permissions/Clearances,LANDING PERMIT COORDINATION-CYPRUS,Services,1RLP,
Permissions/Clearances,LANDING PERMIT COORDINATION-DEMOCRATIC REPUBLIC OF THE CONGO,Services,1RLP,
Permissions/Clearances,LANDING PERMIT COORDINATION-DOMINICAN REPUBLIC,Services,1RLP,
Permissions/Clearances,LANDING PERMIT COORDINATION-ECUADOR,Services,1RLP,
Permissions/Clearances,LANDING PERMIT COORDINATION-EGYPT,Services,1RLP,
Permissions/Clearances,LANDING PERMIT COORDINATION-EGYPT.,Services,1RLP,
Permissions/Clearances,LANDING PERMIT COORDINATION-ETHIOPIA.,Services,1RLP,
Permissions/Clearances,LANDING PERMIT COORDINATION-FRANCE,Services,1RLP,
Permissions/Clearances,LANDING PERMIT COORDINATION-FRENCH POLYNESIA,Services,1RLP,
Permissions/Clearances,LANDING PERMIT COORDINATION-GABON,Services,1RLP,
Permissions/Clearances,LANDING PERMIT COORDINATION-GERMANY,Services,1RLP,
Permissions/Clearances,LANDING PERMIT COORDINATION-GHANA,Services,1RLP,
Permissions/Clearances,LANDING PERMIT COORDINATION-GHANA.,Services,1RLP,
Permissions/Clearances,LANDING PERMIT COORDINATION-GUAM,Services,1RLP,
Permissions/Clearances,LANDING PERMIT COORDINATION-GUATEMALA,Services,1RLP,
Permissions/Clearances,LANDING PERMIT COORDINATION-GUINEA,Services,1RLP,
Permissions/Clearances,LANDING PERMIT COORDINATION-HAITI,Services,1RLP,
Permissions/Clearances,LANDING PERMIT COORDINATION-HONDURAS,Services,1RLP,
Permissions/Clearances,LANDING PERMIT COORDINATION-HONG KONG,Services,1RLP,
Permissions/Clearances,LANDING PERMIT COORDINATION-INDIA,Services,1RLP,
Permissions/Clearances,LANDING PERMIT COORDINATION-INDIA-,Services,1RLP,
Permissions/Clearances,LANDING PERMIT COORDINATION-INDIA.,Services,1RLP,
Permissions/Clearances,LANDING PERMIT COORDINATION-INDONESIA,Services,1RLP,
Permissions/Clearances,LANDING PERMIT COORDINATION-INDONESIA.,Services,1RLP,
Permissions/Clearances,LANDING PERMIT COORDINATION-IRAQ,Services,1RLP,
Permissions/Clearances,LANDING PERMIT COORDINATION-IRELAND,Services,1RLP,
Permissions/Clearances,LANDING PERMIT COORDINATION-ISRAEL,Services,1RLP,
Permissions/Clearances,LANDING PERMIT COORDINATION-ITALY,Services,1RLP,
Permissions/Clearances,LANDING PERMIT COORDINATION-IVORY COAST,Services,1RLP,
Permissions/Clearances,LANDING PERMIT COORDINATION-IVORY COAST.,Services,1RLP,
Permissions/Clearances,LANDING PERMIT COORDINATION-JAMAICA,Services,1RLP,
Permissions/Clearances,LANDING PERMIT COORDINATION-JAPAN,Services,1RLP,
Permissions/Clearances,LANDING PERMIT COORDINATION-JORDAN,Services,1RLP,
Permissions/Clearances,LANDING PERMIT COORDINATION-KAZAKHSTAN.,Services,1RLP,
Permissions/Clearances,LANDING PERMIT COORDINATION-KENYA,Services,1RLP,
Permissions/Clearances,LANDING PERMIT COORDINATION-KENYA-,Services,1RLP,
Permissions/Clearances,LANDING PERMIT COORDINATION-KENYA.,Services,1RLP,
Permissions/Clearances,LANDING PERMIT COORDINATION-LESOTHO,Services,1RLP,
Permissions/Clearances,LANDING PERMIT COORDINATION-LIBERIA,Services,1RLP,
Permissions/Clearances,LANDING PERMIT COORDINATION-MADAGASCAR,Services,1RLP,
Permissions/Clearances,LANDING PERMIT COORDINATION-MALAWI,Services,1RLP,
Permissions/Clearances,LANDING PERMIT COORDINATION-MALAWI-,Services,1RLP,
Permissions/Clearances,LANDING PERMIT COORDINATION-MALAWI.,Services,1RLP,
Permissions/Clearances,LANDING PERMIT COORDINATION-MALAYSIA,Services,1RLP,
Permissions/Clearances,LANDING PERMIT COORDINATION-MALDIVES,Services,1RLP,
Permissions/Clearances,LANDING PERMIT COORDINATION-MALI,Services,1RLP,
Permissions/Clearances,LANDING PERMIT COORDINATION-MALI.,Services,1RLP,
Permissions/Clearances,LANDING PERMIT COORDINATION-MALTA,Services,1RLP,
Permissions/Clearances,LANDING PERMIT COORDINATION-MARSHALL ISLANDS,Services,1RLP,
Permissions/Clearances,LANDING PERMIT COORDINATION-MAURITANIA,Services,1RLP,
Permissions/Clearances,LANDING PERMIT COORDINATION-MAURITIUS,Services,1RLP,
Permissions/Clearances,LANDING PERMIT COORDINATION-MEXICIO,Services,1RLP,
Permissions/Clearances,LANDING PERMIT COORDINATION-MOROCCO,Services,1RLP,
Permissions/Clearances,LANDING PERMIT COORDINATION-MOROCCO.,Services,1RLP,
Permissions/Clearances,LANDING PERMIT COORDINATION-MORROCCO.,Services,1RLP,
Permissions/Clearances,LANDING PERMIT COORDINATION-MOZAMBIQUE,Services,1RLP,
Permissions/Clearances,LANDING PERMIT COORDINATION-MOZAMBIQUE - MILITARY APPROVAL,Services,1RLP,
Permissions/Clearances,LANDING PERMIT COORDINATION-MYANMAR,Services,1RLP,
Permissions/Clearances,LANDING PERMIT COORDINATION-NAMIBIA,Services,1RLP,
Permissions/Clearances,LANDING PERMIT COORDINATION-NAMIBIA-,Services,1RLP,
Permissions/Clearances,LANDING PERMIT COORDINATION-NEW ZEALAND,Services,1RLP,
Permissions/Clearances,LANDING PERMIT COORDINATION-NIGER,Services,1RLP,
Permissions/Clearances,LANDING PERMIT COORDINATION-NIGERIA,Services,1RLP,
Permissions/Clearances,LANDING PERMIT COORDINATION-NORTHERN MARIANA ISLANDS,Services,1RLP,
Permissions/Clearances,LANDING PERMIT COORDINATION-NORWAY,Services,1RLP,
Permissions/Clearances,LANDING PERMIT COORDINATION-OMAN,Services,1RLP,
Permissions/Clearances,LANDING PERMIT COORDINATION-OMAN.,Services,1RLP,
Permissions/Clearances,LANDING PERMIT COORDINATION-PALAU,Services,1RLP,
Permissions/Clearances,LANDING PERMIT COORDINATION-PANAMA,Services,1RLP,
Permissions/Clearances,LANDING PERMIT COORDINATION-PAPUA NEW GUINEA,Services,1RLP,
Permissions/Clearances,LANDING PERMIT COORDINATION-PERU,Services,1RLP,
Permissions/Clearances,LANDING PERMIT COORDINATION-PHILIPPINES,Services,1RLP,
Permissions/Clearances,LANDING PERMIT COORDINATION-PORTUGAL,Services,1RLP,
Permissions/Clearances,LANDING PERMIT COORDINATION-REPUBLIC OF KOREA,Services,1RLP,
Permissions/Clearances,LANDING PERMIT COORDINATION-REPUBLIC OF MOLDOVA,Services,1RLP,
Permissions/Clearances,LANDING PERMIT COORDINATION-REVISION,Services,1RLP,
Permissions/Clearances,LANDING PERMIT COORDINATION-REVISION-ALGERIA,Services,1RLP,
Permissions/Clearances,LANDING PERMIT COORDINATION-REVISION-ANGOLA,Services,1RLP,
Permissions/Clearances,LANDING PERMIT COORDINATION-REVISION-ANGOLA-,Services,1RLP,
Permissions/Clearances,LANDING PERMIT COORDINATION-REVISION-BAHAMAS,Services,1RLP,
Permissions/Clearances,LANDING PERMIT COORDINATION-REVISION-BARBADOS,Services,1RLP,
Permissions/Clearances,LANDING PERMIT COORDINATION-REVISION-BOTSWANA,Services,1RLP,
Permissions/Clearances,LANDING PERMIT COORDINATION-REVISION-BURKINA FASO.,Services,1RLP,
Permissions/Clearances,LANDING PERMIT COORDINATION-REVISION-CAYMAN ISLANDS,Services,1RLP,
Permissions/Clearances,LANDING PERMIT COORDINATION-REVISION-FRENCH POLYNESIA,Services,1RLP,
Permissions/Clearances,LANDING PERMIT COORDINATION-REVISION-GHANA-,Services,1RLP,
Permissions/Clearances,LANDING PERMIT COORDINATION-REVISION-GHANA.,Services,1RLP,
Permissions/Clearances,LANDING PERMIT COORDINATION-REVISION-GUINEA,Services,1RLP,
Permissions/Clearances,LANDING PERMIT COORDINATION-REVISION-KENYA-,Services,1RLP,
Permissions/Clearances,LANDING PERMIT COORDINATION-REVISION-MALI-,Services,1RLP,
Permissions/Clearances,LANDING PERMIT COORDINATION-REVISION-MALI.,Services,1RLP,
Permissions/Clearances,LANDING PERMIT COORDINATION-REVISION-MOZAMBIQUE,Services,1RLP,
Permissions/Clearances,LANDING PERMIT COORDINATION-REVISION-NAMIBIA,Services,1RLP,
Permissions/Clearances,LANDING PERMIT COORDINATION-REVISION-NAMIBIA-,Services,1RLP,
Permissions/Clearances,LANDING PERMIT COORDINATION-REVISION-NETHERLANDS ANTILLES,Services,1RLP,
Permissions/Clearances,LANDING PERMIT COORDINATION-REVISION-RWANDA.,Services,1RLP,
Permissions/Clearances,LANDING PERMIT COORDINATION-REVISION-SOUTH SUDAN,Services,1RLP,
Permissions/Clearances,LANDING PERMIT COORDINATION-REVISION-TURKS AND CAICOS ISLANDS,Services,1RLP,
Permissions/Clearances,LANDING PERMIT COORDINATION-REVISION-UGANDA.,Services,1RLP,
Permissions/Clearances,LANDING PERMIT COORDINATION-REVISION-UNITED REPUBLIC OF TANZANIA-,Services,1RLP,
Permissions/Clearances,LANDING PERMIT COORDINATION-REVISION-ZAMBIA,Services,1RLP,
Permissions/Clearances,LANDING PERMIT COORDINATION-REVISION-ZAMBIA-,Services,1RLP,
Permissions/Clearances,LANDING PERMIT COORDINATION-REVISION-ZIMBABWE,Services,1RLP,
Permissions/Clearances,LANDING PERMIT COORDINATION-REVISION-ZIMBABWE-,Services,1RLP,
Permissions/Clearances,LANDING PERMIT COORDINATION-RUSSIAN FEDERATION,Services,1RLP,
Permissions/Clearances,LANDING PERMIT COORDINATION-RWANDA,Services,1RLP,
Permissions/Clearances,LANDING PERMIT COORDINATION-RWANDA-,Services,1RLP,
Permissions/Clearances,LANDING PERMIT COORDINATION-RWANDA.,Services,1RLP,
Permissions/Clearances,LANDING PERMIT COORDINATION-SAINT KITTS AND NEVIS,Services,1RLP,
Permissions/Clearances,LANDING PERMIT COORDINATION-SAO TOME AND PRINCIPE,Services,1RLP,
Permissions/Clearances,LANDING PERMIT COORDINATION-SAUDI ARABIA,Services,1RLP,
Permissions/Clearances,LANDING PERMIT COORDINATION-SENEGAL,Services,1RLP,
Permissions/Clearances,LANDING PERMIT COORDINATION-SENEGAL.,Services,1RLP,
Permissions/Clearances,LANDING PERMIT COORDINATION-SEYCHELLES,Services,1RLP,
Permissions/Clearances,LANDING PERMIT COORDINATION-SIERRA LEONE,Services,1RLP,
Permissions/Clearances,LANDING PERMIT COORDINATION-SLOVENIA,Services,1RLP,
Permissions/Clearances,LANDING PERMIT COORDINATION-SOLOMON ISLANDS,Services,1RLP,
Permissions/Clearances,LANDING PERMIT COORDINATION-SOUTH AFRICA,Services,1RLP,
Permissions/Clearances,LANDING PERMIT COORDINATION-SOUTH SUDAN,Services,1RLP,
Permissions/Clearances,LANDING PERMIT COORDINATION-SPAIN,Services,1RLP,
Permissions/Clearances,LANDING PERMIT COORDINATION-SRI LANKA,Services,1RLP,
Permissions/Clearances,LANDING PERMIT COORDINATION-SUDAN,Services,1RLP,
Permissions/Clearances,LANDING PERMIT COORDINATION-SWITZERLAND,Services,1RLP,
Permissions/Clearances,LANDING PERMIT COORDINATION-SWITZERLAND.,Services,1RLP,
Permissions/Clearances,LANDING PERMIT COORDINATION-TAIWAN PROVINCE OF CHINA,Services,1RLP,
Permissions/Clearances,LANDING PERMIT COORDINATION-THAILAND,Services,1RLP,
Permissions/Clearances,LANDING PERMIT COORDINATION-TUNISIA,Services,1RLP,
Permissions/Clearances,LANDING PERMIT COORDINATION-TURKEY,Services,1RLP,
Permissions/Clearances,LANDING PERMIT COORDINATION-TURKS AND CAICOS ISLANDS,Services,1RLP,
Permissions/Clearances,LANDING PERMIT COORDINATION-UAE,Services,1RLP,
Permissions/Clearances,LANDING PERMIT COORDINATION-UGANDA,Services,1RLP,
Permissions/Clearances,LANDING PERMIT COORDINATION-UGANDA.,Services,1RLP,
Permissions/Clearances,LANDING PERMIT COORDINATION-UKRAINE,Services,1RLP,
Permissions/Clearances,LANDING PERMIT COORDINATION-UNITED ARAB EMIRATES,Services,1RLP,
Permissions/Clearances,LANDING PERMIT COORDINATION-UNITED ARAB EMIRATES.,Services,1RLP,
Permissions/Clearances,LANDING PERMIT COORDINATION-UNITED KINGDOM,Services,1RLP,
Permissions/Clearances,LANDING PERMIT COORDINATION-UNITED REPUBLIC OF TANZANIA,Services,1RLP,
Permissions/Clearances,LANDING PERMIT COORDINATION-UNITED REPUBLIC OF TANZANIA-,Services,1RLP,
Permissions/Clearances,LANDING PERMIT COORDINATION-UNITED REPUBLIC OF TANZANIA.,Services,1RLP,
Permissions/Clearances,LANDING PERMIT COORDINATION-UNITED STATES,Services,1RLP,
Permissions/Clearances,LANDING PERMIT COORDINATION-URGENT,Services,1LPCU,
Permissions/Clearances,LANDING PERMIT COORDINATION-URGENT-ALBANIA,Services,1LPCU,
Permissions/Clearances,LANDING PERMIT COORDINATION-URGENT-ALGERIA,Services,1LPCU,
Permissions/Clearances,LANDING PERMIT COORDINATION-URGENT-ANGOLA,Services,1LPCU,
Permissions/Clearances,LANDING PERMIT COORDINATION-URGENT-ANGOLA-,Services,1LPCU,
Permissions/Clearances,LANDING PERMIT COORDINATION-URGENT-ANGUILLA,Services,1LPCU,
Permissions/Clearances,LANDING PERMIT COORDINATION-URGENT-ARUBA,Services,1LPCU,
Permissions/Clearances,LANDING PERMIT COORDINATION-URGENT-AUSTRALIA,Services,1LPCU,
Permissions/Clearances,LANDING PERMIT COORDINATION-URGENT-BAHAMAS,Services,1LPCU,
Permissions/Clearances,LANDING PERMIT COORDINATION-URGENT-BAHRAIN,Services,1LPCU,
Permissions/Clearances,LANDING PERMIT COORDINATION-URGENT-BARBADOS,Services,1LPCU,
Permissions/Clearances,LANDING PERMIT COORDINATION-URGENT-BELIZE,Services,1LPCU,
Permissions/Clearances,LANDING PERMIT COORDINATION-URGENT-BOLIVIA,Services,1LPCU,
Permissions/Clearances,LANDING PERMIT COORDINATION-URGENT-BOTSWANA,Services,1LPCU,
Permissions/Clearances,LANDING PERMIT COORDINATION-URGENT-BRAZIL,Services,1LPCU,
Permissions/Clearances,LANDING PERMIT COORDINATION-URGENT-BRITISH INDIAN OCEAN TERRITORY,Services,1LPCU,
Permissions/Clearances,LANDING PERMIT COORDINATION-URGENT-BURKINA FASO,Services,1LPCU,
Permissions/Clearances,LANDING PERMIT COORDINATION-URGENT-CANADA,Services,1LPCU,
Permissions/Clearances,LANDING PERMIT COORDINATION-URGENT-CAPE VERDE,Services,1LPCU,
Permissions/Clearances,LANDING PERMIT COORDINATION-URGENT-CAYMAN ISLANDS,Services,1LPCU,
Permissions/Clearances,LANDING PERMIT COORDINATION-URGENT-CHILE,Services,1LPCU,
Permissions/Clearances,LANDING PERMIT COORDINATION-URGENT-CHINA,Services,1LPCU,
Permissions/Clearances,LANDING PERMIT COORDINATION-URGENT-COLOMBIA,Services,1LPCU,
Permissions/Clearances,LANDING PERMIT COORDINATION-URGENT-CONGO,Services,1LPCU,
Permissions/Clearances,LANDING PERMIT COORDINATION-URGENT-CONGO-,Services,1LPCU,
Permissions/Clearances,LANDING PERMIT COORDINATION-URGENT-COTE D'IVOIRE,Services,1LPCU,
Permissions/Clearances,LANDING PERMIT COORDINATION-URGENT-COTE D'IVOIRE.,Services,1LPCU,
Permissions/Clearances,LANDING PERMIT COORDINATION-URGENT-CYPRUS,Services,1LPCU,
Permissions/Clearances,LANDING PERMIT COORDINATION-URGENT-DOMINICAN REPUBLIC,Services,1LPCU,
Permissions/Clearances,LANDING PERMIT COORDINATION-URGENT-ECUADOR,Services,1LPCU,
Permissions/Clearances,LANDING PERMIT COORDINATION-URGENT-EGYPT,Services,1LPCU,
Permissions/Clearances,LANDING PERMIT COORDINATION-URGENT-ETHIOPIA,Services,1LPCU,
Permissions/Clearances,LANDING PERMIT COORDINATION-URGENT-FRANCE,Services,1LPCU,
Permissions/Clearances,LANDING PERMIT COORDINATION-URGENT-GABON,Services,1LPCU,
Permissions/Clearances,LANDING PERMIT COORDINATION-URGENT-GEORGIA.,Services,1LPCU,
Permissions/Clearances,LANDING PERMIT COORDINATION-URGENT-GHANA,Services,1LPCU,
Permissions/Clearances,LANDING PERMIT COORDINATION-URGENT-GHANA-,Services,1LPCU,
Permissions/Clearances,LANDING PERMIT COORDINATION-URGENT-GRENADA,Services,1LPCU,
Permissions/Clearances,LANDING PERMIT COORDINATION-URGENT-GUAM,Services,1LPCU,
Permissions/Clearances,LANDING PERMIT COORDINATION-URGENT-GUATEMALA,Services,1LPCU,
Permissions/Clearances,LANDING PERMIT COORDINATION-URGENT-GUINEA,Services,1LPCU,
Permissions/Clearances,LANDING PERMIT COORDINATION-URGENT-GUINEA-BISSAU,Services,1LPCU,
Permissions/Clearances,LANDING PERMIT COORDINATION-URGENT-GUYANA,Services,1LPCU,
Permissions/Clearances,LANDING PERMIT COORDINATION-URGENT-HAITI,Services,1LPCU,
Permissions/Clearances,LANDING PERMIT COORDINATION-URGENT-HONDURAS,Services,1LPCU,
Permissions/Clearances,LANDING PERMIT COORDINATION-URGENT-HONG KONG,Services,1LPCU,
Permissions/Clearances,LANDING PERMIT COORDINATION-URGENT-HONG KONG.,Services,1LPCU,
Permissions/Clearances,LANDING PERMIT COORDINATION-URGENT-INDIA,Services,1LPCU,
Permissions/Clearances,LANDING PERMIT COORDINATION-URGENT-ISRAEL,Services,1LPCU,
Permissions/Clearances,LANDING PERMIT COORDINATION-URGENT-ITALY,Services,1LPCU,
Permissions/Clearances,LANDING PERMIT COORDINATION-URGENT-JAMAICA,Services,1LPCU,
Permissions/Clearances,LANDING PERMIT COORDINATION-URGENT-JAPAN,Services,1LPCU,
Permissions/Clearances,LANDING PERMIT COORDINATION-URGENT-JAPAN.,Services,1LPCU,
Permissions/Clearances,LANDING PERMIT COORDINATION-URGENT-JORDAN,Services,1LPCU,
Permissions/Clearances,LANDING PERMIT COORDINATION-URGENT-KAZAKHSTAN,Services,1LPCU,
Permissions/Clearances,LANDING PERMIT COORDINATION-URGENT-KAZAKHSTAN.,Services,1LPCU,
Permissions/Clearances,LANDING PERMIT COORDINATION-URGENT-KENYA,Services,1LPCU,
Permissions/Clearances,LANDING PERMIT COORDINATION-URGENT-KUWAIT,Services,1LPCU,
Permissions/Clearances,LANDING PERMIT COORDINATION-URGENT-LATVIA,Services,1LPCU,
Permissions/Clearances,LANDING PERMIT COORDINATION-URGENT-LESOTHO,Services,1LPCU,
Permissions/Clearances,LANDING PERMIT COORDINATION-URGENT-MADAGASCAR,Services,1LPCU,
Permissions/Clearances,LANDING PERMIT COORDINATION-URGENT-MALAWI,Services,1LPCU,
Permissions/Clearances,LANDING PERMIT COORDINATION-URGENT-MALAWI-,Services,1LPCU,
Permissions/Clearances,LANDING PERMIT COORDINATION-URGENT-MALAYSIA,Services,1LPCU,
Permissions/Clearances,LANDING PERMIT COORDINATION-URGENT-MALDIVES,Services,1LPCU,
Permissions/Clearances,LANDING PERMIT COORDINATION-URGENT-MALI-,Services,1LPCU,
Permissions/Clearances,LANDING PERMIT COORDINATION-URGENT-MALTA,Services,1LPCU,
Permissions/Clearances,LANDING PERMIT COORDINATION-URGENT-MARSHALL ISLANDS,Services,1LPCU,
Permissions/Clearances,LANDING PERMIT COORDINATION-URGENT-MARTINIQUE,Services,1LPCU,
Permissions/Clearances,LANDING PERMIT COORDINATION-URGENT-MAURITIUS,Services,1LPCU,
Permissions/Clearances,LANDING PERMIT COORDINATION-URGENT-MOROCCO,Services,1LPCU,
Permissions/Clearances,LANDING PERMIT COORDINATION-URGENT-MOZAMBIQUE,Services,1LPCU,
Permissions/Clearances,LANDING PERMIT COORDINATION-URGENT-NAMIBIA,Services,1LPCU,
Permissions/Clearances,LANDING PERMIT COORDINATION-URGENT-NETHERLANDS ANTILLES,Services,1LPCU,
Permissions/Clearances,LANDING PERMIT COORDINATION-URGENT-NEW ZEALAND,Services,1LPCU,
Permissions/Clearances,LANDING PERMIT COORDINATION-URGENT-NIGER,Services,1LPCU,
Permissions/Clearances,LANDING PERMIT COORDINATION-URGENT-NIGERIA,Services,1LPCU,
Permissions/Clearances,LANDING PERMIT COORDINATION-URGENT-NORWAY,Services,1LPCU,
Permissions/Clearances,LANDING PERMIT COORDINATION-URGENT-PALAU,Services,1LPCU,
Permissions/Clearances,LANDING PERMIT COORDINATION-URGENT-PAPUA NEW GUINEA,Services,1LPCU,
Permissions/Clearances,LANDING PERMIT COORDINATION-URGENT-PARAGUAY,Services,1LPCU,
Permissions/Clearances,LANDING PERMIT COORDINATION-URGENT-PERU,Services,1LPCU,
Permissions/Clearances,LANDING PERMIT COORDINATION-URGENT-PHILIPPINES,Services,1LPCU,
Permissions/Clearances,LANDING PERMIT COORDINATION-URGENT-POLAND,Services,1LPCU,
Permissions/Clearances,LANDING PERMIT COORDINATION-URGENT-PORTUGAL,Services,1LPCU,
Permissions/Clearances,LANDING PERMIT COORDINATION-URGENT-QATAR,Services,1LPCU,
Permissions/Clearances,LANDING PERMIT COORDINATION-URGENT-REPUBLIC OF KOREA,Services,1LPCU,
Permissions/Clearances,LANDING PERMIT COORDINATION-URGENT-REPUBLIC OF MOLDOVA,Services,1LPCU,
Permissions/Clearances,LANDING PERMIT COORDINATION-URGENT-RWANDA,Services,1LPCU,
Permissions/Clearances,LANDING PERMIT COORDINATION-URGENT-SAINT LUCIA,Services,1LPCU,
Permissions/Clearances,LANDING PERMIT COORDINATION-URGENT-SAINT VINCENT AND THE GRENADINES,Services,1LPCU,
Permissions/Clearances,LANDING PERMIT COORDINATION-URGENT-SAO TOME AND PRINCIPE,Services,1LPCU,
Permissions/Clearances,LANDING PERMIT COORDINATION-URGENT-SAUDI ARABIA,Services,1LPCU,
Permissions/Clearances,LANDING PERMIT COORDINATION-URGENT-SENEGAL,Services,1LPCU,
Permissions/Clearances,LANDING PERMIT COORDINATION-URGENT-SEYCHELLES,Services,1LPCU,
Permissions/Clearances,LANDING PERMIT COORDINATION-URGENT-SOLOMON ISLANDS,Services,1LPCU,
Permissions/Clearances,LANDING PERMIT COORDINATION-URGENT-SOUTH AFRICA,Services,1LPCU,
Permissions/Clearances,LANDING PERMIT COORDINATION-URGENT-SPAIN,Services,1LPCU,
Permissions/Clearances,LANDING PERMIT COORDINATION-URGENT-SRI LANKA,Services,1LPCU,
Permissions/Clearances,LANDING PERMIT COORDINATION-URGENT-SURINAME,Services,1LPCU,
Permissions/Clearances,LANDING PERMIT COORDINATION-URGENT-SWEDEN,Services,1LPCU,
Permissions/Clearances,LANDING PERMIT COORDINATION-URGENT-TAIWAN PROVINCE OF CHINA,Services,1LPCU,
Permissions/Clearances,LANDING PERMIT COORDINATION-URGENT-TAIWAN PROVINCE OF CHINA.,Services,1LPCU,
Permissions/Clearances,LANDING PERMIT COORDINATION-URGENT-TRINIDAD AND TOBAGO,Services,1LPCU,
Permissions/Clearances,LANDING PERMIT COORDINATION-URGENT-TURKS AND CAICOS ISLANDS,Services,1LPCU,
Permissions/Clearances,LANDING PERMIT COORDINATION-URGENT-UKRAINE,Services,1LPCU,
Permissions/Clearances,LANDING PERMIT COORDINATION-URGENT-UNITED ARAB EMIRATES,Services,1LPCU,
Permissions/Clearances,LANDING PERMIT COORDINATION-URGENT-UNITED REPUBLIC OF TANZANIA,Services,1LPCU,
Permissions/Clearances,LANDING PERMIT COORDINATION-URGENT-UNITED REPUBLIC OF TANZANIA-,Services,1LPCU,
Permissions/Clearances,LANDING PERMIT COORDINATION-URGENT-ZAMBIA,Services,1LPCU,
Permissions/Clearances,LANDING PERMIT COORDINATION-URGENT-ZIMBABWE,Services,1LPCU,
Permissions/Clearances,LANDING PERMIT COORDINATION-URGENT-ZIMBABWE.,Services,1LPCU,
Permissions/Clearances,LANDING PERMIT COORDINATION-URUGUAY,Services,1RLP,
Permissions/Clearances,LANDING PERMIT COORDINATION-UZBEKISTAN,Services,1RLP,
Permissions/Clearances,LANDING PERMIT COORDINATION-VIETNAM,Services,1RLP,
Permissions/Clearances,LANDING PERMIT COORDINATION-ZAMBIA,Services,1RLP,
Permissions/Clearances,LANDING PERMIT COORDINATION-ZAMBIA-,Services,1RLP,
Permissions/Clearances,LANDING PERMIT COORDINATION-ZIMBABWE,Services,1RLP,
Permissions/Clearances,LANDING PERMIT COORDINATION-ZIMBABWE-,Services,1RLP,
Permissions/Clearances,LANDING PERMIT COORDINATION-ZIMBABWE.,Services,1RLP,
Permissions/Clearances,ONEWAY OVERFLIGHT COORDINATION-CUBA-BLOCK PERMIT #0625 EXPIRES 2/29/2019,Services,1CLJ,
Permissions/Clearances,ONEWAY OVERFLIGHT COORDINATION-CUBA-BLOCK PERMIT #0664 EXPIRES 2/29/2019,Services,1CLJ,
Permissions/Clearances,ONEWAY OVERFLIGHT COORDINATION-CUBA-BLOCK PERMIT #0667 EXPIRES 2/29/2019,Services,1CLJ,
Permissions/Clearances,ONEWAY OVERFLIGHT COORDINATION-CUBA-BLOCK PERMIT #0668 EXPIRES 2/29/2020,Services,1CLJ,
Permissions/Clearances,OVER-FLIGHT PERMIT COORDINATION-URGENT-AFGHANISTAN,Services,1OFPCU,
Permissions/Clearances,OVER-FLIGHT PERMIT COORDINATION-URGENT-ALGERIA,Services,1OFPCU,
Permissions/Clearances,OVER-FLIGHT PERMIT COORDINATION-URGENT-ANGOLA,Services,1OFPCU,
Permissions/Clearances,OVER-FLIGHT PERMIT COORDINATION-URGENT-ARUBA,Services,1OFPCU,
Permissions/Clearances,OVER-FLIGHT PERMIT COORDINATION-URGENT-BAHRAIN,Services,1OFPCU,
Permissions/Clearances,OVER-FLIGHT PERMIT COORDINATION-URGENT-BELARUS,Services,1OFPCU,
Permissions/Clearances,OVER-FLIGHT PERMIT COORDINATION-URGENT-BELARUS.,Services,1OFPCU,
Permissions/Clearances,OVER-FLIGHT PERMIT COORDINATION-URGENT-BELIZE,Services,1OFPCU,
Permissions/Clearances,OVER-FLIGHT PERMIT COORDINATION-URGENT-BENIN,Services,1OFPCU,
Permissions/Clearances,OVER-FLIGHT PERMIT COORDINATION-URGENT-BOLIVIA,Services,1OFPCU,
Permissions/Clearances,OVER-FLIGHT PERMIT COORDINATION-URGENT-BOTSWANA,Services,1OFPCU,
Permissions/Clearances,OVER-FLIGHT PERMIT COORDINATION-URGENT-BOTSWANA.,Services,1OFPCU,
Permissions/Clearances,OVER-FLIGHT PERMIT COORDINATION-URGENT-BRAZIL,Services,1OFPCU,
Permissions/Clearances,OVER-FLIGHT PERMIT COORDINATION-URGENT-BURKINA FASO,Services,1OFPCU,
Permissions/Clearances,OVER-FLIGHT PERMIT COORDINATION-URGENT-BURKINA FASO-,Services,1OFPCU,
Permissions/Clearances,OVER-FLIGHT PERMIT COORDINATION-URGENT-BURUNDI,Services,1OFPCU,
Permissions/Clearances,OVER-FLIGHT PERMIT COORDINATION-URGENT-CAMEROON,Services,1OFPCU,
Permissions/Clearances,OVER-FLIGHT PERMIT COORDINATION-URGENT-CAPE VERDE,Services,1OFPCU,
Permissions/Clearances,OVER-FLIGHT PERMIT COORDINATION-URGENT-CENAMER,Services,1OFPCU,
Permissions/Clearances,OVER-FLIGHT PERMIT COORDINATION-URGENT-CENTRAL AFRICAN REPUBLIC,Services,1OFPCU,
Permissions/Clearances,OVER-FLIGHT PERMIT COORDINATION-URGENT-CHAD,Services,1OFPCU,
Permissions/Clearances,OVER-FLIGHT PERMIT COORDINATION-URGENT-CHILE,Services,1OFPCU,
Permissions/Clearances,OVER-FLIGHT PERMIT COORDINATION-URGENT-CHINA.,Services,1OFPCU,
Permissions/Clearances,OVER-FLIGHT PERMIT COORDINATION-URGENT-COLOMBIA,Services,1OFPCU,
Permissions/Clearances,OVER-FLIGHT PERMIT COORDINATION-URGENT-CONGO,Services,1OFPCU,
Permissions/Clearances,OVER-FLIGHT PERMIT COORDINATION-URGENT-COTE D'IVOIRE,Services,1OFPCU,
Permissions/Clearances,OVER-FLIGHT PERMIT COORDINATION-URGENT-COTE D'IVOIRE-,Services,1OFPCU,
Permissions/Clearances,OVER-FLIGHT PERMIT COORDINATION-URGENT-CYPRUS,Services,1OFPCU,
Permissions/Clearances,OVER-FLIGHT PERMIT COORDINATION-URGENT-CYPRUS.,Services,1OFPCU,
Permissions/Clearances,OVER-FLIGHT PERMIT COORDINATION-URGENT-DEMOCRATIC REPUBLIC OF THE CONGO,Services,1OFPCU,
Permissions/Clearances,OVER-FLIGHT PERMIT COORDINATION-URGENT-DEMOCRATIC REPUBLIC OF THE CONGO-,Services,1OFPCU,
Permissions/Clearances,OVER-FLIGHT PERMIT COORDINATION-URGENT-DJIBOUTI.,Services,1OFPCU,
Permissions/Clearances,OVER-FLIGHT PERMIT COORDINATION-URGENT-ECUADOR,Services,1OFPCU,
Permissions/Clearances,OVER-FLIGHT PERMIT COORDINATION-URGENT-EGYPT,Services,1OFPCU,
Permissions/Clearances,OVER-FLIGHT PERMIT COORDINATION-URGENT-EGYPT.,Services,1OFPCU,
Permissions/Clearances,OVER-FLIGHT PERMIT COORDINATION-URGENT-EL SALVADOR,Services,1OFPCU,
Permissions/Clearances,OVER-FLIGHT PERMIT COORDINATION-URGENT-EQUATORIAL GUINEA,Services,1OFPCU,
Permissions/Clearances,OVER-FLIGHT PERMIT COORDINATION-URGENT-FIJI,Services,1OFPCU,
Permissions/Clearances,OVER-FLIGHT PERMIT COORDINATION-URGENT-FRANCE,Services,1OFPCU,
Permissions/Clearances,OVER-FLIGHT PERMIT COORDINATION-URGENT-GABON,Services,1OFPCU,
Permissions/Clearances,OVER-FLIGHT PERMIT COORDINATION-URGENT-GHANA,Services,1OFPCU,
Permissions/Clearances,OVER-FLIGHT PERMIT COORDINATION-URGENT-GHANA-,Services,1OFPCU,
Permissions/Clearances,OVER-FLIGHT PERMIT COORDINATION-URGENT-GHANA.,Services,1OFPCU,
Permissions/Clearances,OVER-FLIGHT PERMIT COORDINATION-URGENT-GREECE,Services,1OFPCU,
Permissions/Clearances,OVER-FLIGHT PERMIT COORDINATION-URGENT-GUATEMALA,Services,1OFPCU,
Permissions/Clearances,OVER-FLIGHT PERMIT COORDINATION-URGENT-GUINEA,Services,1OFPCU,
Permissions/Clearances,OVER-FLIGHT PERMIT COORDINATION-URGENT-GUINEA-BISSAU,Services,1OFPCU,
Permissions/Clearances,OVER-FLIGHT PERMIT COORDINATION-URGENT-GUYANA,Services,1OFPCU,
Permissions/Clearances,OVER-FLIGHT PERMIT COORDINATION-URGENT-HONDURAS,Services,1OFPCU,
Permissions/Clearances,OVER-FLIGHT PERMIT COORDINATION-URGENT-INDIA,Services,1OFPCU,
Permissions/Clearances,OVER-FLIGHT PERMIT COORDINATION-URGENT-INDONESIA,Services,1OFPCU,
Permissions/Clearances,OVER-FLIGHT PERMIT COORDINATION-URGENT-ITALY,Services,1OFPCU,
Permissions/Clearances,OVER-FLIGHT PERMIT COORDINATION-URGENT-JORDAN,Services,1OFPCU,
Permissions/Clearances,OVER-FLIGHT PERMIT COORDINATION-URGENT-KAZAKHSTAN,Services,1OFPCU,
Permissions/Clearances,OVER-FLIGHT PERMIT COORDINATION-URGENT-KENYA,Services,1OFPCU,
Permissions/Clearances,OVER-FLIGHT PERMIT COORDINATION-URGENT-KENYA.,Services,1OFPCU,
Permissions/Clearances,OVER-FLIGHT PERMIT COORDINATION-URGENT-LAO PEOPLE'S DEMOCRATIC REPUBLIC,Services,1OFPCU,
Permissions/Clearances,OVER-FLIGHT PERMIT COORDINATION-URGENT-LIBERIA,Services,1OFPCU,
Permissions/Clearances,OVER-FLIGHT PERMIT COORDINATION-URGENT-MADAGASCAR,Services,1OFPCU,
Permissions/Clearances,OVER-FLIGHT PERMIT COORDINATION-URGENT-MALAWI,Services,1OFPCU,
Permissions/Clearances,OVER-FLIGHT PERMIT COORDINATION-URGENT-MALAWI.,Services,1OFPCU,
Permissions/Clearances,OVER-FLIGHT PERMIT COORDINATION-URGENT-MALAYSIA,Services,1OFPCU,
Permissions/Clearances,OVER-FLIGHT PERMIT COORDINATION-URGENT-MALAYSIA.,Services,1OFPCU,
Permissions/Clearances,OVER-FLIGHT PERMIT COORDINATION-URGENT-MALDIVES,Services,1OFPCU,
Permissions/Clearances,OVER-FLIGHT PERMIT COORDINATION-URGENT-MALI,Services,1OFPCU,
Permissions/Clearances,OVER-FLIGHT PERMIT COORDINATION-URGENT-MAURITIUS,Services,1OFPCU,
Permissions/Clearances,OVER-FLIGHT PERMIT COORDINATION-URGENT-MEXICO,Services,1OFPCU,
Permissions/Clearances,OVER-FLIGHT PERMIT COORDINATION-URGENT-MONGOLIA,Services,1OFPCU,
Permissions/Clearances,OVER-FLIGHT PERMIT COORDINATION-URGENT-MOROCCO,Services,1OFPCU,
Permissions/Clearances,OVER-FLIGHT PERMIT COORDINATION-URGENT-MOZAMBIQUE,Services,1OFPCU,
Permissions/Clearances,OVER-FLIGHT PERMIT COORDINATION-URGENT-MOZAMBIQUE.,Services,1OFPCU,
Permissions/Clearances,OVER-FLIGHT PERMIT COORDINATION-URGENT-NAMIBIA,Services,1OFPCU,
Permissions/Clearances,OVER-FLIGHT PERMIT COORDINATION-URGENT-NAMIBIA.,Services,1OFPCU,
Permissions/Clearances,OVER-FLIGHT PERMIT COORDINATION-URGENT-NETHERLANDS ANTILLES,Services,1OFPCU,
Permissions/Clearances,OVER-FLIGHT PERMIT COORDINATION-URGENT-NIGER,Services,1OFPCU,
Permissions/Clearances,OVER-FLIGHT PERMIT COORDINATION-URGENT-NIGERIA,Services,1OFPCU,
Permissions/Clearances,OVER-FLIGHT PERMIT COORDINATION-URGENT-OMAN,Services,1OFPCU,
Permissions/Clearances,OVER-FLIGHT PERMIT COORDINATION-URGENT-OMAN.,Services,1OFPCU,
Permissions/Clearances,OVER-FLIGHT PERMIT COORDINATION-URGENT-PANAMA,Services,1OFPCU,
Permissions/Clearances,OVER-FLIGHT PERMIT COORDINATION-URGENT-PARAGUAY,Services,1OFPCU,
Permissions/Clearances,OVER-FLIGHT PERMIT COORDINATION-URGENT-PERU,Services,1OFPCU,
Permissions/Clearances,OVER-FLIGHT PERMIT COORDINATION-URGENT-PHILIPPINES,Services,1OFPCU,
Permissions/Clearances,OVER-FLIGHT PERMIT COORDINATION-URGENT-REPUBLIC OF KOREA,Services,1OFPCU,
Permissions/Clearances,OVER-FLIGHT PERMIT COORDINATION-URGENT-REPUBLIC OF KOREA.,Services,1OFPCU,
Permissions/Clearances,OVER-FLIGHT PERMIT COORDINATION-URGENT-RUSSIAN FEDERATION,Services,1OFPCU,
Permissions/Clearances,OVER-FLIGHT PERMIT COORDINATION-URGENT-RUSSIAN FEDERATION.,Services,1OFPCU,
Permissions/Clearances,OVER-FLIGHT PERMIT COORDINATION-URGENT-SAO TOME AND PRINCIPE,Services,1OFPCU,
Permissions/Clearances,OVER-FLIGHT PERMIT COORDINATION-URGENT-SAUDI ARABIA,Services,1OFPCU,
Permissions/Clearances,OVER-FLIGHT PERMIT COORDINATION-URGENT-SENEGAL,Services,1OFPCU,
Permissions/Clearances,OVER-FLIGHT PERMIT COORDINATION-URGENT-SEYCHELLES,Services,1OFPCU,
Permissions/Clearances,OVER-FLIGHT PERMIT COORDINATION-URGENT-SIERRA LEONE,Services,1OFPCU,
Permissions/Clearances,OVER-FLIGHT PERMIT COORDINATION-URGENT-SOMALIA,Services,1OFPCU,
Permissions/Clearances,OVER-FLIGHT PERMIT COORDINATION-URGENT-SOMALIA.,Services,1OFPCU,
Permissions/Clearances,OVER-FLIGHT PERMIT COORDINATION-URGENT-SRI LANKA,Services,1OFPCU,
Permissions/Clearances,OVER-FLIGHT PERMIT COORDINATION-URGENT-SUDAN,Services,1OFPCU,
Permissions/Clearances,OVER-FLIGHT PERMIT COORDINATION-URGENT-SUDAN.,Services,1OFPCU,
Permissions/Clearances,OVER-FLIGHT PERMIT COORDINATION-URGENT-SURINAME,Services,1OFPCU,
Permissions/Clearances,OVER-FLIGHT PERMIT COORDINATION-URGENT-SWAZILAND,Services,1OFPCU,
Permissions/Clearances,OVER-FLIGHT PERMIT COORDINATION-URGENT-TAIWAN PROVINCE OF CHINA,Services,1OFPCU,
Permissions/Clearances,OVER-FLIGHT PERMIT COORDINATION-URGENT-TANZANIA.,Services,1OFPCU,
Permissions/Clearances,OVER-FLIGHT PERMIT COORDINATION-URGENT-TOGO,Services,1OFPCU,
Permissions/Clearances,OVER-FLIGHT PERMIT COORDINATION-URGENT-TUNISIA,Services,1OFPCU,
Permissions/Clearances,OVER-FLIGHT PERMIT COORDINATION-URGENT-TURKMENISTAN,Services,1OFPCU,
Permissions/Clearances,OVER-FLIGHT PERMIT COORDINATION-URGENT-UGANDA,Services,1OFPCU,
Permissions/Clearances,OVER-FLIGHT PERMIT COORDINATION-URGENT-UNITED REPUBLIC OF TANZANIA,Services,1OFPCU,
Permissions/Clearances,OVER-FLIGHT PERMIT COORDINATION-URGENT-UNITED REPUBLIC OF TANZANIA.,Services,1OFPCU,
Permissions/Clearances,OVER-FLIGHT PERMIT COORDINATION-URGENT-UNITED STATES,Services,1OFPCU,
Permissions/Clearances,OVER-FLIGHT PERMIT COORDINATION-URGENT-URUGUAY,Services,1OFPCU,
Permissions/Clearances,OVER-FLIGHT PERMIT COORDINATION-URGENT-VENEZUELA,Services,1OFPCU,
Permissions/Clearances,OVER-FLIGHT PERMIT COORDINATION-URGENT-VIETNAM,Services,1OFPCU,
Permissions/Clearances,OVER-FLIGHT PERMIT COORDINATION-URGENT-VIETNAM.,Services,1OFPCU,
Permissions/Clearances,OVER-FLIGHT PERMIT COORDINATION-URGENT-YEMEN,Services,1OFPCU,
Permissions/Clearances,OVER-FLIGHT PERMIT COORDINATION-URGENT-YEMEN.,Services,1OFPCU,
Permissions/Clearances,OVER-FLIGHT PERMIT COORDINATION-URGENT-ZAMBIA,Services,1OFPCU,
Permissions/Clearances,OVER-FLIGHT PERMIT COORDINATION-URGENT-ZIMBABWE,Services,1OFPCU,
Permissions/Clearances,OVER-FLIGHT PERMIT COORDINATION-URGENT-ZIMBABWE.,Services,1OFPCU,
Permissions/Clearances,OVERFLIGHT COORDINATION -SHORT NOTICE -CUBA-CUBA,Services,1SNP,
Permissions/Clearances,OVERFLIGHT COORDINATION -URGENT-MEXICO,Services,1OFPCU,
Permissions/Clearances,OVERFLIGHT COORDINATION-CENAMER,Services,1DCO,
Permissions/Clearances,OVERFLIGHT COORDINATION-NICARAGUA,Services,1DCO,
Permissions/Clearances,OVERFLIGHT COORDINATION-SHORT NOTICE-CUBA-REV-CUBA,Services,1SNP,
Permissions/Clearances,OVERFLIGHT PERMIT - REVISION-BELARUS,Services,6OF,
Permissions/Clearances,OVERFLIGHT PERMIT - REVISION-BELGIUM,Services,6OF,
Permissions/Clearances,OVERFLIGHT PERMIT - REVISION-BELIZE,Services,6OF,
Permissions/Clearances,OVERFLIGHT PERMIT - REVISION-BENIN,Services,6OF,
Permissions/Clearances,OVERFLIGHT PERMIT - REVISION-BOSNIA AND HERZEGOVINA,Services,6OF,
Permissions/Clearances,OVERFLIGHT PERMIT - REVISION-BOTSWANA,Services,6OF,
Permissions/Clearances,OVERFLIGHT PERMIT - REVISION-BULGARIA,Services,6OF,
Permissions/Clearances,OVERFLIGHT PERMIT - REVISION-CYPRUS,Services,6OF,
Permissions/Clearances,OVERFLIGHT PERMIT - REVISION-EGYPT,Services,6OF,
Permissions/Clearances,OVERFLIGHT PERMIT - REVISION-GUATEMALA,Services,6OF,
Permissions/Clearances,OVERFLIGHT PERMIT - REVISION-GUINEA-BISSAU,Services,6OF,
Permissions/Clearances,OVERFLIGHT PERMIT - REVISION-HONDURAS,Services,6OF,
Permissions/Clearances,OVERFLIGHT PERMIT - REVISION-INDIA,Services,6OF,
Permissions/Clearances,OVERFLIGHT PERMIT - REVISION-ITALY,Services,6OF,
Permissions/Clearances,OVERFLIGHT PERMIT - REVISION-KAZAKHSTAN,Services,6OF,
Permissions/Clearances,OVERFLIGHT PERMIT - REVISION-LIBERIA,Services,6OF,
Permissions/Clearances,OVERFLIGHT PERMIT - REVISION-LUXEMBOURG,Services,6OF,
Permissions/Clearances,OVERFLIGHT PERMIT - REVISION-MEXICO,Services,6OF,
Permissions/Clearances,OVERFLIGHT PERMIT - REVISION-MOZAMBIQUE,Services,6OF,
Permissions/Clearances,OVERFLIGHT PERMIT - REVISION-OMAN,Services,6OF,
Permissions/Clearances,OVERFLIGHT PERMIT - REVISION-RUSSIAN FEDERATION,Services,6OF,
Permissions/Clearances,OVERFLIGHT PERMIT - REVISION-SAUDI ARABIA,Services,6OF,
Permissions/Clearances,OVERFLIGHT PERMIT - REVISION-SENEGAL,Services,6OF,
Permissions/Clearances,OVERFLIGHT PERMIT - REVISION-SIERRA LEONE,Services,6OF,
Permissions/Clearances,OVERFLIGHT PERMIT - REVISION-THAILAND,Services,6OF,
Permissions/Clearances,OVERFLIGHT PERMIT - REVISION-TOGO,Services,6OF,
Permissions/Clearances,OVERFLIGHT PERMIT - REVISION-WESTERN SAHARA,Services,6OF,
Permissions/Clearances,OVERFLIGHT PERMIT COORDINATION,Services,1DCO,
Permissions/Clearances,OVERFLIGHT PERMIT COORDINATION -REVISIO-REPUBLIC OF KOREA,Services,1DCO,
Permissions/Clearances,OVERFLIGHT PERMIT COORDINATION -REVISIO-RUSSIAN FEDERATION,Services,1DCO,
Permissions/Clearances,OVERFLIGHT PERMIT COORDINATION -SHORT NOTICE -CUBA-CUBA,Services,1SNP,
Permissions/Clearances,OVERFLIGHT PERMIT COORDINATION-AFGHANISTAN,Services,1DCO,
Permissions/Clearances,OVERFLIGHT PERMIT COORDINATION-AFGHANISTAN-,Services,1DCO,
Permissions/Clearances,OVERFLIGHT PERMIT COORDINATION-ALGERIA,Services,1DCO,
Permissions/Clearances,OVERFLIGHT PERMIT COORDINATION-ALGERIA.,Services,1DCO,
Permissions/Clearances,OVERFLIGHT PERMIT COORDINATION-ANGOLA,Services,1DCO,
Permissions/Clearances,OVERFLIGHT PERMIT COORDINATION-ANGOLA.,Services,1DCO,
Permissions/Clearances,OVERFLIGHT PERMIT COORDINATION-BAHRAIN,Services,1DCO,
Permissions/Clearances,OVERFLIGHT PERMIT COORDINATION-BAHRAIN.,Services,1DCO,
Permissions/Clearances,OVERFLIGHT PERMIT COORDINATION-BANGLADESH,Services,1DCO,
Permissions/Clearances,OVERFLIGHT PERMIT COORDINATION-BANGLADESH-,Services,1DCO,
Permissions/Clearances,OVERFLIGHT PERMIT COORDINATION-BELARUS,Services,1DCO,
Permissions/Clearances,OVERFLIGHT PERMIT COORDINATION-BELARUS-,Services,1DCO,
Permissions/Clearances,OVERFLIGHT PERMIT COORDINATION-BELARUS.,Services,1DCO,
Permissions/Clearances,OVERFLIGHT PERMIT COORDINATION-BELIZE,Services,1DCO,
Permissions/Clearances,OVERFLIGHT PERMIT COORDINATION-BENIN,Services,1DCO,
Permissions/Clearances,OVERFLIGHT PERMIT COORDINATION-BOLIVIA,Services,1DCO,
Permissions/Clearances,OVERFLIGHT PERMIT COORDINATION-BOTSWANA,Services,1DCO,
Permissions/Clearances,OVERFLIGHT PERMIT COORDINATION-BOTSWANA-,Services,1DCO,
Permissions/Clearances,OVERFLIGHT PERMIT COORDINATION-BOTSWANA.,Services,1DCO,
Permissions/Clearances,OVERFLIGHT PERMIT COORDINATION-BRAZIL,Services,1DCO,
Permissions/Clearances,OVERFLIGHT PERMIT COORDINATION-BRUNEI DARUSSALAM,Services,1DCO,
Permissions/Clearances,OVERFLIGHT PERMIT COORDINATION-BURKINA FASO,Services,1DCO,
Permissions/Clearances,OVERFLIGHT PERMIT COORDINATION-BURKINA FASO.,Services,1DCO,
Permissions/Clearances,OVERFLIGHT PERMIT COORDINATION-BURUNDI,Services,1DCO,
Permissions/Clearances,OVERFLIGHT PERMIT COORDINATION-CAMBODIA,Services,1DCO,
Permissions/Clearances,OVERFLIGHT PERMIT COORDINATION-CAMEROON,Services,1DCO,
Permissions/Clearances,OVERFLIGHT PERMIT COORDINATION-CAPE VERDE,Services,1DCO,
Permissions/Clearances,OVERFLIGHT PERMIT COORDINATION-CENAMER,Services,1DCO,
Permissions/Clearances,OVERFLIGHT PERMIT COORDINATION-CHAD,Services,1DCO,
Permissions/Clearances,OVERFLIGHT PERMIT COORDINATION-CHILE,Services,1DCO,
Permissions/Clearances,OVERFLIGHT PERMIT COORDINATION-CHINA,Services,1DCO,
Permissions/Clearances,OVERFLIGHT PERMIT COORDINATION-COLOMBIA,Services,1DCO,
Permissions/Clearances,OVERFLIGHT PERMIT COORDINATION-COMOROS,Services,1DCO,
Permissions/Clearances,OVERFLIGHT PERMIT COORDINATION-CONGO,Services,1DCO,
Permissions/Clearances,OVERFLIGHT PERMIT COORDINATION-CONGO-,Services,1DCO,
Permissions/Clearances,OVERFLIGHT PERMIT COORDINATION-CONGO.,Services,1DCO,
Permissions/Clearances,OVERFLIGHT PERMIT COORDINATION-COTE D'IVOIRE,Services,1DCO,
Permissions/Clearances,OVERFLIGHT PERMIT COORDINATION-COTE D'IVOIRE.,Services,1DCO,
Permissions/Clearances,OVERFLIGHT PERMIT COORDINATION-CYPRUS,Services,1DCO,
Permissions/Clearances,OVERFLIGHT PERMIT COORDINATION-DEMOCRATIC REPUBLIC OF THE CONGO,Services,1DCO,
Permissions/Clearances,OVERFLIGHT PERMIT COORDINATION-DEMOCRATIC REPUBLIC OF THE CONGO-,Services,1DCO,
Permissions/Clearances,OVERFLIGHT PERMIT COORDINATION-DEMOCRATIC REPUBLIC OF THE CONGO.,Services,1DCO,
Permissions/Clearances,OVERFLIGHT PERMIT COORDINATION-DENMARK,Services,1DCO,
Permissions/Clearances,OVERFLIGHT PERMIT COORDINATION-ECUADOR,Services,1DCO,
Permissions/Clearances,OVERFLIGHT PERMIT COORDINATION-EGYPT,Services,1DCO,
Permissions/Clearances,OVERFLIGHT PERMIT COORDINATION-EGYPT.,Services,1DCO,
Permissions/Clearances,OVERFLIGHT PERMIT COORDINATION-EQUATORIAL GUINEA,Services,1DCO,
Permissions/Clearances,OVERFLIGHT PERMIT COORDINATION-FIJI,Services,1DCO,
Permissions/Clearances,OVERFLIGHT PERMIT COORDINATION-FRANCE,Services,1DCO,
Permissions/Clearances,OVERFLIGHT PERMIT COORDINATION-GABON,Services,1DCO,
Permissions/Clearances,OVERFLIGHT PERMIT COORDINATION-GABON-,Services,1DCO,
Permissions/Clearances,OVERFLIGHT PERMIT COORDINATION-GAMBIA,Services,1DCO,
Permissions/Clearances,OVERFLIGHT PERMIT COORDINATION-GHANA,Services,1DCO,
Permissions/Clearances,OVERFLIGHT PERMIT COORDINATION-GHANA.,Services,1DCO,
Permissions/Clearances,OVERFLIGHT PERMIT COORDINATION-GREECE,Services,1DCO,
Permissions/Clearances,OVERFLIGHT PERMIT COORDINATION-GREENLAND,Services,1DCO,
Permissions/Clearances,OVERFLIGHT PERMIT COORDINATION-GUATEMALA,Services,1DCO,
Permissions/Clearances,OVERFLIGHT PERMIT COORDINATION-GUINEA,Services,1DCO,
Permissions/Clearances,OVERFLIGHT PERMIT COORDINATION-GUINEA-BISSAU,Services,1DCO,
Permissions/Clearances,OVERFLIGHT PERMIT COORDINATION-HONDURAS,Services,1DCO,
Permissions/Clearances,OVERFLIGHT PERMIT COORDINATION-ICELAND,Services,1DCO,
Permissions/Clearances,OVERFLIGHT PERMIT COORDINATION-INDIA,Services,1DCO,
Permissions/Clearances,OVERFLIGHT PERMIT COORDINATION-INDONESIA,Services,1DCO,
Permissions/Clearances,OVERFLIGHT PERMIT COORDINATION-INDONESIA.,Services,1DCO,
Permissions/Clearances,OVERFLIGHT PERMIT COORDINATION-IRAN (ISLAMIC REPUBLIC OF),Services,1DCO,
Permissions/Clearances,OVERFLIGHT PERMIT COORDINATION-IRAN (ISLAMIC REPUBLIC OF)-,Services,1DCO,
Permissions/Clearances,OVERFLIGHT PERMIT COORDINATION-IRELAND,Services,1DCO,
Permissions/Clearances,OVERFLIGHT PERMIT COORDINATION-ITALY,Services,1DCO,
Permissions/Clearances,OVERFLIGHT PERMIT COORDINATION-KAZAKHSTAN,Services,1DCO,
Permissions/Clearances,OVERFLIGHT PERMIT COORDINATION-LAO PEOPLE'S DEMOCRATIC REPUBLIC,Services,1DCO,
Permissions/Clearances,OVERFLIGHT PERMIT COORDINATION-LAO PEOPLE'S DEMOCRATIC REPUBLIC-,Services,1DCO,
Permissions/Clearances,OVERFLIGHT PERMIT COORDINATION-LAO PEOPLE'S REPUBLIC,Services,1DCO,
Permissions/Clearances,OVERFLIGHT PERMIT COORDINATION-LIBERIA,Services,1DCO,
Permissions/Clearances,OVERFLIGHT PERMIT COORDINATION-MADAGASCAR,Services,1DCO,
Permissions/Clearances,OVERFLIGHT PERMIT COORDINATION-MALAWI,Services,1DCO,
Permissions/Clearances,OVERFLIGHT PERMIT COORDINATION-MALAWI.,Services,1DCO,
Permissions/Clearances,OVERFLIGHT PERMIT COORDINATION-MALAYSIA,Services,1DCO,
Permissions/Clearances,OVERFLIGHT PERMIT COORDINATION-MALAYSIA-,Services,1DCO,
Permissions/Clearances,OVERFLIGHT PERMIT COORDINATION-MALAYSIA.,Services,1DCO,
Permissions/Clearances,OVERFLIGHT PERMIT COORDINATION-MALDIVES,Services,1DCO,
Permissions/Clearances,OVERFLIGHT PERMIT COORDINATION-MALI,Services,1DCO,
Permissions/Clearances,OVERFLIGHT PERMIT COORDINATION-MALI.,Services,1DCO,
Permissions/Clearances,OVERFLIGHT PERMIT COORDINATION-MAURITANIA,Services,1DCO,
Permissions/Clearances,OVERFLIGHT PERMIT COORDINATION-MAURITANIA.,Services,1DCO,
Permissions/Clearances,OVERFLIGHT PERMIT COORDINATION-MAYOTTE,Services,1DCO,
Permissions/Clearances,OVERFLIGHT PERMIT COORDINATION-MEXICO,Services,1DCO,
Permissions/Clearances,OVERFLIGHT PERMIT COORDINATION-MEXICO,Services,1DCO,
Permissions/Clearances,OVERFLIGHT PERMIT COORDINATION-MONGOLIA,Services,1DCO,
Permissions/Clearances,OVERFLIGHT PERMIT COORDINATION-MOROCCO,Services,1DCO,
Permissions/Clearances,OVERFLIGHT PERMIT COORDINATION-MOZAMBIQUE,Services,1DCO,
Permissions/Clearances,OVERFLIGHT PERMIT COORDINATION-MOZAMBIQUE-,Services,1DCO,
Permissions/Clearances,OVERFLIGHT PERMIT COORDINATION-MOZAMBIQUE.,Services,1DCO,
Permissions/Clearances,OVERFLIGHT PERMIT COORDINATION-MYANMAR,Services,1DCO,
Permissions/Clearances,OVERFLIGHT PERMIT COORDINATION-MYANMAR-,Services,1DCO,
Permissions/Clearances,OVERFLIGHT PERMIT COORDINATION-MYANMAR.,Services,1DCO,
Permissions/Clearances,OVERFLIGHT PERMIT COORDINATION-NAMIBIA,Services,1DCO,
Permissions/Clearances,OVERFLIGHT PERMIT COORDINATION-NAMIBIA.,Services,1DCO,
Permissions/Clearances,OVERFLIGHT PERMIT COORDINATION-NETHERLANDS,Services,1DCO,
Permissions/Clearances,OVERFLIGHT PERMIT COORDINATION-NIGER,Services,1DCO,
Permissions/Clearances,OVERFLIGHT PERMIT COORDINATION-NIGER.,Services,1DCO,
Permissions/Clearances,OVERFLIGHT PERMIT COORDINATION-NIGERIA,Services,1DCO,
Permissions/Clearances,OVERFLIGHT PERMIT COORDINATION-NIGERIA-,Services,1DCO,
Permissions/Clearances,OVERFLIGHT PERMIT COORDINATION-OMAN,Services,1DCO,
Permissions/Clearances,OVERFLIGHT PERMIT COORDINATION-PAKISTAN,Services,1DCO,
Permissions/Clearances,OVERFLIGHT PERMIT COORDINATION-PAKISTAN-,Services,1DCO,
Permissions/Clearances,OVERFLIGHT PERMIT COORDINATION-PANAMA,Services,1DCO,
Permissions/Clearances,OVERFLIGHT PERMIT COORDINATION-PARAGUAY,Services,1DCO,
Permissions/Clearances,OVERFLIGHT PERMIT COORDINATION-PERU,Services,1DCO,
Permissions/Clearances,OVERFLIGHT PERMIT COORDINATION-PHILIPPINES,Services,1DCO,
Permissions/Clearances,OVERFLIGHT PERMIT COORDINATION-PHILLIPINES,Services,1DCO,
Permissions/Clearances,OVERFLIGHT PERMIT COORDINATION-QATAR,Services,1DCO,
Permissions/Clearances,OVERFLIGHT PERMIT COORDINATION-REPUBLIC OF KOREA,Services,1DCO,
Permissions/Clearances,OVERFLIGHT PERMIT COORDINATION-REVISIO-BENIN,Services,1DCO,
Permissions/Clearances,OVERFLIGHT PERMIT COORDINATION-REVISIO-BOTSWANA,Services,1DCO,
Permissions/Clearances,OVERFLIGHT PERMIT COORDINATION-REVISIO-BOTSWANA-,Services,1DCO,
Permissions/Clearances,OVERFLIGHT PERMIT COORDINATION-REVISIO-BOTSWANA.,Services,1DCO,
Permissions/Clearances,OVERFLIGHT PERMIT COORDINATION-REVISIO-BRAZIL,Services,1DCO,
Permissions/Clearances,OVERFLIGHT PERMIT COORDINATION-REVISIO-BURKINA FASO,Services,1DCO,
Permissions/Clearances,OVERFLIGHT PERMIT COORDINATION-REVISIO-BURKINA FASO-,Services,1DCO,
Permissions/Clearances,OVERFLIGHT PERMIT COORDINATION-REVISIO-BURKINA FASO.,Services,1DCO,
Permissions/Clearances,OVERFLIGHT PERMIT COORDINATION-REVISIO-BURUNDI.,Services,1DCO,
Permissions/Clearances,OVERFLIGHT PERMIT COORDINATION-REVISIO-CAMEROON,Services,1DCO,
Permissions/Clearances,OVERFLIGHT PERMIT COORDINATION-REVISIO-CAPE VERDE,Services,1DCO,
Permissions/Clearances,OVERFLIGHT PERMIT COORDINATION-REVISIO-CENAMER,Services,1DCO,
Permissions/Clearances,OVERFLIGHT PERMIT COORDINATION-REVISIO-COLOMBIA,Services,1DCO,
Permissions/Clearances,OVERFLIGHT PERMIT COORDINATION-REVISIO-CONGO,Services,1DCO,
Permissions/Clearances,OVERFLIGHT PERMIT COORDINATION-REVISIO-COTE D'IVOIRE,Services,1DCO,
Permissions/Clearances,OVERFLIGHT PERMIT COORDINATION-REVISIO-COTE D'IVOIRE-,Services,1DCO,
Permissions/Clearances,OVERFLIGHT PERMIT COORDINATION-REVISIO-DEMOCRATIC REPUBLIC OF THE CONGO.,Services,1DCO,
Permissions/Clearances,OVERFLIGHT PERMIT COORDINATION-REVISIO-EGYPT,Services,1DCO,
Permissions/Clearances,OVERFLIGHT PERMIT COORDINATION-REVISIO-EGYPT.,Services,1DCO,
Permissions/Clearances,OVERFLIGHT PERMIT COORDINATION-REVISIO-FIJI,Services,1DCO,
Permissions/Clearances,OVERFLIGHT PERMIT COORDINATION-REVISIO-GABON,Services,1DCO,
Permissions/Clearances,OVERFLIGHT PERMIT COORDINATION-REVISIO-GHANA,Services,1DCO,
Permissions/Clearances,OVERFLIGHT PERMIT COORDINATION-REVISIO-GHANA-,Services,1DCO,
Permissions/Clearances,OVERFLIGHT PERMIT COORDINATION-REVISIO-GUATEMALA,Services,1DCO,
Permissions/Clearances,OVERFLIGHT PERMIT COORDINATION-REVISIO-GUINEA,Services,1DCO,
Permissions/Clearances,OVERFLIGHT PERMIT COORDINATION-REVISIO-GUINEA-BISSAU,Services,1DCO,
Permissions/Clearances,OVERFLIGHT PERMIT COORDINATION-REVISIO-INDIA,Services,1DCO,
Permissions/Clearances,OVERFLIGHT PERMIT COORDINATION-REVISIO-INDONESIA,Services,1DCO,
Permissions/Clearances,OVERFLIGHT PERMIT COORDINATION-REVISIO-IRAN (ISLAMIC REPUBLIC OF),Services,1DCO,
Permissions/Clearances,OVERFLIGHT PERMIT COORDINATION-REVISIO-KENYA.,Services,1DCO,
Permissions/Clearances,OVERFLIGHT PERMIT COORDINATION-REVISIO-LAO PEOPLE'S DEMOCRATIC REPUBLIC-,Services,1DCO,
Permissions/Clearances,OVERFLIGHT PERMIT COORDINATION-REVISIO-LIBERIA,Services,1DCO,
Permissions/Clearances,OVERFLIGHT PERMIT COORDINATION-REVISIO-MALAWI,Services,1DCO,
Permissions/Clearances,OVERFLIGHT PERMIT COORDINATION-REVISIO-MALAWI-,Services,1DCO,
Permissions/Clearances,OVERFLIGHT PERMIT COORDINATION-REVISIO-MALAWI.,Services,1DCO,
Permissions/Clearances,OVERFLIGHT PERMIT COORDINATION-REVISIO-MALAYSIA,Services,1DCO,
Permissions/Clearances,OVERFLIGHT PERMIT COORDINATION-REVISIO-MALAYSIA-,Services,1DCO,
Permissions/Clearances,OVERFLIGHT PERMIT COORDINATION-REVISIO-MALI,Services,1DCO,
Permissions/Clearances,OVERFLIGHT PERMIT COORDINATION-REVISIO-MALI.,Services,1DCO,
Permissions/Clearances,OVERFLIGHT PERMIT COORDINATION-REVISIO-MAURITANIA,Services,1DCO,
Permissions/Clearances,OVERFLIGHT PERMIT COORDINATION-REVISIO-MEXICO,Services,1DCO,
Permissions/Clearances,OVERFLIGHT PERMIT COORDINATION-REVISIO-MONGOLIA,Services,1DCO,
Permissions/Clearances,OVERFLIGHT PERMIT COORDINATION-REVISIO-MOROCCO,Services,1DCO,
Permissions/Clearances,OVERFLIGHT PERMIT COORDINATION-REVISIO-MOZAMBIQUE,Services,1DCO,
Permissions/Clearances,OVERFLIGHT PERMIT COORDINATION-REVISIO-MOZAMBIQUE-,Services,1DCO,
Permissions/Clearances,OVERFLIGHT PERMIT COORDINATION-REVISIO-MOZAMBIQUE.,Services,1DCO,
Permissions/Clearances,OVERFLIGHT PERMIT COORDINATION-REVISIO-NAMIBIA,Services,1DCO,
Permissions/Clearances,OVERFLIGHT PERMIT COORDINATION-REVISIO-NICARAGUA,Services,1DCO,
Permissions/Clearances,OVERFLIGHT PERMIT COORDINATION-REVISIO-NIGER,Services,1DCO,
Permissions/Clearances,OVERFLIGHT PERMIT COORDINATION-REVISIO-NIGER.,Services,1DCO,
Permissions/Clearances,OVERFLIGHT PERMIT COORDINATION-REVISIO-NIGERIA,Services,1DCO,
Permissions/Clearances,OVERFLIGHT PERMIT COORDINATION-REVISIO-OMAN,Services,1DCO,
Permissions/Clearances,OVERFLIGHT PERMIT COORDINATION-REVISIO-OMAN.,Services,1DCO,
Permissions/Clearances,OVERFLIGHT PERMIT COORDINATION-REVISIO-PAKISTAN,Services,1DCO,
Permissions/Clearances,OVERFLIGHT PERMIT COORDINATION-REVISIO-PANAMA,Services,1DCO,
Permissions/Clearances,OVERFLIGHT PERMIT COORDINATION-REVISIO-PERU,Services,1DCO,
Permissions/Clearances,OVERFLIGHT PERMIT COORDINATION-REVISIO-PHILIPPINES,Services,1DCO,
Permissions/Clearances,OVERFLIGHT PERMIT COORDINATION-REVISIO-REPUBLIC OF KOREA,Services,1DCO,
Permissions/Clearances,OVERFLIGHT PERMIT COORDINATION-REVISIO-RUSSIAN FEDERATION,Services,1DCO,
Permissions/Clearances,OVERFLIGHT PERMIT COORDINATION-REVISIO-SAUDI ARABIA,Services,1DCO,
Permissions/Clearances,OVERFLIGHT PERMIT COORDINATION-REVISIO-SAUDI ARABIA.,Services,1DCO,
Permissions/Clearances,OVERFLIGHT PERMIT COORDINATION-REVISIO-SENEGAL,Services,1DCO,
Permissions/Clearances,OVERFLIGHT PERMIT COORDINATION-REVISIO-SIERRA LEONE,Services,1DCO,
Permissions/Clearances,OVERFLIGHT PERMIT COORDINATION-REVISIO-SOMALIA,Services,1DCO,
Permissions/Clearances,OVERFLIGHT PERMIT COORDINATION-REVISIO-SOMALIA.,Services,1DCO,
Permissions/Clearances,OVERFLIGHT PERMIT COORDINATION-REVISIO-SOUTH AFRICA,Services,1DCO,
Permissions/Clearances,OVERFLIGHT PERMIT COORDINATION-REVISIO-SURINAME,Services,1DCO,
Permissions/Clearances,OVERFLIGHT PERMIT COORDINATION-REVISIO-THAILAND-,Services,1DCO,
Permissions/Clearances,OVERFLIGHT PERMIT COORDINATION-REVISIO-TOGO,Services,1DCO,
Permissions/Clearances,OVERFLIGHT PERMIT COORDINATION-REVISIO-TOGO.,Services,1DCO,
Permissions/Clearances,OVERFLIGHT PERMIT COORDINATION-REVISIO-TUNISIA,Services,1DCO,
Permissions/Clearances,OVERFLIGHT PERMIT COORDINATION-REVISIO-UNITED REPUBLIC OF TANZAN.IA,Services,1DCO,
Permissions/Clearances,OVERFLIGHT PERMIT COORDINATION-REVISIO-UNITED REPUBLIC OF TANZANIA,Services,1DCO,
Permissions/Clearances,OVERFLIGHT PERMIT COORDINATION-REVISIO-UNITED REPUBLIC OF TANZANIA-,Services,1DCO,
Permissions/Clearances,OVERFLIGHT PERMIT COORDINATION-REVISIO-WESTERN SAHARA,Services,1DCO,
Permissions/Clearances,OVERFLIGHT PERMIT COORDINATION-REVISIO-YEMEN,Services,1DCO,
Permissions/Clearances,OVERFLIGHT PERMIT COORDINATION-REVISIO-YEMEN.,Services,1DCO,
Permissions/Clearances,OVERFLIGHT PERMIT COORDINATION-REVISIO-ZAMBIA.,Services,1DCO,
Permissions/Clearances,OVERFLIGHT PERMIT COORDINATION-REVISIO-ZIMBABWE,Services,1DCO,
Permissions/Clearances,OVERFLIGHT PERMIT COORDINATION-RUSSIAN FEDERATION,Services,1DCO,
Permissions/Clearances,OVERFLIGHT PERMIT COORDINATION-RUSSIAN FEDERATION-,Services,1DCO,
Permissions/Clearances,OVERFLIGHT PERMIT COORDINATION-RUSSIAN FEDERATION.,Services,1DCO,
Permissions/Clearances,OVERFLIGHT PERMIT COORDINATION-SAO TOME AND PRINCIPE,Services,1DCO,
Permissions/Clearances,OVERFLIGHT PERMIT COORDINATION-SAO TOME AND PRINCIPE-,Services,1DCO,
Permissions/Clearances,OVERFLIGHT PERMIT COORDINATION-SAO TOME AND PRINCIPE.,Services,1DCO,
Permissions/Clearances,OVERFLIGHT PERMIT COORDINATION-SAUDI ARABIA,Services,1DCO,
Permissions/Clearances,OVERFLIGHT PERMIT COORDINATION-SAUDI ARABIA,Services,1DCO,
Permissions/Clearances,OVERFLIGHT PERMIT COORDINATION-SAUDI ARABIA.,Services,1DCO,
Permissions/Clearances,OVERFLIGHT PERMIT COORDINATION-SENEGAL,Services,1DCO,
Permissions/Clearances,OVERFLIGHT PERMIT COORDINATION-SEYCHELLES,Services,1DCO,
Permissions/Clearances,OVERFLIGHT PERMIT COORDINATION-SIERRA LEONE,Services,1DCO,
Permissions/Clearances,OVERFLIGHT PERMIT COORDINATION-SOMALIA,Services,1DCO,
Permissions/Clearances,OVERFLIGHT PERMIT COORDINATION-SOUTH AFRICA,Services,1DCO,
Permissions/Clearances,OVERFLIGHT PERMIT COORDINATION-SOUTH SUDAN,Services,1DCO,
Permissions/Clearances,OVERFLIGHT PERMIT COORDINATION-SOUTH SUDAN.,Services,1DCO,
Permissions/Clearances,OVERFLIGHT PERMIT COORDINATION-SRI LANKA,Services,1DCO,
Permissions/Clearances,OVERFLIGHT PERMIT COORDINATION-SUDAN,Services,1DCO,
Permissions/Clearances,OVERFLIGHT PERMIT COORDINATION-SUDAN.,Services,1DCO,
Permissions/Clearances,OVERFLIGHT PERMIT COORDINATION-TAIWAN PROVINCE OF CHINA,Services,1DCO,
Permissions/Clearances,OVERFLIGHT PERMIT COORDINATION-TAJIKISTAN,Services,1DCO,
Permissions/Clearances,OVERFLIGHT PERMIT COORDINATION-THAILAND,Services,1DCO,
Permissions/Clearances,OVERFLIGHT PERMIT COORDINATION-THAILAND-,Services,1DCO,
Permissions/Clearances,OVERFLIGHT PERMIT COORDINATION-THAILAND.,Services,1DCO,
Permissions/Clearances,OVERFLIGHT PERMIT COORDINATION-TOGO,Services,1DCO,
Permissions/Clearances,OVERFLIGHT PERMIT COORDINATION-TOGO.,Services,1DCO,
Permissions/Clearances,OVERFLIGHT PERMIT COORDINATION-TUNISIA,Services,1DCO,
Permissions/Clearances,OVERFLIGHT PERMIT COORDINATION-TURKEY,Services,1DCO,
Permissions/Clearances,OVERFLIGHT PERMIT COORDINATION-TURKMENISTAN,Services,1DCO,
Permissions/Clearances,OVERFLIGHT PERMIT COORDINATION-UGANDA,Services,1DCO,
Permissions/Clearances,OVERFLIGHT PERMIT COORDINATION-UNITED KINGDOM,Services,1DCO,
Permissions/Clearances,OVERFLIGHT PERMIT COORDINATION-UNITED REPUBLIC OF TANZANIA,Services,1DCO,
Permissions/Clearances,OVERFLIGHT PERMIT COORDINATION-UNITED REPUBLIC OF TANZANIA-,Services,1DCO,
Permissions/Clearances,OVERFLIGHT PERMIT COORDINATION-UNITED STATES,Services,1DCO,
Permissions/Clearances,OVERFLIGHT PERMIT COORDINATION-URGENT-COLOMBIA,Services,1DCO,
Permissions/Clearances,OVERFLIGHT PERMIT COORDINATION-URUGUAY,Services,1DCO,
Permissions/Clearances,OVERFLIGHT PERMIT COORDINATION-VENEZUELA,Services,1DCO,
Permissions/Clearances,OVERFLIGHT PERMIT COORDINATION-VIETNAM,Services,1DCO,
Permissions/Clearances,OVERFLIGHT PERMIT COORDINATION-VIETNAM-,Services,1DCO,
Permissions/Clearances,OVERFLIGHT PERMIT COORDINATION-WESTERN SAHARA,Services,1DCO,
Permissions/Clearances,OVERFLIGHT PERMIT COORDINATION-YEMEN,Services,1DCO,
Permissions/Clearances,OVERFLIGHT PERMIT COORDINATION-ZAMBIA,Services,1DCO,
Permissions/Clearances,OVERFLIGHT PERMIT COORDINATION-ZIMBABWE,Services,1DCO,
Permissions/Clearances,OVERFLIGHT PERMIT-BAHRAIN,Services,6OF,
Permissions/Clearances,OVERFLIGHT PERMIT-BELARUS,Services,6OF,
Permissions/Clearances,OVERFLIGHT PERMIT-BELGIUM,Services,6OF,
Permissions/Clearances,OVERFLIGHT PERMIT-BELIZE,Services,6OF,
Permissions/Clearances,OVERFLIGHT PERMIT-BENIN,Services,6OF,
Permissions/Clearances,OVERFLIGHT PERMIT-BOSNIA AND HERZEGOVINA,Services,6OF,
Permissions/Clearances,OVERFLIGHT PERMIT-BOTSWANA,Services,6OF,
Permissions/Clearances,OVERFLIGHT PERMIT-BULGARIA,Services,6OF,
Permissions/Clearances,OVERFLIGHT PERMIT-CAMBODIA,Services,6OF,
Permissions/Clearances,OVERFLIGHT PERMIT-CAMEROON,Services,6OF,
Permissions/Clearances,OVERFLIGHT PERMIT-CONGO,Services,6OF,
Permissions/Clearances,OVERFLIGHT PERMIT-CROATIA,Services,6OF,
Permissions/Clearances,OVERFLIGHT PERMIT-CYPRUS,Services,6OF,
Permissions/Clearances,OVERFLIGHT PERMIT-ECUADOR,Services,2OF,
Permissions/Clearances,OVERFLIGHT PERMIT-EGYPT,Services,6OF,
Permissions/Clearances,OVERFLIGHT PERMIT-ETHIOPIA,Services,6OF,
Permissions/Clearances,OVERFLIGHT PERMIT-FRANCE,Services,6OF,
Permissions/Clearances,OVERFLIGHT PERMIT-GAMBIA,Services,6OF,
Permissions/Clearances,OVERFLIGHT PERMIT-GERMANY,Services,6OF,
Permissions/Clearances,OVERFLIGHT PERMIT-GREECE,Services,6OF,
Permissions/Clearances,OVERFLIGHT PERMIT-GUATEMALA,Services,6OF,
Permissions/Clearances,OVERFLIGHT PERMIT-GUINEA-BISSAU,Services,6OF,
Permissions/Clearances,OVERFLIGHT PERMIT-HONDURAS,Services,6OF,
Permissions/Clearances,OVERFLIGHT PERMIT-INDIA,Services,6OF,
Permissions/Clearances,OVERFLIGHT PERMIT-ITALY,Services,6OF,
Permissions/Clearances,OVERFLIGHT PERMIT-JAPAN,Services,6OF,
Permissions/Clearances,OVERFLIGHT PERMIT-KAZAKHSTAN,Services,6OF,
Permissions/Clearances,OVERFLIGHT PERMIT-LIBERIA,Services,6OF,
Permissions/Clearances,OVERFLIGHT PERMIT-LUXEMBOURG,Services,6OF,
Permissions/Clearances,OVERFLIGHT PERMIT-MALAYSIA,Services,6OF,
Permissions/Clearances,OVERFLIGHT PERMIT-MEXICO,Services,6OF,
Permissions/Clearances,OVERFLIGHT PERMIT-MOZAMBIQUE,Services,6OF,
Permissions/Clearances,OVERFLIGHT PERMIT-MYANMAR,Services,6OF,
Permissions/Clearances,OVERFLIGHT PERMIT-OMAN,Services,6OF,
Permissions/Clearances,OVERFLIGHT PERMIT-RUSSIAN FEDERATION,Services,6OF,
Permissions/Clearances,OVERFLIGHT PERMIT-SAUDI ARABIA,Services,6OF,
Permissions/Clearances,OVERFLIGHT PERMIT-SENEGAL,Services,6OF,
Permissions/Clearances,OVERFLIGHT PERMIT-SIERRA LEONE,Services,6OF,
Permissions/Clearances,OVERFLIGHT PERMIT-SLOVENIA,Services,6OF,
Permissions/Clearances,OVERFLIGHT PERMIT-SRI LANKA,Services,6OF,
Permissions/Clearances,OVERFLIGHT PERMIT-THAILAND,Services,6OF,
Permissions/Clearances,OVERFLIGHT PERMIT-TOGO,Services,6OF,
Permissions/Clearances,OVERFLIGHT PERMIT-TURKEY,Services,6OF,
Permissions/Clearances,OVERFLIGHT PERMIT-VIETNAM,Services,6OF,
Permissions/Clearances,OVERFLIGHT PERMIT-WESTERN SAHARA,Services,6OF,
Permissions/Clearances,PRIOR PERMISSION REQUIRED COORDINATION,Services,1PPR,
Permissions/Clearances,PRIOR PERMISSION REQUIRED COORDINATION-AMERICAN SAMOA,Services,1PPR,
Permissions/Clearances,PRIOR PERMISSION REQUIRED COORDINATION-ANGUILLA,Services,1PPR,
Permissions/Clearances,PRIOR PERMISSION REQUIRED COORDINATION-AUSTRALIA,Services,1PPR,
Permissions/Clearances,PRIOR PERMISSION REQUIRED COORDINATION-BAHAMAS,Services,1PPR,
Permissions/Clearances,PRIOR PERMISSION REQUIRED COORDINATION-BRAZIL,Services,1PPR,
Permissions/Clearances,PRIOR PERMISSION REQUIRED COORDINATION-BRITISH INDIAN OCEAN TERRITORY,Services,1PPR,
Permissions/Clearances,PRIOR PERMISSION REQUIRED COORDINATION-CANADA,Services,1PPR,
Permissions/Clearances,PRIOR PERMISSION REQUIRED COORDINATION-CAYMAN ISLANDS,Services,1PPR,
Permissions/Clearances,PRIOR PERMISSION REQUIRED COORDINATION-COMOROS,Services,1PPR,
Permissions/Clearances,PRIOR PERMISSION REQUIRED COORDINATION-DENMARK,Services,1PPR,
Permissions/Clearances,PRIOR PERMISSION REQUIRED COORDINATION-EGYPT,Services,1PPR,
Permissions/Clearances,PRIOR PERMISSION REQUIRED COORDINATION-FRANCE,Services,1PPR,
Permissions/Clearances,PRIOR PERMISSION REQUIRED COORDINATION-GERMANY,Services,1PPR,
Permissions/Clearances,PRIOR PERMISSION REQUIRED COORDINATION-GREECE,Services,1PPR,
Permissions/Clearances,PRIOR PERMISSION REQUIRED COORDINATION-GUADELOUPE,Services,1PPR,
Permissions/Clearances,PRIOR PERMISSION REQUIRED COORDINATION-GUINEA,Services,1PPR,
Permissions/Clearances,PRIOR PERMISSION REQUIRED COORDINATION-HONG KONG,Services,1PPR,
Permissions/Clearances,PRIOR PERMISSION REQUIRED COORDINATION-INDONESIA,Services,1PPR,
Permissions/Clearances,PRIOR PERMISSION REQUIRED COORDINATION-IRAQ,Services,1PPR,
Permissions/Clearances,PRIOR PERMISSION REQUIRED COORDINATION-ITALY,Services,1PPR,
Permissions/Clearances,PRIOR PERMISSION REQUIRED COORDINATION-JAPAN,Services,1PPR,
Permissions/Clearances,PRIOR PERMISSION REQUIRED COORDINATION-LUXEMBOURG,Services,1PPR,
Permissions/Clearances,PRIOR PERMISSION REQUIRED COORDINATION-MALDIVES,Services,1PPR,
Permissions/Clearances,PRIOR PERMISSION REQUIRED COORDINATION-MARSHALL ISLANDS,Services,1PPR,
Permissions/Clearances,PRIOR PERMISSION REQUIRED COORDINATION-NETHERLANDS,Services,1PPR,
Permissions/Clearances,PRIOR PERMISSION REQUIRED COORDINATION-NORWAY,Services,1PPR,
Permissions/Clearances,PRIOR PERMISSION REQUIRED COORDINATION-PALAU,Services,1PPR,
Permissions/Clearances,PRIOR PERMISSION REQUIRED COORDINATION-REVISION,Services,1PPR,
Permissions/Clearances,PRIOR PERMISSION REQUIRED COORDINATION-SAINT LUCIA,Services,1PPR,
Permissions/Clearances,PRIOR PERMISSION REQUIRED COORDINATION-SAUDI ARABIA,Services,1PPR,
Permissions/Clearances,PRIOR PERMISSION REQUIRED COORDINATION-SOLOMON ISLANDS,Services,1PPR,
Permissions/Clearances,PRIOR PERMISSION REQUIRED COORDINATION-SPAIN,Services,1PPR,
Permissions/Clearances,PRIOR PERMISSION REQUIRED COORDINATION-SWEDEN,Services,1PPR,
Permissions/Clearances,PRIOR PERMISSION REQUIRED COORDINATION-SWITZERLAND,Services,1PPR,
Permissions/Clearances,PRIOR PERMISSION REQUIRED COORDINATION-TAIWAN PROVINCE OF CHINA,Services,1PPR,
Permissions/Clearances,PRIOR PERMISSION REQUIRED COORDINATION-TAIWAN PROVINCE OF CHINA.,Services,1PPR,
Permissions/Clearances,PRIOR PERMISSION REQUIRED COORDINATION-TURKEY,Services,1PPR,
Permissions/Clearances,PRIOR PERMISSION REQUIRED COORDINATION-UNITED KINGDOM,Services,1PPR,
Permissions/Clearances,PRIOR PERMISSION REQUIRED COORDINATION-UNITED STATES,Services,1PPR,
Permissions/Clearances,PRIOR PERMISSION REQUIRED COORDINATION-VIETNAM,Services,1PPR,
Permissions/Clearances,PRIOR PERMISSION REQUIRED COORDINATION-ZAMBIA,Services,1PPR,
Permissions/Clearances,SHORT NOTICE COMMERCIAL LANDING PERMIT-ALGERIA,Services,6SNCLP,
Permissions/Clearances,SHORT NOTICE COMMERCIAL LANDING PERMIT-ETHIOPIA,Services,6SNCLP,
Permissions/Clearances,SHORT NOTICE COMMERCIAL LANDING PERMIT-MALTA,Services,6SNCLP,
Permissions/Clearances,SHORT NOTICE COMMERCIAL LANDING PERMIT-MOROCCO,Services,6SNCLP,
Permissions/Clearances,SHORT NOTICE COMMERCIAL LANDING PERMIT-MOZAMBIQUE,Services,6SNCLP,
Permissions/Clearances,SHORT NOTICE OVERFLIGHT PERMIT-EGYPT,Services,6SNOP,
Permissions/Clearances,SHORT NOTICE OVERFLIGHT PERMIT-TUNISIA,Services,6SNOP,
Permissions/Clearances,SPECIAL AIRWORTHINESS LANDING PERMIT,Services,6SALP,
Permissions/Clearances,SPECIAL AIRWORTHINESS LANDING PERMIT-AUSTRALIA,Services,6SALP,
Permissions/Clearances,SPECIAL AIRWORTHINESS LANDING PERMIT-EGYPT,Services,6SALP,
Permissions/Clearances,SPECIAL AIRWORTHINESS LANDING PERMIT-FRANCE,Services,6SALP,
Permissions/Clearances,SPECIAL AIRWORTHINESS LANDING PERMIT-INDIA,Services,6SALP,
Permissions/Clearances,SPECIAL AIRWORTHINESS LANDING PERMIT-NEW ZEALAND,Services,6SALP,
Permissions/Clearances,SPECIAL AIRWORTHINESS OVERFLIGHT PERMIT-BAHRAIN,Services,6SAOP,
Permissions/Clearances,SPECIAL AIRWORTHINESS OVERFLIGHT PERMIT-GREECE,Services,6SAOP,
Permissions/Clearances,SPECIAL AIRWORTHINESS OVERFLIGHT PERMIT-ITALY,Services,6SAOP,
Permissions/Clearances,SPECIAL AIRWORTHINESS OVERFLIGHT PERMIT-OMAN,Services,6SAOP,
Permissions/Clearances,SPECIAL AIRWORTHINESS OVERFLIGHT PERMIT-SAUDI ARABIA,Services,6SAOP,
Permissions/Clearances,U.S. PERMIT TO PROCEED-JAPAN,Services,1USPRE,
Permissions/Clearances,U.S. PERMIT TO PROCEED-UNITED STATES,Services,1USPRE,
Permissions/Clearances,LANDING PERMIT COORDINATION-FRENCH GUIANA,Services,,
Permissions/Clearances,LANDING PERMIT COORDINATION -URGENT-NETHERLANDS ANTILLES,Services,,
Permissions/Clearances,U.S. PERMIT TO PROCEED-UNITED STATES VIRGIN ISLANDS,Services,,
Permissions/Clearances,*NOISE CHARGE-AIRCRAFT EMISSIONS,Services,2NS,
Permissions/Clearances,*NOISE CHARGE-ITALY,Services,2NS,
Permissions/Clearances,*NOISE CHARGE-LANDING,Services,2NS,
Permissions/Clearances,*NOISE CHARGE-LANDING NOISE SURCHARGE,Services,2NS,
Permissions/Clearances,*NOISE CHARGE-LANDING/DEPARTURE,Services,2NS,
Permissions/Clearances,*NOISE CHARGE-NOISE SURCHARGE ON LANDING,Services,2NS,
Permissions/Clearances,*NOISE CHARGE-SURCHARGE ON LANDING,Services,2NS,
Permissions/Clearances,ADCUS-US ARRIVAL,Services,1AD,Permissions/Clearances
Permissions/Clearances,ADCUS-US ARRIVAL-GUAM,Services,1AD,Permissions/Clearances
Permissions/Clearances,ADCUS-US ARRIVAL-PUERTO RICO,Services,1AD,Permissions/Clearances
Permissions/Clearances,ADCUS-US ARRIVAL-UNITES STATES,Services,1AD,Permissions/Clearances
Permissions/Clearances,ADCUS-US DEPARTURE,Services,1AD,Permissions/Clearances
Permissions/Clearances,ADCUS-US DEPARTURE-PUERTO RICO,Services,1AD,Permissions/Clearances
Permissions/Clearances,ADCUS-US DEPARTURE-UNITED STATES VIRGIN ISLANDS,Services,1AD,Permissions/Clearances
Permissions/Clearances,BLANKET OVERFLIGHT COORDINATION-CUBA,Services,1BLOFCCU,Permissions/Clearances
Permissions/Clearances,BLANKET OVERFLIGHT COORDINATION-CUBA-CUBA EXPIRES 01/05/2020,Services,1BLOFCCU,Permissions/Clearances
Permissions/Clearances,BLANKET OVERFLIGHT COORDINATION-CUBA-CUBA EXPIRES 01/31/2020,Services,1BLOFCCU,Permissions/Clearances
Permissions/Clearances,BLANKET OVERFLIGHT COORDINATION-CUBA-REVISION,Services,1BLOFCCUR,Permissions/Clearances
Permissions/Clearances,LANDING COORDINATION-MEXICO-CHARTER-TURKS AND CAICOS ISLANDS,Services,1RLP,Permissions/Clearances
Permissions/Clearances,LANDING COORDINATION-MEXICO-PRIVATE,Services,1RLP,Permissions/Clearances
Permissions/Clearances,LANDING COORDINATION-MEXICO-PRIVATE-MEXICO,Services,1RLP,Permissions/Clearances
Permissions/Clearances,LANDING FEES-LANDING 7 TAKE-OFF,Services,2LA,Permissions/Clearances
Permissions/Clearances,ONEWAY OVERFLIGHT COORDINATION-CUBA,Services,1CLJ,Permissions/Clearances
Permissions/Clearances,ONEWAY OVERFLIGHT COORDINATION-CUBA-CUBA,Services,1CLJ,Permissions/Clearances
Permissions/Clearances,ONEWAY OVERFLIGHT COORDINATION-CUBA-CUBA,Services,1CLJ,Permissions/Clearances
Permissions/Clearances,ONEWAY OVERFLIGHT COORDINATION-CUBA-REVISION-CUBA,Services,1CLJ,Permissions/Clearances
Permissions/Clearances,OVERFLIGHT COORDINATION - SHORT NOTICE CUBA-REV,Services,1SNP,Permissions/Clearances
Permissions/Clearances,OVERFLIGHT COORDINATION - SHORT NOTICE CUBA-REV-CUBA,Services,1SNP,Permissions/Clearances
Permissions/Clearances,OVERFLIGHT COORDINATION -REVISIO-GHANA.,Services,1DCO,Permissions/Clearances
Permissions/Clearances,OVERFLIGHT COORDINATION -REVISIO-REPUBLIC OF KOREA,Services,1DCO,Permissions/Clearances
Permissions/Clearances,OVERFLIGHT COORDINATION -REVISIO-RUSSIAN FEDERATION,Services,1DCO,Permissions/Clearances
Permissions/Clearances,OVERFLIGHT COORDINATION -REVISIO-TURKMENISTAN,Services,1DCO,Permissions/Clearances
Permissions/Clearances,OVERFLIGHT COORDINATION -SHORT NOTICE -CUBA-REV-CUBA,Services,1SNP,Permissions/Clearances
Permissions/Clearances,OVERFLIGHT COORDINATION -URGENT,Services,1OFPCU,Permissions/Clearances
Permissions/Clearances,OVERFLIGHT COORDINATION -URGENT-ALGERIA,Services,1OFPCU,Permissions/Clearances
Permissions/Clearances,OVERFLIGHT COORDINATION -URGENT-ANGOLA,Services,1OFPCU,Permissions/Clearances
Permissions/Clearances,OVERFLIGHT COORDINATION -URGENT-BOTSWANA,Services,1OFPCU,Permissions/Clearances
Permissions/Clearances,OVERFLIGHT COORDINATION -URGENT-COTE D'IVOIRE,Services,1OFPCU,Permissions/Clearances
Permissions/Clearances,OVERFLIGHT COORDINATION -URGENT-DEMOCRATIC REPUBLIC OF THE CONGO,Services,1OFPCU,Permissions/Clearances
Permissions/Clearances,OVERFLIGHT COORDINATION -URGENT-GHANA,Services,1OFPCU,Permissions/Clearances
Permissions/Clearances,OVERFLIGHT COORDINATION -URGENT-GUATEMALA,Services,1OFPCU,Permissions/Clearances
Permissions/Clearances,OVERFLIGHT COORDINATION -URGENT-GUYANA,Services,1OFPCU,Permissions/Clearances
Permissions/Clearances,OVERFLIGHT COORDINATION -URGENT-MAURITANIA,Services,1OFPCU,Permissions/Clearances
Permissions/Clearances,OVERFLIGHT COORDINATION -URGENT-MOROCCO,Services,1OFPCU,Permissions/Clearances
Permissions/Clearances,OVERFLIGHT COORDINATION -URGENT-REPUBLIC OF KOREA,Services,1OFPCU,Permissions/Clearances
Permissions/Clearances,OVERFLIGHT COORDINATION -URGENT-RUSSIAN FEDERATION,Services,1OFPCU,Permissions/Clearances
Permissions/Clearances,OVERFLIGHT COORDINATION -URGENT-SAO TOME AND PRINCIPE,Services,1OFPCU,Permissions/Clearances
Permissions/Clearances,OVERFLIGHT COORDINATION-ALGERIA,Services,1DCO,Permissions/Clearances
Permissions/Clearances,OVERFLIGHT COORDINATION-ALGERIA.,Services,1DCO,Permissions/Clearances
Permissions/Clearances,OVERFLIGHT COORDINATION-ANGOLA,Services,1DCO,Permissions/Clearances
Permissions/Clearances,OVERFLIGHT COORDINATION-BELIZE,Services,1DCO,Permissions/Clearances
Permissions/Clearances,OVERFLIGHT COORDINATION-BENIN.,Services,1DCO,Permissions/Clearances
Permissions/Clearances,OVERFLIGHT COORDINATION-BOTSWANA,Services,1DCO,Permissions/Clearances
Permissions/Clearances,OVERFLIGHT COORDINATION-BOTSWANA.,Services,1DCO,Permissions/Clearances
Permissions/Clearances,OVERFLIGHT COORDINATION-BURKINA FASO .,Services,1DCO,Permissions/Clearances
Permissions/Clearances,OVERFLIGHT COORDINATION-BURUNDI,Services,1DCO,Permissions/Clearances
Permissions/Clearances,OVERFLIGHT COORDINATION-BURUNDI.,Services,1DCO,Permissions/Clearances
Permissions/Clearances,OVERFLIGHT COORDINATION-CAMEROON,Services,1DCO,Permissions/Clearances
Permissions/Clearances,OVERFLIGHT COORDINATION-CAPE VERDE,Services,1DCO,Permissions/Clearances
Permissions/Clearances,OVERFLIGHT COORDINATION-CENTRAL AFRICAN REPUBLIC,Services,1DCO,Permissions/Clearances
Permissions/Clearances,OVERFLIGHT COORDINATION-COLOMBIA,Services,1DCO,Permissions/Clearances
Permissions/Clearances,OVERFLIGHT COORDINATION-CONGO,Services,1DCO,Permissions/Clearances
Permissions/Clearances,OVERFLIGHT COORDINATION-COTE D'IVOIRE,Services,1DCO,Permissions/Clearances
Permissions/Clearances,OVERFLIGHT COORDINATION-COTE D'IVOIRE.,Services,1DCO,Permissions/Clearances
Permissions/Clearances,OVERFLIGHT COORDINATION-CUBA,Services,1DCO,Permissions/Clearances
Permissions/Clearances,OVERFLIGHT COORDINATION-DEMOCRATIC REPUBLIC OF THE CONGO,Services,1DCO,Permissions/Clearances
Permissions/Clearances,OVERFLIGHT COORDINATION-DEMOCRATIC REPUBLIC OF THE CONGO.,Services,1DCO,Permissions/Clearances
Permissions/Clearances,OVERFLIGHT COORDINATION-ETHIOPIA.,Services,1DCO,Permissions/Clearances
Permissions/Clearances,OVERFLIGHT COORDINATION-GAMBIA,Services,1DCO,Permissions/Clearances
Permissions/Clearances,OVERFLIGHT COORDINATION-GHANA,Services,1DCO,Permissions/Clearances
Permissions/Clearances,OVERFLIGHT COORDINATION-GUATEMALA,Services,1DCO,Permissions/Clearances
Permissions/Clearances,OVERFLIGHT COORDINATION-GUYANA,Services,1DCO,Permissions/Clearances
Permissions/Clearances,OVERFLIGHT COORDINATION-KENYA.,Services,1DCO,Permissions/Clearances
Permissions/Clearances,OVERFLIGHT COORDINATION-LIBERIA,Services,1DCO,Permissions/Clearances
Permissions/Clearances,OVERFLIGHT COORDINATION-MADAGASCAR,Services,1DCO,Permissions/Clearances
Permissions/Clearances,OVERFLIGHT COORDINATION-MALAWI,Services,1DCO,Permissions/Clearances
Permissions/Clearances,OVERFLIGHT COORDINATION-MALAWI-,Services,1DCO,Permissions/Clearances
Permissions/Clearances,OVERFLIGHT COORDINATION-MALAWI.,Services,1DCO,Permissions/Clearances
Permissions/Clearances,OVERFLIGHT COORDINATION-MALAYSIA,Services,1DCO,Permissions/Clearances
Permissions/Clearances,OVERFLIGHT COORDINATION-MALI.,Services,1DCO,Permissions/Clearances
Permissions/Clearances,OVERFLIGHT COORDINATION-MAURITANIA,Services,1DCO,Permissions/Clearances
Permissions/Clearances,OVERFLIGHT COORDINATION-MAURITIUS,Services,1DCO,Permissions/Clearances
Permissions/Clearances,OVERFLIGHT COORDINATION-MEXICO,Services,1DCO,Permissions/Clearances
Permissions/Clearances,OVERFLIGHT COORDINATION-MOROCCO,Services,1DCO,Permissions/Clearances
Permissions/Clearances,OVERFLIGHT COORDINATION-MOZAMBIQUE,Services,1DCO,Permissions/Clearances
Permissions/Clearances,OVERFLIGHT COORDINATION-MOZAMBIQUE-,Services,1DCO,Permissions/Clearances
Permissions/Clearances,OVERFLIGHT COORDINATION-MOZAMBIQUE.,Services,1DCO,Permissions/Clearances
Permissions/Clearances,OVERFLIGHT COORDINATION-NAMIBIA,Services,1DCO,Permissions/Clearances
Permissions/Clearances,OVERFLIGHT COORDINATION-NAMIBIA.,Services,1DCO,Permissions/Clearances
Permissions/Clearances,OVERFLIGHT COORDINATION-NIGER.,Services,1DCO,Permissions/Clearances
Permissions/Clearances,OVERFLIGHT COORDINATION-NIGERIA.,Services,1DCO,Permissions/Clearances
Permissions/Clearances,OVERFLIGHT COORDINATION-PAKISTAN,Services,1DCO,Permissions/Clearances
Permissions/Clearances,OVERFLIGHT COORDINATION-PHILIPPINES,Services,1DCO,Permissions/Clearances
Permissions/Clearances,OVERFLIGHT COORDINATION-REPUBLIC OF KOREA,Services,1DCO,Permissions/Clearances
Permissions/Clearances,OVERFLIGHT COORDINATION-RUSSIAN FEDERATION,Services,1DCO,Permissions/Clearances
Permissions/Clearances,OVERFLIGHT COORDINATION-RWANDA,Services,1DCO,Permissions/Clearances
Permissions/Clearances,OVERFLIGHT COORDINATION-SENEGAL,Services,1DCO,Permissions/Clearances
Permissions/Clearances,OVERFLIGHT COORDINATION-SHORT NOTICE-CUBA,Services,1SNP,Permissions/Clearances
Permissions/Clearances,OVERFLIGHT COORDINATION-SHORT NOTICE-CUBA-CUBA,Services,1SNP,Permissions/Clearances
Permissions/Clearances,OVERFLIGHT COORDINATION-SUDAN,Services,1DCO,Permissions/Clearances
Permissions/Clearances,OVERFLIGHT COORDINATION-SUDAN.,Services,1DCO,Permissions/Clearances
Permissions/Clearances,OVERFLIGHT COORDINATION-TAIWAN PROVINCE OF CHINA,Services,1DCO,Permissions/Clearances
Permissions/Clearances,OVERFLIGHT COORDINATION-TURKMENISTAN,Services,1DCO,Permissions/Clearances
Permissions/Clearances,OVERFLIGHT COORDINATION-UGANDA,Services,1DCO,Permissions/Clearances
Permissions/Clearances,OVERFLIGHT COORDINATION-UNITED REPUBLIC OF TANZAN.IA,Services,1DCO,Permissions/Clearances
Permissions/Clearances,OVERFLIGHT COORDINATION-UNITED REPUBLIC OF TANZANIA,Services,1DCO,Permissions/Clearances
Permissions/Clearances,OVERFLIGHT COORDINATION-ZAMBIA,Services,1DCO,Permissions/Clearances
Permissions/Clearances,OVERFLIGHT COORDINATION-ZAMBIA.,Services,1DCO,Permissions/Clearances
Permissions/Clearances,OVERFLIGHT COORDINATION-ZIMBABWE,Services,1DCO,Permissions/Clearances
Permissions/Clearances,OVERFLIGHT COORDINATION-ZIMBABWE.,Services,1DCO,Permissions/Clearances
Permissions/Clearances,BLANKET LANDING COORDINATION-CUBA EXPIRES 06/30/2020,Services,1BLCO,
Permissions/Clearances,BLANKET OVERFLIGHT COORDINATION -CUBA-EXPIRES 05/31/2020,Services,1BLOFCCU,
Permissions/Clearances,BLANKET OVERFLIGHT COORDINATION -CUBA-EXPIRES 07/31/2020,Services,1BLOFCCU,
Permissions/Clearances,BLANKET OVERFLIGHT COORDINATION -CUBA-EXPIRES 08/31/2020,Services,1BLOFCCU,
Permissions/Clearances,BLANKET OVERFLIGHT COORDINATION -CUBA-EXPIRES 09/30/2020,Services,1BLOFCCU,
Permissions/Clearances,BLANKET OVERFLIGHT COORDINATION -CUBA-EXPIRES 10/30/2020,Services,1BLOFCCU,
Permissions/Clearances,BLANKET OVERFLIGHT COORDINATION -CUBA-EXPIRES 12/31/2020,Services,1BLOFCCU,
Permissions/Clearances,*AIRPORT FEES-FIRE SERVICE,Services,2AC,
Permissions/Clearances,*PERMIT PROCEDURE CHARGES-CUBA - CALL SIGN: AAG45,Services,2BLPE,
Permissions/Clearances,*PERMIT PROCEDURE CHARGES-CUBA APRIL 2020 - CALL SIGN: AAG45,Services,2BLPE,
Permissions/Clearances,*PERMIT PROCEDURE CHARGES-CUBA AUGUST - CALL SIGN: AAG45,Services,2BLPE,
Permissions/Clearances,*PERMIT PROCEDURE CHARGES-CUBA JULY - CALL SIGN: AAG45,Services,2BLPE,
Permissions/Clearances,*PERMIT PROCEDURE CHARGES-CUBA JUNE 2020 - CALL SIGN: AAG45,Services,2BLPE,
Permissions/Clearances,*PERMIT PROCEDURE CHARGES-CUBA MAY - CALL SIGN: AAG45,Services,2BLPE,
Permissions/Clearances,*PERMIT PROCEDURE CHARGES-CUBA NOVEMBER - CALL SIGN: AAG45,Services,2BLPE,
Permissions/Clearances,*PERMIT PROCEDURE CHARGES-CUBA SEPTEMBER - CALL SIGN: AAG45,Services,2BLPE,
Permissions/Clearances,*NAVIGATION FEES-CUBA - PXG35,Services,2NF,
Permissions/Clearances,*NAVIGATION FEES-CUBA - PXG981,Services,2NF,
Permissions/Clearances,*NAVIGATION FEES-CUBA AUGUST - CALL SIGN: PXG35,Services,2NF,
Permissions/Clearances,*NAVIGATION FEES-CUBA AUGUST - CALL SIGN: PXG981,Services,2NF,
Permissions/Clearances,*OVERFLIGHT PERMIT-BOGOTA,Services,,
Permissions/Clearances,OVERFLIGHT PERMIT COORDINATION-NICARAGUA,Services,,
Permissions/Clearances,OVERFLIGHT PERMIT COORDINATION -URGENT-MEXICO,Services,,
Permissions/Clearances,OVERFLIGHT NOTIFICATION-CENAMER,Services,,
Permissions/Clearances,OVERFLIGHT PERMIT COORDINATION -URGENT-BELIZE,Services,,
Permissions/Clearances,OVERFLIGHT PERMIT COORDINATION -URGENT-HAITI,Services,,
Permissions/Clearances,*NAVIGATION FEES-CHILE,Services,,
Permissions/Clearances,*AIRPORT FEES-UK BORDER FORCE CHARGE,Services,,
Permissions/Clearances,*NAVIGATION FEES-SENEGAM,Services,,
Permissions/Clearances,*NAVIGATION FEES-SENEAM,Services,,
Ramp,DEPARTURE FEE,Contract,8838,
Ramp,DEPARTURE FEE - EA,Contract,8216,
Ramp,RAMP HANDLING FEE,Contract,8219,
Ramp,RAMP ACCESS-PICK UP,Contract,8047,
Ramp,RAMP FEE,Retail,2RF,
Ramp,*CREW TRANSPORT-RAMP,Services,2CT,
Ramp,*CREW TRANSPORT-RAMP,Services,7CT,
Ramp,*RAMP FEE,Services,2RF,
Ramp,*AIRPORT FEES-RAMP,Services,2AC,
Flight Plans,*APU/GPU CHARGES-GPU 10 HRS/RAMP LADDER 10 HRS/ SHUTTLE 3 TIMES,Services,2APU,
Flight Plans,*APU/GPU CHARGES-GPU 5 HRS/RAMP LADDER 5 HRS/ SHUTTLE 3 TIMES,Services,2APU,
Flight Plans,*APU/GPU CHARGES-GPU 6 HRS/RAMP LADDER 6 HRS/ SHUTTLE 3 TIMES,Services,2APU,
Flight Plans,*APU/GPU CHARGES-GPU 8 HRS/RAMP LADDER 8 HRS/ SHUTTLE 4 TIMES,Services,2APU,
Flight Plans,*APU/GPU CHARGES-GPU 9 HRS/RAMP LADDER 9 HRS/ SHUTTLE 4 TIMES,Services,2APU,
Ramp,*CREW SERVICES-CREW RAMP MOVEMENT,Services,2CRSVC,
Ramp,*CREW TRANSPORT-& RAMP TRANSPORT,Services,2CT,
Ramp,*CREW TRANSPORT-CREW RAMP MVT,Services,2CT,
Ramp,*GROUND EQUIPMENT CHARGE-3RD PARTY RAMP,Services,2GE,
Ramp,*GROUND EQUIPMENT CHARGE-RAMP,Services,2GE,
Ramp,*GROUND EQUIPMENT CHARGE-RAMP,Services,2GE,
Ramp,*MISCELLANEOUS-RAMP SERVICES,Services,2MISC,
Ramp,*PASSENGER SERVICES-PAX RAMP MOVEMENT,Services,2PS,
Ramp,*RAMP  FEE,Services,7RF,
Ramp,*RAMP  FEE-CREW - MOVEMENT,Services,7RF,
Ramp,*RAMP  FEE-CREW PASSES,Services,7RF,
Ramp,*RAMP FEE-& TRAFFIC SERVICES,Services,2RF,
Ramp,*RAMP FEE-APRON,Services,2RF,
Ramp,*RAMP FEE-APRON / GATE USE,Services,2RF,
Ramp,*RAMP FEE-APRON BUS,Services,2RF,
Ramp,*RAMP FEE-APRON/GATE USE,Services,2RF,
Ramp,*RAMP FEE-ARRIVAL,Services,2RF,
Ramp,*RAMP FEE-ARRIVAL/DEPARTURE,Services,2RF,
Ramp,*RAMP FEE-ATS HANDLER RAMP,Services,2RF,
Ramp,*RAMP FEE-BUS,Services,2RF,
Ramp,*RAMP FEE-BUS CREW,Services,2RF,
Ramp,*RAMP FEE-BUS TRANSPORTATION,Services,2RF,
Ramp,*RAMP FEE-BY ASUR,Services,2RF,
Ramp,*RAMP FEE-BY GAP,Services,2RF,
Ramp,*RAMP FEE-BY GAP,Services,2RF,
Ramp,*RAMP FEE-BY OMA,Services,2RF,
Ramp,*RAMP FEE-CREW & HANDLER RAMP PASS,Services,2RF,
Ramp,*RAMP FEE-CREW - MOVEMENT,Services,2RF,
Ramp,*RAMP FEE-CREW SHUTTLE,Services,2RF,
Ramp,*RAMP FEE-CREW+ PASSANGER,Services,2RF,
Ramp,*RAMP FEE-DEDICATED RAMP STAFF,Services,2RF,
Ramp,*RAMP FEE-DEPARTURE,Services,2RF,
Ramp,*RAMP FEE-DORTMUND AIRPORT,Services,2RF,
Ramp,*RAMP FEE-GAK AIRPORT RAMP ACCESS PASS,Services,2RF,
Ramp,*RAMP FEE-HANDLER RAMP PASS CHARGE,Services,2RF,
Ramp,*RAMP FEE-IN,Services,2RF,
Ramp,*RAMP FEE-LABOR,Services,2RF,
Ramp,*RAMP FEE-LIMOUSINE ON RAMP,Services,2RF,
Ramp,*RAMP FEE-MEXICO,Services,2RF,
Ramp,*RAMP FEE-OUT,Services,2RF,
Ramp,*RAMP FEE-OVERNIGHT,Services,2RF,
Ramp,*RAMP FEE-PASSENGER RAMP SHUTTLE CHARGE,Services,2RF,
Ramp,*RAMP FEE-PASSENGER SHUTTLE,Services,2RF,
Ramp,*RAMP FEE-PASSENGER SHUTTLE BUS,Services,2RF,
Ramp,*RAMP FEE-PAX/CREW,Services,2RF,
Ramp,*RAMP FEE-PLATINUM FLIGHT CENTER,Services,2RF,
Ramp,*RAMP FEE-RAMP ACCESS FEE BY GAP,Services,2RF,
Ramp,*RAMP FEE-RAMP BUS,Services,2RF,
Ramp,*RAMP FEE-RAMP SERVICE,Services,2RF,
Ramp,*RAMP FEE-RAMP TRANSPORTATION,Services,2RF,
Ramp,*RAMP FEE-SECURITY,Services,2RF,
Ramp,*RAMP FEE-SHUTTLE BUS,Services,2RF,
Ramp,*RAMP FEE-TRANSFER,Services,2RF,
Ramp,*RAMP FEE-TRANSPORTATION,Services,2RF,
Ramp,*RAMP FEE-VEHICLE ACCESS,Services,2RF,
Ramp,*RAMP FEE-VEHICLE ACCESS TO PLATAFORM,Services,2RF,
Ramp,*RAMP FEE-VEHICLE ACCESS TO PLATFORM,Services,2RF,
Ramp,*RAMP FEE-VIP RAMP BUS PASSENGER,Services,2RF,
Ramp,*RAMP FEE-WHEELCHAIR SERVICES,Services,2RF,
Ramp,*SECURITY-RAMP SECURITY,Services,2SE,
Ramp,*TRANSPORTATION-PAX - RAMP - BUS,Services,2TR,
Ramp,*TRANSPORTATION-PAX RAMP MVT,Services,2TR,
Ramp,*TRANSPORTATION-RAMP,Services,2TR,
Ramp,*TRANSPORTATION-RAMP BUS FOR CREW,Services,2TR,
Ramp,*TRANSPORTATION-RAMP PASSENGER,Services,2TR,
Ramp,*TRANSPORTATION-RAMP SHUTTLE BUS,Services,2TR,
Ramp,*TRANSPORTATION-RAMP TRANSPORT,Services,2TR,
Ramp,*TRANSPORTATION-RAMP TRANSPORTATION,Services,2TR,
Ramp,*TRANSPORTATION-RAMP TRANSPORTATION FEE : CRE TRANSPORTATION ON APRON,Services,2TR,
Ramp,*TRANSPORTATION-VIP - RAMP,Services,7TR,
Ramp,*VIP SERVICES-G.A.T. VIP MANAGEMENT & PAX/CREW RAMP ACCESS FEE,Services,2VIPSVC,
Ramp,*VIP SERVICES-GAT VIP MANAGEMENT & PAX CREW RAMP ACCESS FEE,Services,2VIPSVC,
Ramp,*VIP SERVICES-PASSENGER RAMP SHUTTLE,Services,2VIPSVC,
Ramp,*VIP SERVICES-RAMP BUS PASSENGER,Services,2VIPSVC,
Ramp,*VIP SERVICES-VIP MANAGEMENT & PAX/CREW RAMP FEE,Services,2VIPSVC,
Ramp,*CREW SERVICES,Services,2CRSVC,Ramp
Ramp,*CREW SERVICES-CREW BRIEFING,Services,2CRSVC,Ramp
Ramp,*CREW SERVICES-INBOUND,Services,2CRSVC,Ramp
Ramp,*CREW SERVICES-OUTBOUND,Services,2CRSVC,Ramp
Ramp,*CREW SERVICES-ULT CONTROL AND CREW DECLARATION,Services,2CRSVC,Ramp
Ramp,*CREW TRANSPORT-A/C TERMINIAL-A/C,Services,2CT,Ramp
Ramp,*CREW TRANSPORT-A/C-GAT,Services,2CT,Ramp
Ramp,*CREW TRANSPORT-AIRSIDE,Services,2CT,Ramp
Ramp,*CREW TRANSPORT-APT-HTL-APT,Services,7CT,Ramp
Ramp,*CREW TRANSPORT-APT/HTL/AP,Services,7CT,Ramp
Ramp,*CREW TRANSPORT-APT/HTL/APT,Services,2CT,Ramp
Ramp,*CREW TRANSPORT-ARRIVAL,Services,2CT,Ramp
Ramp,*CREW TRANSPORT-ARRIVAL/DEPARTURE,Services,2CT,Ramp
Ramp,*CREW TRANSPORT-CANCELLED,Services,2CT,Ramp
Ramp,*CREW TRANSPORT-CAPT - ANKIT DHAND,Services,2CT,Ramp
Ramp,*CREW TRANSPORT-CAPT BI HAIPENG,Services,2CT,Ramp
Ramp,*CREW TRANSPORT-CAPT MICHAEL,Services,2CT,Ramp
Ramp,*CREW TRANSPORT-CITY TRANSFER,Services,7CT,Ramp
Ramp,*CREW TRANSPORT-CONRAD TOKYO-HND,Services,2CT,Ramp
Ramp,*CREW TRANSPORT-CREW LIMOUSINE,Services,2CT,Ramp
Ramp,*CREW TRANSPORT-CREW LIMOUSINE SERVICE,Services,2CT,Ramp
Ramp,*CREW TRANSPORT-CREW MVT A/P-HTL-A/P,Services,2CT,Ramp
Ramp,*CREW TRANSPORT-DAVIES-AIRPORT-AS DIRECTED,Services,2CT,Ramp
Ramp,*CREW TRANSPORT-DCAF/IBN BATUTTA,Services,2CT,Ramp
Ramp,*CREW TRANSPORT-DEPARTURE,Services,2CT,Ramp
Ramp,*CREW TRANSPORT-FBO - JW MARRIOTT - FBO,Services,2CT,Ramp
Ramp,*CREW TRANSPORT-FBO-AIRPORT-FBO,Services,2CT,Ramp
Ramp,*CREW TRANSPORT-FBO-JW MARRIOTT-FBO,Services,2CT,Ramp
Ramp,*CREW TRANSPORT-FROM A/C TO GATE AND BACK,Services,2CT,Ramp
Ramp,*CREW TRANSPORT-FROM A/C TO GATE AND BACK,Services,2CT,Ramp
Ramp,*CREW TRANSPORT-FROM AIRPORT TO DESTINATION,Services,2CT,Ramp
Ramp,*CREW TRANSPORT-GAP > JET,Services,2CT,Ramp
Ramp,*CREW TRANSPORT-HILTON TOKY0,Services,2CT,Ramp
Ramp,*CREW TRANSPORT-HILTON TOKYO,Services,2CT,Ramp
Ramp,*CREW TRANSPORT-HILTON TOKYO TO HND,Services,2CT,Ramp
Ramp,*CREW TRANSPORT-HIROSHIMA SOGO GROUND,Services,2CT,Ramp
Ramp,*CREW TRANSPORT-HND TO HILTON TOKYO,Services,2CT,Ramp
Ramp,*CREW TRANSPORT-HND-CONRAD TOKYO,Services,2CT,Ramp
Ramp,*CREW TRANSPORT-IBN BATUTTA/DCAF,Services,2CT,Ramp
Ramp,*CREW TRANSPORT-JAN 02 JAN 06,Services,2CT,Ramp
Ramp,*CREW TRANSPORT-JET > GAP,Services,2CT,Ramp
Ramp,*CREW TRANSPORT-KALANITHI MARAN,Services,2CT,Ramp
Ramp,*CREW TRANSPORT-LOPEZ/CREW 01/02-03/20,Services,2CT,Ramp
Ramp,*CREW TRANSPORT-LOPEZ/CREW 12/27-28/19,Services,2CT,Ramp
Ramp,*CREW TRANSPORT-MEXICO,Services,2CT,Ramp
Ramp,*CREW TRANSPORT-MVT A/P-HTL-A/P,Services,2CT,Ramp
Ramp,*CREW TRANSPORT-OUTSIDE AIRPORT,Services,2CT,Ramp
Ramp,*CREW TRANSPORT-RJCC-ANA CROWN PLAZA,Services,2CT,Ramp
Ramp,*CREW TRANSPORT-RJEC-WBF GRANDE ASAHIKAWA,Services,2CT,Ramp
Ramp,*CREW TRANSPORT-SERVICE AS DIRECTED,Services,2CT,Ramp
Ramp,*CREW TRANSPORT-SHERATON GRAND HIROSHIMA,Services,2CT,Ramp
Ramp,*CREW TRANSPORT-SHUTTLE,Services,2CT,Ramp
Ramp,*CREW TRANSPORT-STATION MMMX,Services,2CT,Ramp
Ramp,*CREW TRANSPORT-TAXI,Services,2CT,Ramp
Ramp,*CREW TRANSPORT-VIA ELS TO/FROM,Services,2CT,Ramp
Ramp,*CREW TRANSPORT-VLLB,Services,2CT,Ramp
Ramp,*CREW TRANSPORT-VLVT,Services,2CT,Ramp
Ramp,*CREW TRANSPORT-YUJIE SUN +2,Services,2CT,Ramp
Flight Plans,*GPU,Services,2GE,Ramp
Ramp,*GROUND EQUIPMENT CHARGE-BOARDING,Services,2GE,Ramp
Ramp,*GROUND EQUIPMENT CHARGE-DECK LOADER,Services,2GE,Ramp
Ramp,*GROUND EQUIPMENT CHARGE-FORK LIFT,Services,2GE,Ramp
Ramp,*GROUND EQUIPMENT CHARGE-GROUND POWER UNIT,Services,2GE,Ramp
Ramp,"*GROUND EQUIPMENT CHARGE-GSE EQUIPMENT - OUSHBACK, STAIRS, RECEIPT & DISPATCH ",Services,2GE,Ramp
Ramp,*GROUND EQUIPMENT CHARGE-HI LOADER,Services,2GE,Ramp
Ramp,*GROUND EQUIPMENT CHARGE-K LOADER / QTY 2,Services,2GE,Ramp
Ramp,*GROUND EQUIPMENT CHARGE-LADDER,Services,2GE,Ramp
Ramp,*GROUND EQUIPMENT CHARGE-LOADING/OFFLOADING,Services,2GE,Ramp
Ramp,*GROUND EQUIPMENT CHARGE-RUNWAY LIGHTING,Services,2GE,Ramp
Ramp,*GROUND EQUIPMENT CHARGE-TRACTOR,Services,2GE,Ramp
Ramp,*GROUND EQUIPMENT CHARGE-TUG HIRE,Services,2GE,Ramp
Ramp,*SPIRE - TRANSPORTATION-YSTW - BEST WESTERN SANCTUARY INN,Services,7TR,Ramp
Ramp,*TAKE OFF FEE-& LANDING - OFF PEAK,Services,2TO,Jet Fuel
Ramp,*TAKE OFF FEE-& LANDING - PEAK,Services,2TO,Jet Fuel
Ramp,*TAKE OFF FEE-ATC,Services,2TO,Jet Fuel
Ramp,*TAKE OFF FEE-ATC CHARGE,Services,2TO,Jet Fuel
Ramp,*TAKE OFF FEE-INTERNATIONAL TAKE OFF,Services,2TO,Jet Fuel
Ramp,*TAKE OFF FEE-NIGHT SURCHARGE,Services,2TO,Jet Fuel
Ramp,*TRANSPORTATION - AIRSIDE,Services,2TR,Ramp
Ramp,*TRANSPORTATION - AIRSIDE-ACCESS CONTROL TO AIRSIDE,Services,2TR,Ramp
Ramp,*TRANSPORTATION-#632151/632150,Services,2TR,Ramp
Ramp,*TRANSPORTATION-1/25 FROM KOAK - ST FRANCIS 1/26 ST. FRANCIS - KOAK,Services,2TR,Ramp
Ramp,*TRANSPORTATION-298208*1 HELICOPTER,Services,2TR,Ramp
Ramp,*TRANSPORTATION-298208*2 HELICOPTER,Services,2TR,Ramp
Ramp,*TRANSPORTATION-298208*3,Services,2TR,Ramp
Ramp,*TRANSPORTATION-298668*1,Services,2TR,Ramp
Ramp,*TRANSPORTATION-298996*1,Services,2TR,Ramp
Ramp,*TRANSPORTATION-298996*3,Services,2TR,Ramp
Ramp,*TRANSPORTATION-299474*1,Services,2TR,Ramp
Ramp,*TRANSPORTATION-3RD PARTY,Services,2TR,Ramp
Ramp,*TRANSPORTATION-81JMRN/1,Services,2TR,Ramp
Ramp,*TRANSPORTATION-AGENT TRANSPORTATION,Services,2TR,Ramp
Ramp,*TRANSPORTATION-AIRSIDE,Services,7TR,Ramp
Ramp,*TRANSPORTATION-APT/HTL/APT,Services,2TR,Ramp
Ramp,*TRANSPORTATION-ASHISH GUPTA,Services,2TR,Ramp
Ramp,*TRANSPORTATION-ATO-CITY-ATO,Services,2TR,Ramp
Ramp,*TRANSPORTATION-BATTERY REMOVAL,Services,2TR,Ramp
Ramp,*TRANSPORTATION-BENISEK AIRPORT/MARGARETVILLE,Services,2TR,Ramp
Ramp,*TRANSPORTATION-BENISEK MARGARETVILLE,Services,2TR,Ramp
Ramp,*TRANSPORTATION-BHLS,Services,2TR,Ramp
Ramp,*TRANSPORTATION-C.A.B. FEE PER PAX,Services,2TR,Ramp
Ramp,*TRANSPORTATION-C8QF2N/1,Services,2TR,Ramp
Ramp,*TRANSPORTATION-CAPT ASHRAF,Services,2TR,Ramp
Ramp,*TRANSPORTATION-CAPTAIN ASHRAF,Services,2TR,Ramp
Ramp,*TRANSPORTATION-CAPTAIN LAMBA,Services,2TR,Ramp
Ramp,*TRANSPORTATION-CAPTAIN PAUL ADHARAN,Services,2TR,Ramp
Ramp,*TRANSPORTATION-CAROSA LIMO / CREW,Services,2TR,Ramp
Ramp,*TRANSPORTATION-CAROSA LIMO / PAX,Services,2TR,Ramp
Ramp,*TRANSPORTATION-CATERING,Services,2TR,Ramp
Ramp,*TRANSPORTATION-CATERING TRANSPO,Services,2TR,Ramp
Ramp,*TRANSPORTATION-CATHCART-AIRPORT TO AS DIRECTED,Services,2TR,Ramp
Ramp,*TRANSPORTATION-CHOICE TAXI,Services,2TR,Ramp
Ramp,*TRANSPORTATION-CHOICE TAXI,Services,2TR,Ramp
Ramp,*TRANSPORTATION-COORDINATION,Services,2TR,Ramp
Ramp,*TRANSPORTATION-CPT . MICHEAL,Services,2TR,Ramp
Ramp,*TRANSPORTATION-CPT ASHRAF,Services,2TR,Ramp
Ramp,*TRANSPORTATION-CPT SHARANJIT SINGH LAMB,Services,2TR,Ramp
Ramp,*TRANSPORTATION-CREW & APRON,Services,7TR,Ramp
Ramp,*TRANSPORTATION-CREW & PAX,Services,2TR,Ramp
Ramp,*TRANSPORTATION-CREW/PAX,Services,2TR,Ramp
Ramp,*TRANSPORTATION-DECKOFF AIRPORT - AS DIRECTED,Services,2TR,Ramp
Ramp,*TRANSPORTATION-DROP OFF FEE,Services,2TR,Ramp
Ramp,*TRANSPORTATION-EXTRA VAN,Services,2TR,Ramp
Ramp,*TRANSPORTATION-F4M08P/1,Services,2TR,Ramp
Ramp,*TRANSPORTATION-F4M08P/2,Services,2TR,Ramp
Ramp,*TRANSPORTATION-FBO SHUTTLE,Services,2TR,Ramp
Ramp,*TRANSPORTATION-FBO SHUTTLE,Services,2TR,Ramp
Ramp,*TRANSPORTATION-FBO TO WATER COLORS,Services,2TR,Ramp
Ramp,*TRANSPORTATION-GARAVENTE/AIRPORT,Services,2TR,Ramp
Ramp,*TRANSPORTATION-GB TRANSPORTATION / TAXI / R. SMAGLIK,Services,2TR,Ramp
Ramp,*TRANSPORTATION-GRAIN-AIRPORT TO AS DIRECTED,Services,2TR,Ramp
Ramp,*TRANSPORTATION-GRAIN-YACHT TO AIRPORT,Services,2TR,Ramp
Ramp,*TRANSPORTATION-GROUND,Services,2TR,Ramp
Ramp,*TRANSPORTATION-GROUND AMBULANCE,Services,2TR,Ramp
Ramp,*TRANSPORTATION-GROUND TRANSPORTATION,Services,2TR,Ramp
Ramp,*TRANSPORTATION-HANDLER,Services,2TR,Ramp
Ramp,*TRANSPORTATION-HAYWARD CHAUFFEUR,Services,2TR,Ramp
Ramp,*TRANSPORTATION-HELGESON AIRPORT/AS DIRECTED,Services,2TR,Ramp
Ramp,*TRANSPORTATION-HELICOPTER RENTAL,Services,2TR,Ramp
Ramp,*TRANSPORTATION-HERTZ CAR RENTAL- POPE FIELD NC,Services,2TR,Ramp
Ramp,*TRANSPORTATION-HND TO THE MARRIOTT TOKYO,Services,2TR,Ramp
Ramp,*TRANSPORTATION-HND TO THE PENINSULA TOKYO,Services,2TR,Ramp
Ramp,*TRANSPORTATION-HND TO THE PENNINSULA TOKYO,Services,2TR,Ramp
Ramp,*TRANSPORTATION-HND-PENINSULA TOKYO,Services,2TR,Ramp
Ramp,*TRANSPORTATION-INCL WAITING CHARGES & ARRANGEMENT FEES,Services,2TR,Ramp
Ramp,*TRANSPORTATION-INSIDE TERMINAL,Services,2TR,Ramp
Ramp,*TRANSPORTATION-INSIDE TERMINAL,Services,2TR,Ramp
Ramp,*TRANSPORTATION-ISLAND BOY,Services,2TR,Ramp
Ramp,*TRANSPORTATION-JULIAN FLEMING,Services,2TR,Ramp
Ramp,*TRANSPORTATION-KALANITHI MARAN,Services,2TR,Ramp
Ramp,*TRANSPORTATION-KALANITHI MARAN,Services,2TR,Ramp
Ramp,*TRANSPORTATION-KAVERY KALANITHI,Services,2TR,Ramp
Ramp,*TRANSPORTATION-KRISHNAN-FBO-JFK AIRPORT,Services,2TR,Ramp
Ramp,*TRANSPORTATION-LIMO,Services,2TR,Ramp
Ramp,*TRANSPORTATION-LIMO FROM ARISTON MI TO GAT,Services,2TR,Ramp
Ramp,*TRANSPORTATION-LIMOUSINE - FROM ARISTON MI,Services,2TR,Ramp
Ramp,*TRANSPORTATION-LIMOUSINE - FROM MXP TO NH TOURING MILAN,Services,2TR,Ramp
Ramp,*TRANSPORTATION-LIMOUSINE - FROM NH PORTA NUOVA,Services,2TR,Ramp
Ramp,*TRANSPORTATION-LIMOUSINE - FROM NH TOURING MILAN,Services,2TR,Ramp
Ramp,*TRANSPORTATION-LIMOUSINE - FROM SHERATON T1,Services,2TR,Ramp
Ramp,*TRANSPORTATION-LIMOUSINE - TO ARISTON MI,Services,2TR,Ramp
Ramp,*TRANSPORTATION-LIMOUSINE - TO NH PORTA NUOVA,Services,2TR,Ramp
Ramp,*TRANSPORTATION-LIMOUSINE - TO SHERATON T1,Services,2TR,Ramp
Ramp,*TRANSPORTATION-MANGEOT AIRPORT/CREW,Services,2TR,Ramp
Ramp,*TRANSPORTATION-MARRIOTT TOKYO TO HND,Services,2TR,Ramp
Ramp,*TRANSPORTATION-MATHIEU/ARRANGED LOCATION/AIRPORT,Services,2TR,Ramp
Ramp,*TRANSPORTATION-MEDICAL TRANSPORTATION,Services,2TR,Ramp
Ramp,*TRANSPORTATION-MINIBUS TO/FROM MARRIOTT C,Services,2TR,Ramp
Ramp,*TRANSPORTATION-MINIVAN ON ARRIVAL,Services,2TR,Ramp
Ramp,*TRANSPORTATION-MJ2GDN/1,Services,2TR,Ramp
Ramp,*TRANSPORTATION-MJ2GDN/3,Services,2TR,Ramp
Ramp,*TRANSPORTATION-MR DIVYA GEHLAUT,Services,2TR,Ramp
Ramp,*TRANSPORTATION-MR KI HAK SUNG,Services,2TR,Ramp
Ramp,*TRANSPORTATION-MR PRABHAKARAN,Services,2TR,Ramp
Ramp,*TRANSPORTATION-MR SUNG KI HAK,Services,2TR,Ramp
Ramp,*TRANSPORTATION-MR SUNG KI HAK,Services,2TR,Ramp
Ramp,*TRANSPORTATION-MR SUNGKI HAK,Services,2TR,Ramp
Ramp,*TRANSPORTATION-MR YUNJIE ZHOU,Services,2TR,Ramp
Ramp,*TRANSPORTATION-MS. KARISHMA,Services,2TR,Ramp
Ramp,*TRANSPORTATION-NIGHT SURCHARGE,Services,2TR,Ramp
Ramp,*TRANSPORTATION-PAC CREW/PASSENGER,Services,2TR,Ramp
Ramp,*TRANSPORTATION-PAC FOR CREW/PAX,Services,2TR,Ramp
Ramp,*TRANSPORTATION-PASSANGER/PENINSULA TOKYO,Services,2TR,Ramp
Ramp,*TRANSPORTATION-PASSENGER,Services,2TR,Ramp
Ramp,*TRANSPORTATION-PASSENGER A/C-TERMINAL-A/C,Services,2TR,Ramp
Ramp,*TRANSPORTATION-PASSENGER FBO- SHANGRI-LA TANGSHAN,Services,2TR,Ramp
Ramp,*TRANSPORTATION-PASSENGER INCLUDING GUIDE,Services,2TR,Ramp
Ramp,*TRANSPORTATION-PASSENGER LIMOUSINE SERVICE,Services,2TR,Ramp
Ramp,*TRANSPORTATION-PASSENGER RENTAL SERVICE FBO,Services,2TR,Ramp
Ramp,*TRANSPORTATION-PASSENGER SHUTTLE,Services,2TR,Ramp
Ramp,*TRANSPORTATION-PASSENGER TRANSPORTATION (FIRST CLASS CAR),Services,2TR,Ramp
Ramp,*TRANSPORTATION-PAUL BUCKINGHAM,Services,2TR,Ramp
Ramp,*TRANSPORTATION-PAX,Services,2TR,Ramp
Ramp,*TRANSPORTATION-PAX TRANSPORTATION,Services,2TR,Ramp
Ramp,*TRANSPORTATION-PENINSULA TOKYO-HND,Services,2TR,Ramp
Ramp,*TRANSPORTATION-PUSH CART,Services,2TR,Ramp
Ramp,*TRANSPORTATION-QTY 3,Services,2TR,Ramp
Ramp,*TRANSPORTATION-QTY 4,Services,2TR,Ramp
Ramp,*TRANSPORTATION-RENTAL SERVICE PASSENGER,Services,2TR,Ramp
Ramp,*TRANSPORTATION-RES#2494904*1,Services,2TR,Ramp
Ramp,*TRANSPORTATION-RES#288449*14,Services,2TR,Ramp
Ramp,*TRANSPORTATION-RES#288449*2,Services,2TR,Ramp
Ramp,*TRANSPORTATION-RES#288449*3,Services,2TR,Ramp
Ramp,*TRANSPORTATION-RES#288449*8,Services,2TR,Ramp
Ramp,*TRANSPORTATION-RES#296080*1,Services,2TR,Ramp
Ramp,*TRANSPORTATION-RES#296080*2,Services,2TR,Ramp
Ramp,*TRANSPORTATION-RES#296304*1,Services,2TR,Ramp
Ramp,*TRANSPORTATION-RES#296304*2,Services,2TR,Ramp
Ramp,*TRANSPORTATION-RES#296304*3,Services,2TR,Ramp
Ramp,*TRANSPORTATION-RES#297524*1,Services,2TR,Ramp
Ramp,*TRANSPORTATION-RES#297954*1,Services,2TR,Ramp
Ramp,*TRANSPORTATION-RES#298092*1,Services,2TR,Ramp
Ramp,*TRANSPORTATION-RES#298208*4,Services,2TR,Ramp
Ramp,*TRANSPORTATION-RES#298208*5 HELICOPTER,Services,2TR,Ramp
Ramp,*TRANSPORTATION-RES#298208*6 HELICOPTER,Services,2TR,Ramp
Ramp,*TRANSPORTATION-RES#298668*2,Services,2TR,Ramp
Ramp,*TRANSPORTATION-RES#299633*1,Services,2TR,Ramp
Ramp,*TRANSPORTATION-RES#299633*2,Services,2TR,Ramp
Ramp,*TRANSPORTATION-RES#299633*3,Services,2TR,Ramp
Ramp,*TRANSPORTATION-RES#299633*4,Services,2TR,Ramp
Ramp,*TRANSPORTATION-RES#299633*5,Services,2TR,Ramp
Ramp,*TRANSPORTATION-RES#299633*6,Services,2TR,Ramp
Ramp,*TRANSPORTATION-RES#: 294624*1,Services,2TR,Ramp
Ramp,*TRANSPORTATION-RES*298208*7,Services,2TR,Ramp
Ramp,*TRANSPORTATION-RES*298208*8,Services,2TR,Ramp
Ramp,*TRANSPORTATION-RES*298996*2,Services,2TR,Ramp
Ramp,*TRANSPORTATION-RES*298996*4,Services,2TR,Ramp
Ramp,*TRANSPORTATION-RES*300239*1,Services,2TR,Ramp
Ramp,*TRANSPORTATION-RES*300239*2,Services,2TR,Ramp
Ramp,*TRANSPORTATION-RES*300239*3,Services,2TR,Ramp
Ramp,*TRANSPORTATION-RES*300239*4,Services,2TR,Ramp
Ramp,*TRANSPORTATION-RES*300239*5,Services,2TR,Ramp
Ramp,*TRANSPORTATION-RES*300239*6,Services,2TR,Ramp
Ramp,*TRANSPORTATION-RES*300329*1,Services,2TR,Ramp
Ramp,*TRANSPORTATION-RES*300329*2,Services,2TR,Ramp
Ramp,*TRANSPORTATION-RES*300329*3,Services,2TR,Ramp
Ramp,*TRANSPORTATION-RES*300329*4,Services,2TR,Ramp
Ramp,*TRANSPORTATION-RES*300947*1,Services,2TR,Ramp
Ramp,*TRANSPORTATION-RES*301043*1,Services,2TR,Ramp
Ramp,*TRANSPORTATION-RES*301081*1,Services,2TR,Ramp
Ramp,*TRANSPORTATION-ROUTS-AIRPORT TO AS DIRECTED,Services,2TR,Ramp
Ramp,*TRANSPORTATION-RSW,Services,2TR,Ramp
Ramp,*TRANSPORTATION-SAM-AIRPORT TO 309 11TH ST,Services,2TR,Ramp
Ramp,*TRANSPORTATION-SEDAN ON DEPARTURE,Services,2TR,Ramp
Ramp,*TRANSPORTATION-SETUP,Services,2TR,Ramp
Ramp,*TRANSPORTATION-SHERATON GRAND HIROSHIMA,Services,2TR,Ramp
Ramp,*TRANSPORTATION-SHUTTLE AC /GATE AND BACK,Services,2TR,Ramp
Ramp,*TRANSPORTATION-SHUTTLE AC/GATE/AC,Services,2TR,Ramp
Ramp,*TRANSPORTATION-SIMON ALEXANDER,Services,2TR,Ramp
Ramp,*TRANSPORTATION-STUART - 300 COMET PRIVATE TO 1937 COUNTRY RD,Services,2TR,Ramp
Ramp,*TRANSPORTATION-SUNG KI HAK,Services,2TR,Ramp
Ramp,*TRANSPORTATION-TAHER AIRPORT - AS DIRECTED,Services,2TR,Ramp
Ramp,*TRANSPORTATION-TAO SHEN,Services,2TR,Ramp
Ramp,*TRANSPORTATION-TAXI,Services,2TR,Ramp
Ramp,*TRANSPORTATION-TAXI,Services,2TR,Ramp
Ramp,*TRANSPORTATION-TAXING SERVICE,Services,2TR,Ramp
Ramp,*TRANSPORTATION-TERMINAL,Services,2TR,Ramp
Ramp,*TRANSPORTATION-THE PENINSULA TOKYO TO HND,Services,2TR,Ramp
Ramp,*TRANSPORTATION-TO AIRPORT,Services,2TR,Ramp
Ramp,*TRANSPORTATION-TO/FROM CITY CENTRE,Services,2TR,Ramp
Ramp,*TRANSPORTATION-TO/FROM OLYMPIC LAGOON,Services,2TR,Ramp
Ramp,*TRANSPORTATION-TRANSFER,Services,2TR,Ramp
Ramp,*TRANSPORTATION-TROLLIES,Services,2TR,Ramp
Ramp,*TRANSPORTATION-VAN TO CITY,Services,2TR,Ramp
Ramp,*TRANSPORTATION-VEHICLE SHADOW,Services,2TR,Ramp
Ramp,*TRANSPORTATION-VEHICLE SHADOW ESCORT,Services,2TR,Ramp
Ramp,*TRANSPORTATION-VENDOR ISSUED A GOOD FAITH CREDIT,Services,2TR,Ramp
Ramp,*TRANSPORTATION-VILLEZCAS AIRPORT/AIRPORT,Services,2TR,Ramp
Ramp,*TRANSPORTATION-VILLEZCAS-AIRPORT TO AS DIRECTED,Services,2TR,Ramp
Ramp,*TRANSPORTATION-VIP,Services,2TR,Ramp
Ramp,*TRANSPORTATION-VIP BUS,Services,2TR,Ramp
Ramp,*TRANSPORTATION-VIP PAX,Services,2TR,Ramp
Ramp,*TRANSPORTATION-WAITING TIME,Services,2TR,Ramp
Ramp,*TRANSPORTATION-WHITE / MDLR LA ROMANA/MDSD LAS AMERICAS,Services,2TR,Ramp
Ramp,*TRANSPORTATION-WHITEHEAD & GATES - LATE CANCELLATION,Services,2TR,Ramp
Ramp,*TRANSPORTATION-WILLIAMS,Services,2TR,Ramp
Ramp,*TRANSPORTATION-Y25JHV/1,Services,2TR,Ramp
Ramp,*TRANSPORTATION-Y25JHV/2,Services,2TR,Ramp
Ramp,*VIP SERVICES-ARRIVAL / DEPARTURE,Services,2VIPSVC,Ramp
Ramp,*VIP SERVICES-BUS,Services,2VIPSVC,Ramp
Ramp,*VIP SERVICES-CAR ACCESS TO AIRPORT,Services,2VIPSVC,Ramp
Ramp,*VIP SERVICES-CAR ACCESS TO AIRPORT,Services,2VIPSVC,Ramp
Ramp,*VIP SERVICES-G.A.T. VIP & PAX/CREW ACCESS FEE,Services,2VIPSVC,Ramp
Ramp,*VIP SERVICES-ROOM ARRANGEMENTS,Services,2VIPSVC,Ramp
Security Fee,SECURITY FEE - EA,Contract,8031,
Security Fee,SECURITY FEE - EA,Contract,8310,
Security Fee,SECURITY FEE - EA,Contract,,
Security Fee,*SECURITY,Retail,,
Security Fee,SECURITY,Retail,2SE,
Security Fee,*SECURITY AIRCRAFT,Services,2SEA,
Security Fee,*SECURITY AIRCRAFT-& LIGHTING,Services,2SEA,
Security Fee,*SECURITY AIRCRAFT-AIRCRAFT SECURITY & LIGHTING,Services,2SEA,
Security Fee,*SECURITY AIRCRAFT-AIRCRAFT SECURITY - GUARD,Services,2SEA,
Security Fee,*SECURITY SCREENING,Services,2SE,
Security Fee,*SECURITY SCREENING-CARGO AND MAIL SECURITY CHECK CHARGE,Services,2SE,
Security Fee,*SECURITY SCREENING-PASSANGER,Services,2SE,
Security Fee,*SECURITY SCREENING-PLATINUM SERVICES SCREENING CHARGE,Services,2SE,
Security Fee,*SECURITY-& INFRASTRUCTURE,Services,2SE,
Security Fee,*SECURITY-AIRPORT,Services,2SE,
Security Fee,*SECURITY-APRON,Services,2SE,
Security Fee,*SECURITY-APRON & SECURITY,Services,2SE,
Security Fee,*SECURITY-ATLANTIC AVIATION ASE,Services,2SE,
Security Fee,*SECURITY-AVIATION,Services,2SE,
Security Fee,*SECURITY-BORDER CROSSING TAX,Services,2SE,
Security Fee,*SECURITY-BORDER FORCE,Services,2SE,
Security Fee,*SECURITY-CATERING,Services,2SE,
Security Fee,*SECURITY-CATERING SECURITY,Services,2SE,
Security Fee,*SECURITY-CATERING SECURITY FEE,Services,2SE,
Security Fee,*SECURITY-CATERING SECURITY FEE,Services,2SE,
Security Fee,*SECURITY-DEPARTURE,Services,2SE,
Security Fee,*SECURITY-DEPARTURE SECURITY CONTROL,Services,2SE,
Security Fee,*SECURITY-DGAC FLIGHT PROTECTION,Services,2SE,
Security Fee,*SECURITY-FLIGHT PROTECTION,Services,2SE,
Security Fee,*SECURITY-FLIGHT PROTECTION,Services,2SE,
Security Fee,*SECURITY-GOVERNMENT SECURITY FEE,Services,2SE,
Security Fee,*SECURITY-ICTS ITALIA,Services,2SE,
Security Fee,*SECURITY-INTERNATIONAL,Services,2SE,
Security Fee,*SECURITY-JET AVIATION TETERBORO,Services,2SE,
Security Fee,*SECURITY-LEVY,Services,2SE,
Security Fee,*SECURITY-LUGGAGE CANING (XRAY),Services,2SE,
Security Fee,*SECURITY-PASSENGER,Services,2SE,
Security Fee,*SECURITY-PASSENGER CHECK,Services,2SE,
Security Fee,*SECURITY-SAFETY & SECURITY,Services,2SE,
Security Fee,*SECURITY-SAFETY MEASURES & SECURITY,Services,2SE,
Security Fee,*SECURITY-UK BORDER FORCE,Services,2SE,
Security Fee,*SECURITY-UK BORDER FORCE SERVICES,Services,2SE,
Subscriptions,NEWSPAPERS,Contract,8368,
Subscriptions,DUES/SUBSCRIPTIONS,Retail,2DS,
Subscriptions,SCHEDAERO SUBSCRIPTION,Retail,2SCHSUB,
Subscriptions,SOFTWARE,Retail,2STW,
Subscriptions,*COLT DATALINK PACKAGE II,Services,2CODLPII,
Subscriptions,"*COLT DATALINK PACKAGE II-DEC 1ST - NOV 30, 2019",Services,2CODLPII,
Subscriptions,"*COLT DATALINK PACKAGE II-DEC 1ST - NOVEMBER 30TH, 2019",Services,2CODLPII,
Subscriptions,*COLT DATALINK PACKAGE II-JAN 1 - DEC 31,Services,2CODLPII,
Jet Fuel,SALES TAX,Contract,TAX,
Jet Fuel,IVA TAX,Contract,TAX,
Jet Fuel,IVA TAX,Contract,TAXADJ-IVA,
Jet Fuel,IVA TAX,Contract,,
Jet Fuel,IVA TAX,Contract,,
Jet Fuel,IVA TAX,Contract,,
Jet Fuel,IVA TAX,Contract,,
Jet Fuel,IVA TAX,Contract,,
Jet Fuel,IVA TAX,Contract,,
Jet Fuel,IVA TAX,Contract,,
Jet Fuel,IVA TAX,Contract,,
Jet Fuel,IVA TAX,Contract,,
Jet Fuel,IVA TAX,Contract,,
Jet Fuel,IVA TAX,Contract,,
Jet Fuel,IVA TAX,Contract,,
Jet Fuel,IVA TAX,Contract,,
Jet Fuel,IVA TAX,Contract,,
Jet Fuel,IVA TAX,Contract,,
Jet Fuel,IVA TAX,Contract,,
Jet Fuel,IVA TAX,Contract,,
Jet Fuel,IVA TAX,Contract,,
Jet Fuel,IVA TAX,Contract,,
Jet Fuel,IVA TAX,Contract,,
Taxes,SALES TAX,Retail,T21,
Taxes,SALES TAX,Retail,T22,
Taxes,HST,Retail,,
Jet Fuel,*HEALTH AUTH FEES-JET POLLUTION TAX,Services,2HAF,Jet Fuel
Training,FLIGHT INSTRUCTION,Contract,8255,
Training,PILOT TRAINING,Retail,2PT,
Training,*RVSM CERTIFICATION-RVSM TRAINING,Services,7RVSMC,
Trip Other,AGENT OVERTIME,Retail,2AG,
Trip Other,AGENT DISBURSEMENTS,Retail,2AD,
Trip Other,COMMUNICATIONS,Retail,2CO,
Trip Other,AGENT OVERTIME,Services,,
Trip Other,*CONCESSION FEE- PJIA CONCESSION FEE,Services,2CON,
Trip Other,*CONCESSION FEE-7%,Services,2CON,
Trip Other,*CONCESSION FEE-AIRPORT,Services,2CON,
Trip Other,*CONCESSION FEE-MWAA NON FUEL CONCES,Services,2CON,
Trip Other,*CONCESSION FEE-PJIA,Services,2CON,
Trip Other,*CONCESSION FEE-PJIA 6.03%,Services,2CON,
Trip Other,*CONCESSION FEE-SKYPORT 9%,Services,2CON,
Trip Other,*CONCESSION FEE-SXM,Services,2CON,
Trip Other,*MISCELLANEOUS-2 PACKETS OF DATES,Services,2MISC,
Trip Other,*MISCELLANEOUS-50% OF PENALTY,Services,2MISC,
Trip Other,*MISCELLANEOUS-AIR HEATER,Services,2MISC,
Trip Other,*MISCELLANEOUS-AIR HEATHER,Services,2MISC,
Trip Other,*MISCELLANEOUS-AIRFIELD USAGE,Services,2MISC,
Trip Other,*MISCELLANEOUS-AIRPORT DAILY PASS,Services,2MISC,
Trip Other,*MISCELLANEOUS-AIRPORT OPERATOR FEE FOR NON-SCHEDULED FLIGHT,Services,2MISC,
Trip Other,*MISCELLANEOUS-AIRPORT PASSES,Services,2MISC,
Trip Other,*MISCELLANEOUS-ANAC FEES,Services,2MISC,
Trip Other,*MISCELLANEOUS-API EXCEL UPLOAD,Services,2MISC,
Trip Other,*MISCELLANEOUS-APRON/GATE USAGE,Services,2MISC,
Trip Other,*MISCELLANEOUS-AQIS FEES,Services,2MISC,
Trip Other,*MISCELLANEOUS-ARRANGEMENT FEE,Services,2MISC,
Trip Other,*MISCELLANEOUS-ARRIVAL FEES,Services,2MISC,
Trip Other,*MISCELLANEOUS-BORDER AUTHORITIES,Services,2MISC,
Trip Other,*MISCELLANEOUS-BOX OF WATER,Services,2MISC,
Trip Other,*MISCELLANEOUS-BRIEFING,Services,2MISC,
Trip Other,*MISCELLANEOUS-BUSINESS TRIP,Services,2MISC,
Trip Other,*MISCELLANEOUS-CHECK IN,Services,2MISC,
Trip Other,*MISCELLANEOUS-COMMERCIAL TAX FOR LANDING,Services,2MISC,
Trip Other,*MISCELLANEOUS-CONSULAR DEPARTMENT FEES,Services,2MISC,
Trip Other,*MISCELLANEOUS-CONSUMPTION FEES,Services,2MISC,
Trip Other,*MISCELLANEOUS-CONVEYOR BELT,Services,2MISC,
Trip Other,*MISCELLANEOUS-CONVEYOR BELT - CARGO LOADING,Services,2MISC,
Trip Other,*MISCELLANEOUS-CUBE ICE,Services,2MISC,
Trip Other,*MISCELLANEOUS-DAY/NIGHT STOP,Services,2MISC,
Trip Other,*MISCELLANEOUS-DEVELOPMENT LEVY,Services,2MISC,
Trip Other,*MISCELLANEOUS-DG LOADING,Services,2MISC,
Trip Other,*MISCELLANEOUS-DOCUMENTATION,Services,2MISC,
Trip Other,*MISCELLANEOUS-DRY ICE & HOT WATER,Services,2MISC,
Trip Other,*MISCELLANEOUS-ELECTRICITY CHARGE,Services,2MISC,
Trip Other,*MISCELLANEOUS-EMERGANCY  SITUATION SURCHARGE,Services,2MISC,
Trip Other,*MISCELLANEOUS-EMERGANCY SITUATION SURCHARGE,Services,2MISC,
Trip Other,*MISCELLANEOUS-EMERGENCY SITUATION CHARGE,Services,2MISC,
Trip Other,*MISCELLANEOUS-EMERGENCY SITUATION SURCHARGE,Services,2MISC,
Trip Other,*MISCELLANEOUS-EMERGENCY SITUATION SURCHARGE,Services,2MISC,
Trip Other,*MISCELLANEOUS-EMISSION SURCHARGE,Services,2MISC,
Trip Other,*MISCELLANEOUS-EMISSION VALUE CHARGE,Services,2MISC,
Trip Other,*MISCELLANEOUS-EMISSIONS,Services,2MISC,
Trip Other,*MISCELLANEOUS-EMISSIONS,Services,2MISC,
Trip Other,*MISCELLANEOUS-EMISSIONS CHARGE,Services,2MISC,
Trip Other,*MISCELLANEOUS-EMISSIONS SURCHARGE,Services,2MISC,
Trip Other,*MISCELLANEOUS-EMISSIONS VALUE CHARGE,Services,2MISC,
Trip Other,*MISCELLANEOUS-EMMISIONS,Services,2MISC,
Trip Other,*MISCELLANEOUS-EQUIPMENT,Services,2MISC,
Trip Other,*MISCELLANEOUS-EQUIPMENT HIRE,Services,2MISC,
Trip Other,*MISCELLANEOUS-ETOLLS,Services,2MISC,
Trip Other,*MISCELLANEOUS-EXTRA MAN POWER,Services,2MISC,
Trip Other,*MISCELLANEOUS-EXTRA SERVICE,Services,2MISC,
Trip Other,*MISCELLANEOUS-EXTRA SERVICE,Services,2MISC,
Trip Other,*MISCELLANEOUS-EXTRA SERVICES,Services,2MISC,
Trip Other,*MISCELLANEOUS-FACILITATES AND PROCESS VEHICLE,Services,2MISC,
Trip Other,*MISCELLANEOUS-FACILITIES CHARGE,Services,2MISC,
Trip Other,*MISCELLANEOUS-FLIGHT PACK PRINTING,Services,2MISC,
Trip Other,*MISCELLANEOUS-FLIGHT SET UP REVISION,Services,2MISC,
Trip Other,*MISCELLANEOUS-FLOWERS,Services,2MISC,
Trip Other,*MISCELLANEOUS-FLOWERS COLLECTION,Services,2MISC,
Trip Other,*MISCELLANEOUS-FLUME,Services,2MISC,
Trip Other,*MISCELLANEOUS-FORMALITIES & FACILITATION,Services,2MISC,
Trip Other,*MISCELLANEOUS-FORMALITY FEE,Services,2MISC,
Trip Other,*MISCELLANEOUS-FORMALITY FEES,Services,2MISC,
Trip Other,*MISCELLANEOUS-FUEL,Services,7MISC,
Trip Other,*MISCELLANEOUS-GA PATHWAY SERVICE,Services,2MISC,
Trip Other,*MISCELLANEOUS-GA PATHWAY SERVICE - OUT,Services,2MISC,
Trip Other,*MISCELLANEOUS-GAT SERVICE,Services,2MISC,
Trip Other,*MISCELLANEOUS-GD IN & OUT,Services,2MISC,
Trip Other,*MISCELLANEOUS-GOVERNMENTAL INSPECTION FEE,Services,2MISC,
Trip Other,*MISCELLANEOUS-GUARDING,Services,2MISC,
Trip Other,*MISCELLANEOUS-HEADSET,Services,2MISC,
Trip Other,*MISCELLANEOUS-HIELO,Services,2MISC,
Trip Other,*MISCELLANEOUS-HOUSING WITHOUT APPROVAL,Services,2MISC,
Trip Other,*MISCELLANEOUS-ICE,Services,2MISC,
Trip Other,*MISCELLANEOUS-ICE & HOT WATER,Services,2MISC,
Trip Other,*MISCELLANEOUS-ICE & MINERAL WATER,Services,2MISC,
Trip Other,*MISCELLANEOUS-ICE CUBE & MINERAL WATER,Services,2MISC,
Trip Other,*MISCELLANEOUS-ICE CUBES,Services,2MISC,
Trip Other,*MISCELLANEOUS-IMPORTS,Services,2MISC,
Trip Other,*MISCELLANEOUS-INSPECTION (25 MAY 2019 - FEB 2020),Services,2MISC,
Trip Other,*MISCELLANEOUS-INTERNATIONAL CHARGE,Services,2MISC,
Trip Other,*MISCELLANEOUS-INTERNATIONAL PROCESSING FEE,Services,2MISC,
Trip Other,*MISCELLANEOUS-LADDER,Services,2MISC,
Trip Other,*MISCELLANEOUS-LATE BOOKING,Services,2MISC,
Trip Other,*MISCELLANEOUS-LATE REQUEST,Services,2MISC,
Trip Other,*MISCELLANEOUS-MANPOWER FEE,Services,2MISC,
Trip Other,*MISCELLANEOUS-MEET & GREET,Services,2MISC,
Trip Other,*MISCELLANEOUS-MINISTRY OF HEALTH,Services,2MISC,
Trip Other,*MISCELLANEOUS-N95 MASK,Services,7MISC,
Trip Other,*MISCELLANEOUS-NEWSPAPER,Services,2MISC,
Trip Other,*MISCELLANEOUS-NEWSPAPERS,Services,2MISC,
Trip Other,*MISCELLANEOUS-OXYGEN SYSTEM REFILL AIRCRAFT,Services,2MISC,
Trip Other,*MISCELLANEOUS-PENALTY (USD10 000.00,Services,2MISC,
Trip Other,*MISCELLANEOUS-PENALTY FEE - ANAC FINE,Services,2MISC,
Trip Other,*MISCELLANEOUS-PENALTY FEE- ANAC FINE,Services,2MISC,
Trip Other,*MISCELLANEOUS-PETTY CASH,Services,2MISC,
Trip Other,*MISCELLANEOUS-PICK UP & DELIVERY,Services,2MISC,
Trip Other,*MISCELLANEOUS-PICK UP AND DELIVERY,Services,2MISC,
Trip Other,*MISCELLANEOUS-POLICE & GTA,Services,2MISC,
Trip Other,*MISCELLANEOUS-POLLUTION PROTECTION,Services,2MISC,
Trip Other,*MISCELLANEOUS-PORT AUTHORITY FEE,Services,2MISC,
Trip Other,*MISCELLANEOUS-POSITIONING,Services,2MISC,
Trip Other,*MISCELLANEOUS-PRINT SERVICE,Services,2MISC,
Trip Other,*MISCELLANEOUS-PROCESSING FEE,Services,2MISC,
Trip Other,*MISCELLANEOUS-QUARANTINE,Services,2MISC,
Trip Other,*MISCELLANEOUS-QUARANTINE SERVICE FEES,Services,2MISC,
Trip Other,*MISCELLANEOUS-QUARANTINE SERVICES,Services,2MISC,
Trip Other,*MISCELLANEOUS-QUARANTINE SERVICES FEES,Services,2MISC,
Trip Other,*MISCELLANEOUS-REFRIGERATOR SERVICES,Services,2MISC,
Trip Other,*MISCELLANEOUS-REFUND ON TELEPHONE COST,Services,2MISC,
Trip Other,*MISCELLANEOUS-REPRESENTATION,Services,2MISC,
Trip Other,*MISCELLANEOUS-ROUND TRIP SHIPPING FOR UNIT,Services,2MISC,
Trip Other,*MISCELLANEOUS-SALES TAX ON MISC CHGS,Services,2MISC,
Trip Other,*MISCELLANEOUS-SHOPPING,Services,2MISC,
Trip Other,*MISCELLANEOUS-SHORT TERM LICENSE FEE,Services,2MISC,
Trip Other,*MISCELLANEOUS-SKILLED PERSONNEL,Services,2MISC,
Trip Other,*MISCELLANEOUS-STICK ON PASS,Services,2MISC,
Trip Other,*MISCELLANEOUS-STILL WATER,Services,2MISC,
Trip Other,*MISCELLANEOUS-STILL WATERS X10,Services,2MISC,
Trip Other,*MISCELLANEOUS-SURVOL,Services,2MISC,
Trip Other,*MISCELLANEOUS-TAFS FOLDER,Services,2MISC,
Trip Other,*MISCELLANEOUS-TAX FREE,Services,2MISC,
Trip Other,*MISCELLANEOUS-TECHNICAL SERVICE,Services,2MISC,
Trip Other,*MISCELLANEOUS-TRANSFERS,Services,2MISC,
Trip Other,*MISCELLANEOUS-TRAVEL EXPENSES FOR JAS,Services,2MISC,
Trip Other,*MISCELLANEOUS-USAGE OF LEKTRO USD 100 X 02 SERVICES,Services,2MISC,
Trip Other,*MISCELLANEOUS-VISA APPROVAL PROCESSING,Services,2MISC,
Trip Other,*MISCELLANEOUS-VISITOR PASS,Services,2MISC,
Trip Other,*MISCELLANEOUS-WASHING UP,Services,2MISC,
Trip Other,*MISCELLANEOUS-WATER BOTTLES,Services,2MISC,
Trip Other,*MISCELLANEOUS-WATER SERVICE,Services,2MISC,
Trip Other,*MISCELLANEOUS-WET ICE,Services,2MISC,
Trip Other,*MISCELLANEOUS-WET ICE & SHOPPING,Services,2MISC,
Trip Other,*MISCELLANEOUS-WET ICE 10KILOS,Services,2MISC,
Trip Other,*OVERTIME FEE-2000-0800 LOCAL/WEEKEND,Services,2OVR,
Trip Other,*OVERTIME FEE-25%,Services,2OVR,
Trip Other,*OVERTIME FEE-4 DAYS,Services,2OVR,
Trip Other,*OVERTIME FEE-AFTER HOUR SURCHARGE,Services,2OVR,
Trip Other,*OVERTIME FEE-AFTER HOURS,Services,2OVR,
Trip Other,*OVERTIME FEE-AFTER HOURS SURCHARGE,Services,2OVR,
Trip Other,*OVERTIME FEE-AFTER-HOURS SURCHARGE,Services,2OVR,
Trip Other,*OVERTIME FEE-AGRICULTURE,Services,2OVR,
Trip Other,*OVERTIME FEE-AIRPORT AUTHORITIES,Services,2OVR,
Trip Other,*OVERTIME FEE-AIRPORT AUTHORITY,Services,2OVR,
Trip Other,*OVERTIME FEE-ARR/DEP,Services,2OVR,
Trip Other,*OVERTIME FEE-ARRIVAL NIGHT OPERATING CHARGE,Services,2OVR,
Trip Other,*OVERTIME FEE-ARRIVAL NIGHT OPERATING CHARGE,Services,2OVR,
Trip Other,*OVERTIME FEE-D.G.A.C,Services,2OVR,
Trip Other,*OVERTIME FEE-DELAY FEE,Services,2OVR,
Trip Other,*OVERTIME FEE-ECUADOR,Services,2OVR,
Trip Other,*OVERTIME FEE-EXTRA HOURS,Services,2OVR,
Trip Other,*OVERTIME FEE-EXTRA OPENING HOURS,Services,2OVR,
Trip Other,*OVERTIME FEE-EXTRA OPENING HOURS,Services,2OVR,
Trip Other,*OVERTIME FEE-HOLIDAY SURCHARGE,Services,2OVR,
Trip Other,*OVERTIME FEE-IAM OPERATIONS LATE FEE,Services,2OVR,
Trip Other,*OVERTIME FEE-IMMIGRATION,Services,2OVR,
Trip Other,*OVERTIME FEE-IMMIGRATION OVERTIME,Services,2OVR,
Trip Other,*OVERTIME FEE-LANDING SURCHARGE,Services,2OVR,
Trip Other,*OVERTIME FEE-LATE OPERATIONS,Services,2OVR,
Trip Other,*OVERTIME FEE-MIGRATION,Services,2OVR,
Trip Other,*OVERTIME FEE-MIGRATION,Services,2OVR,
Trip Other,*OVERTIME FEE-MIGRATION - ARRIVAL,Services,2OVR,
Trip Other,*OVERTIME FEE-MIGRATION - DEPARTURE,Services,2OVR,
Trip Other,*OVERTIME FEE-MIGRATION ARRIVAL PAX,Services,2OVR,
Trip Other,*OVERTIME FEE-MIGRATION ARRIVAL/DEPARTURE,Services,2OVR,
Trip Other,*OVERTIME FEE-MIGRATION DEPARTURE PAX,Services,2OVR,
Trip Other,*OVERTIME FEE-NIGHT,Services,2OVR,
Trip Other,*OVERTIME FEE-NIGHT FEE,Services,2OVR,
Trip Other,*OVERTIME FEE-NIGHT LANDING,Services,2OVR,
Trip Other,*OVERTIME FEE-NIGHT LANDING & TAKE-OFF,Services,2OVR,
Trip Other,*OVERTIME FEE-NIGHT OR HOLIDAY SURCHARGE,Services,2OVR,
Trip Other,*OVERTIME FEE-NIGHT STOP,Services,2OVR,
Trip Other,*OVERTIME FEE-NIGHT SURCHARGE,Services,2OVR,
Trip Other,*OVERTIME FEE-NIGHT TIME SURCHARGE,Services,2OVR,
Trip Other,*OVERTIME FEE-NIGHT/HOLIDAY,Services,2OVR,
Trip Other,*OVERTIME FEE-NIGHTTIME LANDING,Services,2OVR,
Trip Other,*OVERTIME FEE-NON FLIGHT DAY FOR SUPERVISION 06 MARCH,Services,2OVR,
Trip Other,*OVERTIME FEE-OUT OF HOURS,Services,2OVR,
Trip Other,*OVERTIME FEE-OUT OF HOURS,Services,2OVR,
Trip Other,*OVERTIME FEE-OUT OF HOURS SURCHARGE,Services,2OVR,
Trip Other,*OVERTIME FEE-OVERNIGHT SURCHARGE,Services,2OVR,
Trip Other,*OVERTIME FEE-OVERTIME HOURS SURCHARGE,Services,2OVR,
Trip Other,*OVERTIME FEE-PENALTY CHARGE,Services,2OVR,
Trip Other,*OVERTIME FEE-QUARANTINE,Services,2OVR,
Trip Other,*OVERTIME FEE-SANDID ANIMAL - AEREA - VEGETAL,Services,2OVR,
Trip Other,*OVERTIME FEE-SANIDAD AEREA,Services,2OVR,
Trip Other,*OVERTIME FEE-SANIDAD AEREA-OVERTIME GOVERNMENT,Services,2OVR,
Trip Other,*OVERTIME FEE-SANIDAD ANIMAL (AGRICULTURE),Services,2OVR,
Trip Other,*OVERTIME FEE-SANIDAD ANIMAL - AEREA - VEGETAL,Services,2OVR,
Trip Other,*OVERTIME FEE-SANIDAD VEGETAL (AGRICULTURE),Services,2OVR,
Trip Other,*OVERTIME FEE-SETUP,Services,2OVR,
Trip Other,*OVERTIME FEE-STC/OVERTIME SERVICES FOR LATE OPERATIONS L LATE OPS,Services,2OVR,
Trip Other,*OVERTIME FEE-SUNDAY WORKING,Services,2OVR,
Trip Other,*OVERTIME FEE-SUNDAY/WEEKEND,Services,2OVR,
Trip Other,*OVERTIME FEE-SUPERVISOR,Services,2OVR,
Trip Other,*OVERTIME FEE-SURCHARGE,Services,2OVR,
Trip Other,*OVERTIME FEE-SURCHARGE,Services,2OVR,
Trip Other,*OVERTIME FEE-SURCHARGE - SAT SUN HOLI,Services,2OVR,
Trip Other,*OVERTIME FEE-US AGRICULTURE,Services,2OVR,
Trip Other,*OVERTIME FEE-WEEKEND / HOLIDAY,Services,2OVR,
Trip Other,*OVERTIME FEE-WEEKEND SURCHARGE,Services,7OVR,
Trip Other,*OVERTIME FEE-WEEKEND/ HOLIDAY SURCHARGE,Services,2OVR,
Trip Other,*OVERTIME FEE-WEEKEND/HOLIDAY,Services,2OVR,
Trip Other,*OVERTIME FEE-WEEKEND/HOLIDAY SURCHARGE,Services,2OVR,
Trip Other,*CHOCK AND CONES,Services,2CAC,Trip Other
Trip Other,*CHOCKS AND CONES,Services,2CAC,Trip Other
Trip Other,*CREDIT FEE,Services,2CRF,Trip Other
Trip Other,*CREW SERVICES-NARROW BODY-DEMO,Services,7CRSVC,Trip Other
Trip Other,*DEICING-EQUIPMENT & FLUID,Services,7DI,Trip Other
Trip Other,*DEICING-FLUID TYPE 1,Services,7DI,Trip Other
Trip Other,*DELIVERY FEE-CATERING,Services,7DLV,Trip Other
Trip Other,*DISBURSEMENT FEE 10%,Services,2DISB10,Trip Other
Trip Other,*DISBURSEMENT FEE 10%-+ REVISION,Services,2DISB10,Trip Other
Trip Other,*DISBURSEMENT FEE 10%-CAA FEE,Services,2DISB10,Trip Other
Trip Other,*DISBURSEMENT FEE 10%-MONGOLIA,Services,2DISB10,Trip Other
Trip Other,*DISBURSEMENT FEE 10%-OMAN,Services,2DISB10,Trip Other
Trip Other,*DISBURSEMENT FEE 15%,Services,2DISB15,Trip Other
Trip Other,*DISCOUNT-3% DISCOUNT,Services,2DISC,Trip Other
Trip Other,*DISCOUNT-WASSSB0040,Services,2DISC,Trip Other
Trip Other,*DISHWASHING,Services,2DISH,Trip Other
Trip Other,*DISHWASHING-2 DISHES,Services,2DISH,Trip Other
Trip Other,*EMBARKING / DISEMBARKING-EMBARKING TAX ADULTS,Services,2EMBDIS,Trip Other
Trip Other,*EMBARKING/DISEMBARKING,Services,2EMBDIS,Trip Other
Trip Other,*EMBARKING/DISEMBARKING-ADULTS,Services,2EMBDIS,Trip Other
Trip Other,*EMBARKING/DISEMBARKING-CHILDREN,Services,2EMBDIS,Trip Other
Trip Other,*EMBARKING/DISEMBARKING-MEXICO,Services,2EMBDIS,Trip Other
Trip Other,*EMBARKING/DISEMBARKING-PAX EMBARKATION FEES,Services,2EMBDIS,Trip Other
Trip Other,*ENGINEERING ASSISTANCE-DENMARK/ICELAND,Services,2ENGAS,Trip Other
Trip Other,*ESCORT FEE-ARRIVAL/DEPARTURE,Services,7ESC,Trip Other
Trip Other,*FIRE SERVICE,Services,2FSV,Trip Other
Trip Other,*FIRE SERVICE-FIRE & RESCUE,Services,2FSV,Trip Other
Trip Other,*FIRE SERVICE-FIRE & RESCUE,Services,2FSV,Trip Other
Trip Other,*FIRE SERVICE-FIRE & RESCUE ICAO CAT .6,Services,2FSV,Trip Other
Trip Other,*FIRE SERVICE-RESCUE / FIRE FIGHTING SERVICES,Services,2FSV,Trip Other
Trip Other,*FLIGHT TRACKING,Services,2FLTR,Trip Other
Trip Other,*FLIGHT TRACKING-SWISS PART,Services,2FLTR,Trip Other
Trip Other,*FOLLOW ME CAR,Services,2FM,Trip Other
Trip Other,*FOLLOW ME FEE,Services,7FM,Trip Other
Trip Other,*GROUND EQUIPMENT CHARGE-FORKLIFT,Services,7GE,Trip Other
Trip Other,*HEALTH AUTH FEES-3135 AIRCRAFT EMISSIONS CHARGE,Services,2HAF,Jet Fuel
Trip Other,*HEALTH AUTH FEES-AGRICULTURAL FUMIGATION,Services,2HAF,Jet Fuel
Trip Other,*HEALTH AUTH FEES-AGRICULTURE,Services,2HAF,Jet Fuel
Trip Other,*HEALTH AUTH FEES-AGRICULTURE,Services,2HAF,Jet Fuel
Trip Other,*HEALTH AUTH FEES-AGRICULTURE FUMIGATION,Services,2HAF,Jet Fuel
Trip Other,*HEALTH AUTH FEES-AGRICULTURE INSPECTION,Services,2HAF,Jet Fuel
Trip Other,*HEALTH AUTH FEES-AIRCRAFT EMISSIONS,Services,2HAF,Jet Fuel
Trip Other,*HEALTH AUTH FEES-AIRCRAFT EMISSIONS CHARGE,Services,2HAF,Jet Fuel
Trip Other,*HEALTH AUTH FEES-AIRCRAFT INSECTICIDE,Services,2HAF,Jet Fuel
Trip Other,*HEALTH AUTH FEES-AUSTRALIA QUARANTINE INSPECTION SERICES,Services,2HAF,Jet Fuel
Trip Other,*HEALTH AUTH FEES-B.A.H.A R/359575,Services,2HAF,Jet Fuel
Trip Other,*HEALTH AUTH FEES-BAHA RCPT-366807,Services,2HAF,Jet Fuel
Trip Other,*HEALTH AUTH FEES-CARBON EMISSIONS,Services,2HAF,Jet Fuel
Trip Other,*HEALTH AUTH FEES-COORDINATION & SETUP DISINSECTION,Services,2HAF,Jet Fuel
Trip Other,*HEALTH AUTH FEES-EISSIONS,Services,2HAF,Jet Fuel
Trip Other,*HEALTH AUTH FEES-EMISSION,Services,2HAF,Jet Fuel
Trip Other,*HEALTH AUTH FEES-EMISSION VALUE,Services,2HAF,Jet Fuel
Trip Other,*HEALTH AUTH FEES-EMISSION VALUE,Services,2HAF,Jet Fuel
Trip Other,*HEALTH AUTH FEES-EMISSION VALUE CHARGE,Services,2HAF,Jet Fuel
Trip Other,*HEALTH AUTH FEES-EMISSION VALUE CHARGE,Services,2HAF,Jet Fuel
Trip Other,*HEALTH AUTH FEES-EMISSIONS,Services,2HAF,Jet Fuel
Trip Other,*HEALTH AUTH FEES-EMISSIONS,Services,2HAF,Jet Fuel
Trip Other,*HEALTH AUTH FEES-FLEET EMISSIONS,Services,2HAF,Jet Fuel
Trip Other,*HEALTH AUTH FEES-FLEET EMISSIONS 2019,Services,2HAF,Jet Fuel
Trip Other,*HEALTH AUTH FEES-FUMIGATION,Services,2HAF,Jet Fuel
Trip Other,*HEALTH AUTH FEES-JET POLLUTION,Services,2HAF,Jet Fuel
Trip Other,*HEALTH AUTH FEES-JET POLLUTION,Services,2HAF,Jet Fuel
Trip Other,*HEALTH AUTH FEES-OIRSA RCPT-086149,Services,2HAF,Jet Fuel
Trip Other,*HEALTH AUTH FEES-OXYGEN-TAG AVIATION LB2200169,Services,2HAF,Jet Fuel
Trip Other,*HEALTH AUTH FEES-PET INSPECTION,Services,2HAF,Jet Fuel
Trip Other,*HEALTH AUTH FEES-PLANTA/ ANIMALS/ FISHERIES,Services,2HAF,Jet Fuel
Trip Other,*HEALTH AUTH FEES-PORT,Services,2HAF,Jet Fuel
Trip Other,*HEALTH AUTH FEES-PORT HEALTH FEE,Services,2HAF,Jet Fuel
Trip Other,*HEALTH AUTH FEES-QUARANTINE,Services,2HAF,Jet Fuel
Trip Other,*HEALTH AUTH FEES-QUARANTINE,Services,2HAF,Jet Fuel
Trip Other,*HEALTH AUTH FEES-QUARANTINE INSPECTION & DISINFECTION,Services,2HAF,Jet Fuel
Trip Other,*HEALTH AUTH FEES-SANITARY INSPECTION,Services,2HAF,Jet Fuel
Trip Other,*HEALTH AUTH FEES-SANITARY INSPECTION,Services,2HAF,Jet Fuel
Trip Other,*HEALTH AUTH FEES-USDA AGRICULTURE,Services,2HAF,Jet Fuel
Trip Other,*HOLIDAY FEE-SURCHARGE/DOUBLE TIME,Services,2OVR,Trip Other
Trip Other,*JET BRIDGE-FIRE BRIDGE,Services,7BRDG,Trip Other
Trip Other,*LABOR-LINE SERVICE LABOR / EXTRA STAFFING,Services,2LAB,Trip Other
Trip Other,*LIGHTING FEE,Services,2LGHT,Trip Other
Trip Other,*LIGHTING FEE-AFTER HOURS,Services,2LGHT,Trip Other
Trip Other,*LIGHTING FEE-ARRIVAL & DEPARTURE,Services,2LGHT,Trip Other
Trip Other,*LIGHTING FEE-ILLUMINATION FEE,Services,2LGHT,Trip Other
Trip Other,*LIGHTING FEE-NOCTURNAL,Services,2LGHT,Trip Other
Trip Other,*MARSHALLING,Services,7MRSH,Trip Other
Trip Other,*MARSHALLING FEE,Services,2MRSH,Trip Other
Trip Other,*MECHANIC,Services,2LAB,Trip Other
Trip Other,*STAMP DUTY,Services,2STDU,Trip Other
Trip Other,*STAMP DUTY-AIRPORT,Services,2STDU,Trip Other
Trip Other,*STAMP DUTY-ITALY,Services,2STDU,Trip Other
Trip Other,*STAMP DUTY-VEHICLE AIRPORT STICKER,Services,2STDU,Trip Other
Trip Other,*STORAGE FEE-COLD STORAGE,Services,2ST,Trip Other
Trip Other,*SURVIVAL EQUIPMENT-LIFT RAFT,Services,7SRV,Trip Other
Trip Other,*VENDOR REBATE ITPS,Services,1VREBITPS,Trip Other
Trip Other,*VIP LOUNGE-ARRIVAL,Services,2VIP,Trip Other
Trip Other,*VIP LOUNGE-DEPARTURE,Services,2VIP,Trip Other
Trip Other,*VIP LOUNGE-FOR PAX,Services,2VIP,Trip Other
Trip Other,*VIP LOUNGE-FUNCTION ROOM,Services,2VIP,Trip Other
Trip Other,*VIP TERMINAL,Services,2VIP,Trip Other
Trip Other,*VISA CHARGE-JORDAN,Services,7VISA,Trip Other
Trip Other,*WASTE DISPOSAL,Services,2TC,Jet Fuel
Trip Other,*WEEKEND FEE,Services,2OVR,Trip Other
Trip Other,*WEEKEND FEE-PER MOVEMENT,Services,2OVR,Trip Other
Trip Other,*WEEKEND FEE-PER MOVEMENT,Services,2OVR,Trip Other
Trip Other,*WEEKEND FEE-SURCHARGE,Services,2OVR,Trip Other
Trip Other,*WEEKEND FEE-WEEKEND & PUBLIC SURCHARGE,Services,2OVR,Trip Other
Trip Other,ADHOC CHARTER SERVICE COORDINATION,Services,1CHCO,Trip Other
Trip Other,AIRCRAFT SECURITY COORDINATION,Services,1SEC,Trip Other
Trip Other,AIRLINE COORDINATION,Services,1ACO,Trip Other
Trip Other,AP TAXES,Services,7APTAX,Trip Other
Trip Other,BLANKET LANDING COORDINATION-BOTSWANA,Services,1BLCO,Trip Other
Trip Other,BLANKET LANDING COORDINATION-MOZAMBIQUE,Services,1BLCO,Trip Other
Trip Other,BLANKET LANDING COORDINATION-NAMIBIA,Services,1BLCO,Trip Other
Trip Other,BLANKET OVERFLIGHT COORDINATION-ALGERIA,Services,1BLOFC,Trip Other
Trip Other,BLANKET OVERFLIGHT COORDINATION-ALGERIA EXPIRES 03/31/2020,Services,1BLOFC,Trip Other
Trip Other,BLANKET OVERFLIGHT COORDINATION-ALGERIA EXPIRES 04/30/2020,Services,1BLOFC,Trip Other
Trip Other,BLANKET OVERFLIGHT COORDINATION-EQUATORIAL GUINEA,Services,1BLOFC,Trip Other
Trip Other,BLANKET OVERFLIGHT COORDINATION-GABON,Services,1BLOFC,Trip Other
Trip Other,BLANKET OVERFLIGHT COORDINATION-GHANA,Services,1BLOFC,Trip Other
Trip Other,BLANKET OVERFLIGHT COORDINATION-MALAWI,Services,1BLOFC,Trip Other
Trip Other,BLANKET OVERFLIGHT COORDINATION-MOZAMBIQUE,Services,1BLOFC,Trip Other
Trip Other,BLANKET OVERFLIGHT COORDINATION-NIGER,Services,1BLOFC,Trip Other
Trip Other,BLANKET OVERFLIGHT COORDINATION-NIGER EXPIRES 03/31/2020,Services,1BLOFC,Trip Other
Trip Other,BLANKET OVERFLIGHT COORDINATION-NIGER EXPIRES 04/30/2020,Services,1BLOFC,Trip Other
Trip Other,BORDER OVERFLIGHT EXEMPTION -INITIAL/RENEWAL,Services,1BOF1,Trip Other
Trip Other,BORDER OVERFLIGHT EXEMPTION -INITIAL/RENEWAL-EXPIRES 02/28/2022,Services,1BOF1,Trip Other
Trip Other,BORDER OVERFLIGHT EXEMPTION-INITIAL/RENEWAL,Services,1BOF1,Trip Other
Trip Other,BORDER OVERFLIGHT EXEMPTION-INITIAL/RENEWAL-EXPIRES 02/20/2022,Services,1BOF1,Trip Other
Trip Other,BORDER OVERFLIGHT EXEMPTION-INITIAL/RENEWAL-EXPIRES 02/28/2022,Services,1BOF1,Trip Other
Trip Other,BORDER OVERFLIGHT EXEMPTION-INITIAL/RENEWAL-EXPIRES 03/06/2022,Services,1BOF1,Trip Other
Trip Other,BORDER OVERFLIGHT EXEMPTION-INITIAL/RENEWAL-EXPIRES 09/26/2021,Services,1BOF1,Trip Other
Trip Other,BORDER OVERFLIGHT EXEMPTION-INITIAL/RENEWAL-EXPIRES 10/31/2021,Services,1BOF1,Trip Other
Trip Other,CATERING COORDINATION--,Services,1COR,Trip Other
Trip Other,CATERING COORDINATION-.,Services,1COR,Trip Other
Trip Other,CATERING COORDINATION-OJAI,Services,6COR,Trip Other
Trip Other,CATERING COORDINATION-VCRI,Services,6COR,Trip Other
Trip Other,CONVENIENCE FEE-1041830,Services,1CONV,Trip Other
Trip Other,CONVENIENCE FEE-190910130,Services,1CONV,Trip Other
Trip Other,CONVENIENCE FEE-190910131,Services,1CONV,Trip Other
Trip Other,CONVENIENCE FEE-191010077,Services,1CONV,Trip Other
Trip Other,CONVENIENCE FEE-191010078,Services,1CONV,Trip Other
Trip Other,CONVENIENCE FEE-191010102,Services,1CONV,Trip Other
Trip Other,CONVENIENCE FEE-191010103,Services,1CONV,Trip Other
Trip Other,CONVENIENCE FEE-191010104,Services,1CONV,Trip Other
Trip Other,CONVENIENCE FEE-191110102,Services,1CONV,Trip Other
Trip Other,CONVENIENCE FEE-191110105,Services,1CONV,Trip Other
Trip Other,CONVENIENCE FEE-191110106,Services,1CONV,Trip Other
Trip Other,CONVENIENCE FEE-191110107,Services,1CONV,Trip Other
Trip Other,CONVENIENCE FEE-191110108,Services,1CONV,Trip Other
Trip Other,CONVENIENCE FEE-191110109,Services,1CONV,Trip Other
Trip Other,CONVENIENCE FEE-191110110,Services,1CONV,Trip Other
Trip Other,CONVENIENCE FEE-191210007,Services,1CONV,Trip Other
Trip Other,CONVENIENCE FEE-191210091,Services,1CONV,Trip Other
Trip Other,CONVENIENCE FEE-191210092,Services,1CONV,Trip Other
Trip Other,CONVENIENCE FEE-200110010,Services,1CONV,Trip Other
Trip Other,CONVENIENCE FEE-200110016,Services,1CONV,Trip Other
Trip Other,CONVENIENCE FEE-200310044,Services,1CONV,Trip Other
Trip Other,CONVENIENCE FEE-20167674,Services,1CONV,Trip Other
Trip Other,CONVENIENCE FEE-20167908,Services,1CONV,Trip Other
Trip Other,CONVENIENCE FEE-20168009,Services,1CONV,Trip Other
Trip Other,CONVENIENCE FEE-20168131,Services,1CONV,Trip Other
Trip Other,CONVENIENCE FEE-20168178,Services,1CONV,Trip Other
Trip Other,CONVENIENCE FEE-20168181,Services,1CONV,Trip Other
Trip Other,CONVENIENCE FEE-20168304,Services,1CONV,Trip Other
Trip Other,CONVENIENCE FEE-20168355,Services,1CONV,Trip Other
Trip Other,CONVENIENCE FEE-20169096,Services,1CONV,Trip Other
Trip Other,CONVENIENCE FEE-20169419,Services,1CONV,Trip Other
Trip Other,CONVENIENCE FEE-20169463,Services,1CONV,Trip Other
Trip Other,CONVENIENCE FEE-20170388,Services,1CONV,Trip Other
Trip Other,CONVENIENCE FEE-20172605,Services,1CONV,Trip Other
Trip Other,CONVENIENCE FEE-20172641,Services,1CONV,Trip Other
Trip Other,CONVENIENCE FEE-2053704,Services,1CONV,Trip Other
Trip Other,CONVENIENCE FEE-2053982,Services,1CONV,Trip Other
Trip Other,CONVENIENCE FEE-2054942,Services,1CONV,Trip Other
Trip Other,CONVENIENCE FEE-2054946,Services,1CONV,Trip Other
Trip Other,CONVENIENCE FEE-2054947,Services,1CONV,Trip Other
Trip Other,CONVENIENCE FEE-2054949,Services,1CONV,Trip Other
Trip Other,CONVENIENCE FEE-2054950,Services,1CONV,Trip Other
Trip Other,CONVENIENCE FEE-2054951,Services,1CONV,Trip Other
Trip Other,CONVENIENCE FEE-2055074,Services,1CONV,Trip Other
Trip Other,CONVENIENCE FEE-2055172,Services,1CONV,Trip Other
Trip Other,CONVENIENCE FEE-2055179,Services,1CONV,Trip Other
Trip Other,CONVENIENCE FEE-2055181,Services,1CONV,Trip Other
Trip Other,CONVENIENCE FEE-2055556,Services,1CONV,Trip Other
Trip Other,CONVENIENCE FEE-2055781,Services,1CONV,Trip Other
Trip Other,CONVENIENCE FEE-2056766,Services,1CONV,Trip Other
Trip Other,CONVENIENCE FEE-4010754,Services,1CONV,Trip Other
Trip Other,CONVENIENCE FEE-4010757,Services,1CONV,Trip Other
Trip Other,CONVENIENCE FEE-4010773,Services,1CONV,Trip Other
Trip Other,CONVENIENCE FEE-4010786,Services,1CONV,Trip Other
Trip Other,CONVENIENCE FEE-4010789,Services,1CONV,Trip Other
Trip Other,CONVENIENCE FEE-4010803,Services,1CONV,Trip Other
Trip Other,CONVENIENCE FEE-4010828,Services,1CONV,Trip Other
Trip Other,CONVENIENCE FEE-67357,Services,1CONV,Trip Other
Trip Other,CONVENIENCE FEE-67358,Services,1CONV,Trip Other
Trip Other,CONVENIENCE FEE-67359,Services,1CONV,Trip Other
Trip Other,CONVENIENCE FEE-67360,Services,1CONV,Trip Other
Trip Other,CONVENIENCE FEE-67471,Services,1CONV,Trip Other
Trip Other,CONVENIENCE FEE-67535,Services,1CONV,Trip Other
Trip Other,CONVENIENCE FEE-67576,Services,1CONV,Trip Other
Trip Other,CONVENIENCE FEE-67705,Services,1CONV,Trip Other
Trip Other,CONVENIENCE FEE-67803,Services,1CONV,Trip Other
Trip Other,CONVENIENCE FEE-67927,Services,1CONV,Trip Other
Trip Other,CONVENIENCE FEE-68072,Services,1CONV,Trip Other
Trip Other,CONVENIENCE FEE-68073,Services,1CONV,Trip Other
Trip Other,CONVENIENCE FEE-68348,Services,1CONV,Trip Other
Trip Other,CONVENIENCE FEE-68387,Services,1CONV,Trip Other
Trip Other,CONVENIENCE FEE-68659,Services,1CONV,Trip Other
Trip Other,CONVENIENCE FEE-68732,Services,1CONV,Trip Other
Trip Other,CONVENIENCE FEE-68739,Services,1CONV,Trip Other
Trip Other,CONVENIENCE FEE-68761,Services,1CONV,Trip Other
Trip Other,CONVENIENCE FEE-68965,Services,1CONV,Trip Other
Trip Other,CONVENIENCE FEE-69197,Services,1CONV,Trip Other
Trip Other,CONVENIENCE FEE-69198,Services,1CONV,Trip Other
Trip Other,CONVENIENCE FEE-69258,Services,1CONV,Trip Other
Trip Other,CONVENIENCE FEE-69518,Services,1CONV,Trip Other
Trip Other,CONVENIENCE FEE-69811,Services,1CONV,Trip Other
Trip Other,CONVENIENCE FEE-69812,Services,1CONV,Trip Other
Trip Other,CONVENIENCE FEE-69813,Services,1CONV,Trip Other
Trip Other,CONVENIENCE FEE-69898,Services,1CONV,Trip Other
Trip Other,CONVENIENCE FEE-69982,Services,1CONV,Trip Other
Trip Other,CONVENIENCE FEE-70008,Services,1CONV,Trip Other
Trip Other,CONVENIENCE FEE-70094,Services,1CONV,Trip Other
Trip Other,CONVENIENCE FEE-70095,Services,1CONV,Trip Other
Trip Other,CONVENIENCE FEE-70378,Services,1CONV,Trip Other
Trip Other,CONVENIENCE FEE-70449,Services,1CONV,Trip Other
Trip Other,CONVENIENCE FEE-70450,Services,1CONV,Trip Other
Trip Other,CONVENIENCE FEE-9020228,Services,1CONV,Trip Other
Trip Other,CONVENIENCE FEE-9020229,Services,1CONV,Trip Other
Trip Other,CONVENIENCE FEE-9021916,Services,1CONV,Trip Other
Trip Other,CONVENIENCE FEE-9021917,Services,1CONV,Trip Other
Trip Other,CONVENIENCE FEE-9021920,Services,1CONV,Trip Other
Trip Other,CONVENIENCE FEE-9021921,Services,1CONV,Trip Other
Trip Other,CONVENIENCE FEE-9021938,Services,1CONV,Trip Other
Trip Other,CONVENIENCE FEE-9021949,Services,1CONV,Trip Other
Trip Other,CONVENIENCE FEE-9021950,Services,1CONV,Trip Other
Trip Other,CONVENIENCE FEE-9021982,Services,1CONV,Trip Other
Trip Other,CONVENIENCE FEE-9021983,Services,1CONV,Trip Other
Trip Other,CONVENIENCE FEE-9022161,Services,1CONV,Trip Other
Trip Other,CONVENIENCE FEE-9022162,Services,1CONV,Trip Other
Trip Other,CONVENIENCE FEE-9022168,Services,1CONV,Trip Other
Trip Other,CONVENIENCE FEE-9022175,Services,1CONV,Trip Other
Trip Other,CONVENIENCE FEE-9022178,Services,1CONV,Trip Other
Trip Other,CONVENIENCE FEE-9022182,Services,1CONV,Trip Other
Trip Other,CONVENIENCE FEE-9022185,Services,1CONV,Trip Other
Trip Other,CONVENIENCE FEE-9022189,Services,1CONV,Trip Other
Trip Other,CONVENIENCE FEE-9022192,Services,1CONV,Trip Other
Trip Other,CONVENIENCE FEE-9022195,Services,1CONV,Trip Other
Trip Other,CONVENIENCE FEE-9022198,Services,1CONV,Trip Other
Trip Other,CONVENIENCE FEE-9022200,Services,1CONV,Trip Other
Trip Other,CONVENIENCE FEE-9022202,Services,1CONV,Trip Other
Trip Other,CONVENIENCE FEE-9022204,Services,1CONV,Trip Other
Trip Other,CONVENIENCE FEE-9022209,Services,1CONV,Trip Other
Trip Other,CONVENIENCE FEE-9022210,Services,1CONV,Trip Other
Trip Other,CONVENIENCE FEE-9022314,Services,1CONV,Trip Other
Trip Other,CONVENIENCE FEE-9022315,Services,1CONV,Trip Other
Trip Other,CONVENIENCE FEE-9022327,Services,1CONV,Trip Other
Trip Other,CONVENIENCE FEE-9022328,Services,1CONV,Trip Other
Trip Other,CONVENIENCE FEE-9022353,Services,1CONV,Trip Other
Trip Other,CONVENIENCE FEE-9022354,Services,1CONV,Trip Other
Trip Other,CONVENIENCE FEE-9022355,Services,1CONV,Trip Other
Trip Other,CONVENIENCE FEE-9022356,Services,1CONV,Trip Other
Trip Other,CONVENIENCE FEE-9022610,Services,1CONV,Trip Other
Trip Other,CONVENIENCE FEE-9022611,Services,1CONV,Trip Other
Trip Other,CONVENIENCE FEE-9022636,Services,1CONV,Trip Other
Trip Other,CONVENIENCE FEE-9022638,Services,1CONV,Trip Other
Trip Other,CONVENIENCE FEE-9022805,Services,1CONV,Trip Other
Trip Other,CONVENIENCE FEE-9022806,Services,1CONV,Trip Other
Trip Other,CONVENIENCE FEE-9022874,Services,1CONV,Trip Other
Trip Other,CONVENIENCE FEE-9022889,Services,1CONV,Trip Other
Trip Other,CONVENIENCE FEE-9022890,Services,1CONV,Trip Other
Trip Other,CONVENIENCE FEE-9022947,Services,1CONV,Trip Other
Trip Other,CONVENIENCE FEE-9022993,Services,1CONV,Trip Other
Trip Other,CONVENIENCE FEE-9022994,Services,1CONV,Trip Other
Trip Other,CONVENIENCE FEE-9022995,Services,1CONV,Trip Other
Trip Other,CONVENIENCE FEE-9023041,Services,1CONV,Trip Other
Trip Other,CONVENIENCE FEE-9023042,Services,1CONV,Trip Other
Trip Other,CONVENIENCE FEE-9023108,Services,1CONV,Trip Other
Trip Other,CONVENIENCE FEE-9023109,Services,1CONV,Trip Other
Trip Other,CONVENIENCE FEE-9023161,Services,1CONV,Trip Other
Trip Other,CONVENIENCE FEE-9023184,Services,1CONV,Trip Other
Trip Other,CONVENIENCE FEE-9023185,Services,1CONV,Trip Other
Trip Other,CONVENIENCE FEE-9023196,Services,1CONV,Trip Other
Trip Other,CONVENIENCE FEE-9023197,Services,1CONV,Trip Other
Trip Other,CONVENIENCE FEE-9023201,Services,1CONV,Trip Other
Trip Other,CONVENIENCE FEE-9023202,Services,1CONV,Trip Other
Trip Other,CONVENIENCE FEE-9023212,Services,1CONV,Trip Other
Trip Other,CONVENIENCE FEE-9023214,Services,1CONV,Trip Other
Trip Other,CONVENIENCE FEE-9023226,Services,1CONV,Trip Other
Trip Other,CONVENIENCE FEE-9023227,Services,1CONV,Trip Other
Trip Other,CONVENIENCE FEE-9023297,Services,1CONV,Trip Other
Trip Other,CONVENIENCE FEE-9023299,Services,1CONV,Trip Other
Trip Other,CONVENIENCE FEE-9023300,Services,1CONV,Trip Other
Trip Other,CONVENIENCE FEE-9023318,Services,1CONV,Trip Other
Trip Other,CONVENIENCE FEE-9023319,Services,1CONV,Trip Other
Trip Other,CONVENIENCE FEE-9023358,Services,1CONV,Trip Other
Trip Other,CONVENIENCE FEE-9023363,Services,1CONV,Trip Other
Trip Other,CONVENIENCE FEE-9023364,Services,1CONV,Trip Other
Trip Other,CONVENIENCE FEE-9023377,Services,1CONV,Trip Other
Trip Other,CONVENIENCE FEE-9023378,Services,1CONV,Trip Other
Trip Other,CONVENIENCE FEE-9023409,Services,1CONV,Trip Other
Trip Other,CONVENIENCE FEE-9023410,Services,1CONV,Trip Other
Trip Other,CONVENIENCE FEE-9023445,Services,1CONV,Trip Other
Trip Other,CONVENIENCE FEE-9023446,Services,1CONV,Trip Other
Trip Other,CONVENIENCE FEE-9023481,Services,1CONV,Trip Other
Trip Other,CONVENIENCE FEE-9023482,Services,1CONV,Trip Other
Trip Other,CONVENIENCE FEE-9023483,Services,1CONV,Trip Other
Trip Other,CONVENIENCE FEE-9023518,Services,1CONV,Trip Other
Trip Other,CONVENIENCE FEE-9023519,Services,1CONV,Trip Other
Trip Other,CONVENIENCE FEE-9023822,Services,1CONV,Trip Other
Trip Other,CONVENIENCE FEE-9023823,Services,1CONV,Trip Other
Trip Other,CONVENIENCE FEE-9023879,Services,1CONV,Trip Other
Trip Other,CONVENIENCE FEE-9023880,Services,1CONV,Trip Other
Trip Other,CONVENIENCE FEE-9023881,Services,1CONV,Trip Other
Trip Other,CONVENIENCE FEE-9023922,Services,1CONV,Trip Other
Trip Other,CONVENIENCE FEE-9023942,Services,1CONV,Trip Other
Trip Other,CONVENIENCE FEE-9023993,Services,1CONV,Trip Other
Trip Other,CONVENIENCE FEE-9023994,Services,1CONV,Trip Other
Trip Other,CONVENIENCE FEE-9024019,Services,1CONV,Trip Other
Trip Other,CONVENIENCE FEE-9024061,Services,1CONV,Trip Other
Trip Other,CONVENIENCE FEE-9024142,Services,1CONV,Trip Other
Trip Other,CONVENIENCE FEE-9024188,Services,1CONV,Trip Other
Trip Other,CONVENIENCE FEE-9024189,Services,1CONV,Trip Other
Trip Other,CONVENIENCE FEE-9024197,Services,1CONV,Trip Other
Trip Other,CONVENIENCE FEE-9024198,Services,1CONV,Trip Other
Trip Other,CONVENIENCE FEE-9024199,Services,1CONV,Trip Other
Trip Other,CONVENIENCE FEE-9024200,Services,1CONV,Trip Other
Trip Other,CONVENIENCE FEE-9024204,Services,1CONV,Trip Other
Trip Other,CONVENIENCE FEE-9024205,Services,1CONV,Trip Other
Trip Other,CONVENIENCE FEE-9024240,Services,1CONV,Trip Other
Trip Other,CONVENIENCE FEE-9024249,Services,1CONV,Trip Other
Trip Other,CONVENIENCE FEE-9024259,Services,1CONV,Trip Other
Trip Other,CONVENIENCE FEE-9024264,Services,1CONV,Trip Other
Trip Other,CONVENIENCE FEE-9024265,Services,1CONV,Trip Other
Trip Other,CONVENIENCE FEE-9024481,Services,1CONV,Trip Other
Trip Other,CONVENIENCE FEE-9024482,Services,1CONV,Trip Other
Trip Other,CONVENIENCE FEE-9024530,Services,1CONV,Trip Other
Trip Other,CONVENIENCE FEE-9024558,Services,1CONV,Trip Other
Trip Other,CONVENIENCE FEE-9024559,Services,1CONV,Trip Other
Trip Other,CONVENIENCE FEE-9024567,Services,1CONV,Trip Other
Trip Other,CONVENIENCE FEE-9024572,Services,1CONV,Trip Other
Trip Other,CONVENIENCE FEE-9024573,Services,1CONV,Trip Other
Trip Other,CONVENIENCE FEE-9024586,Services,1CONV,Trip Other
Trip Other,CONVENIENCE FEE-9024587,Services,1CONV,Trip Other
Trip Other,CONVENIENCE FEE-9024603,Services,1CONV,Trip Other
Trip Other,CONVENIENCE FEE-9024604,Services,1CONV,Trip Other
Trip Other,CONVENIENCE FEE-9024680,Services,1CONV,Trip Other
Trip Other,CONVENIENCE FEE-9024681,Services,1CONV,Trip Other
Trip Other,CONVENIENCE FEE-9024791,Services,1CONV,Trip Other
Trip Other,CONVENIENCE FEE-9024792,Services,1CONV,Trip Other
Trip Other,CONVENIENCE FEE-9024849,Services,1CONV,Trip Other
Trip Other,CONVENIENCE FEE-9024859,Services,1CONV,Trip Other
Trip Other,CONVENIENCE FEE-9024860,Services,1CONV,Trip Other
Trip Other,CONVENIENCE FEE-9024966,Services,1CONV,Trip Other
Trip Other,CONVENIENCE FEE-9024967,Services,1CONV,Trip Other
Trip Other,CONVENIENCE FEE-9025101,Services,1CONV,Trip Other
Trip Other,CONVENIENCE FEE-9025102,Services,1CONV,Trip Other
Trip Other,CONVENIENCE FEE-9025118,Services,1CONV,Trip Other
Trip Other,CONVENIENCE FEE-9025119,Services,1CONV,Trip Other
Trip Other,CONVENIENCE FEE-9025129,Services,1CONV,Trip Other
Trip Other,CONVENIENCE FEE-9025130,Services,1CONV,Trip Other
Trip Other,CONVENIENCE FEE-9025144,Services,1CONV,Trip Other
Trip Other,CONVENIENCE FEE-9025145,Services,1CONV,Trip Other
Trip Other,CONVENIENCE FEE-9025466,Services,1CONV,Trip Other
Trip Other,CONVENIENCE FEE-9025467,Services,1CONV,Trip Other
Trip Other,CONVENIENCE FEE-9025487,Services,1CONV,Trip Other
Trip Other,CONVENIENCE FEE-9025509,Services,1CONV,Trip Other
Trip Other,CONVENIENCE FEE-9025513,Services,1CONV,Trip Other
Trip Other,CONVENIENCE FEE-9025514,Services,1CONV,Trip Other
Trip Other,CREW IDENTIFICATION CARD-BAILEY C.,Services,1IDCRD,Trip Other
Trip Other,CREW IDENTIFICATION CARD-BAKER M.,Services,1IDCRD,Trip Other
Trip Other,CREW IDENTIFICATION CARD-BASTOS E.,Services,1IDCRD,Trip Other
Trip Other,CREW IDENTIFICATION CARD-BLADES R.,Services,1IDCRD,Trip Other
Trip Other,CREW IDENTIFICATION CARD-BRAGG G.,Services,1IDCRD,Trip Other
Trip Other,CREW IDENTIFICATION CARD-CABRERA E.,Services,1IDCRD,Trip Other
Trip Other,CREW IDENTIFICATION CARD-CARVALHO F.,Services,1IDCRD,Trip Other
Trip Other,CREW IDENTIFICATION CARD-CONLON B.,Services,1IDCRD,Trip Other
Trip Other,CREW IDENTIFICATION CARD-CUNEO J.,Services,1IDCRD,Trip Other
Trip Other,CREW IDENTIFICATION CARD-CURRIE J.,Services,1IDCRD,Trip Other
Trip Other,CREW IDENTIFICATION CARD-DRECKMANN M.,Services,1IDCRD,Trip Other
Trip Other,CREW IDENTIFICATION CARD-DYSON R.,Services,1IDCRD,Trip Other
Trip Other,CREW IDENTIFICATION CARD-EEKHOUT B.,Services,1IDCRD,Trip Other
Trip Other,CREW IDENTIFICATION CARD-FEDEX SHIPPING COST,Services,1IDCRD,Trip Other
Trip Other,CREW IDENTIFICATION CARD-FEDEX SHIPPING COST,Services,1IDCRD,Trip Other
Trip Other,CREW IDENTIFICATION CARD-FUENMAYOR L.,Services,1IDCRD,Trip Other
Trip Other,CREW IDENTIFICATION CARD-GOMEZ G.,Services,1IDCRD,Trip Other
Trip Other,CREW IDENTIFICATION CARD-GUNTER S.,Services,1IDCRD,Trip Other
Trip Other,CREW IDENTIFICATION CARD-HAMILTON R.,Services,1IDCRD,Trip Other
Trip Other,CREW IDENTIFICATION CARD-HATHAWAY C.,Services,1IDCRD,Trip Other
Trip Other,CREW IDENTIFICATION CARD-HILL C.,Services,1IDCRD,Trip Other
Trip Other,CREW IDENTIFICATION CARD-HUGHES J.,Services,1IDCRD,Trip Other
Trip Other,CREW IDENTIFICATION CARD-JENNINGS J.,Services,1IDCRD,Trip Other
Trip Other,CREW IDENTIFICATION CARD-JENSEN J.,Services,1IDCRD,Trip Other
Trip Other,CREW IDENTIFICATION CARD-LOLLAR S.,Services,1IDCRD,Trip Other
Trip Other,CREW IDENTIFICATION CARD-LYNN B.,Services,1IDCRD,Trip Other
Trip Other,CREW IDENTIFICATION CARD-MEZZO J.,Services,1IDCRD,Trip Other
Trip Other,CREW IDENTIFICATION CARD-MISC FEE,Services,1IDCRD,Trip Other
Trip Other,CREW IDENTIFICATION CARD-NEWELL E.,Services,1IDCRD,Trip Other
Trip Other,CREW IDENTIFICATION CARD-O'CONNOR P.,Services,1IDCRD,Trip Other
Trip Other,CREW IDENTIFICATION CARD-OLIVEIRA M.,Services,1IDCRD,Trip Other
Trip Other,CREW IDENTIFICATION CARD-PICCININNI R.,Services,1IDCRD,Trip Other
Trip Other,CREW IDENTIFICATION CARD-PRATUSCIAVICIUS F.,Services,1IDCRD,Trip Other
Trip Other,CREW IDENTIFICATION CARD-RAVENBERG D.,Services,1IDCRD,Trip Other
Trip Other,CREW IDENTIFICATION CARD-SANDOVAL A.,Services,1IDCRD,Trip Other
Trip Other,CREW IDENTIFICATION CARD-SAVKO J.,Services,1IDCRD,Trip Other
Trip Other,CREW IDENTIFICATION CARD-SCHROCK H.,Services,1IDCRD,Trip Other
Trip Other,CREW IDENTIFICATION CARD-SILVA M.,Services,1IDCRD,Trip Other
Trip Other,CREW IDENTIFICATION CARD-SIMOES S.,Services,1IDCRD,Trip Other
Trip Other,CREW IDENTIFICATION CARD-SMITH M.,Services,1IDCRD,Trip Other
Trip Other,CREW IDENTIFICATION CARD-STEINBERG M.,Services,1IDCRD,Trip Other
Trip Other,CREW IDENTIFICATION CARD-SUCHOSKI L.,Services,1IDCRD,Trip Other
Trip Other,CREW IDENTIFICATION CARD-TEDDER S.,Services,1IDCRD,Trip Other
Trip Other,CREW IDENTIFICATION CARD-THYAGARAJAN M.,Services,1IDCRD,Trip Other
Trip Other,CREW IDENTIFICATION CARD-TINTLE II R.,Services,1IDCRD,Trip Other
Trip Other,CREW IDENTIFICATION CARD-TORTAROLO C.,Services,1IDCRD,Trip Other
Trip Other,CREW IDENTIFICATION CARD-VERLEZZA D.,Services,1IDCRD,Trip Other
Trip Other,CREW IDENTIFICATION CARD-WALD D.,Services,1IDCRD,Trip Other
Trip Other,CREW IDENTIFICATION CARD-WILSON N.,Services,1IDCRD,Trip Other
Trip Other,CREW IDENTIFICATION CARD-ZOLA T.,Services,1IDCRD,Trip Other
Trip Other,CREW PROTECTION COORDINATION-.,Services,1CRPRC,Trip Other
Trip Other,CREW SERVICES-NARROW BODY,Services,7CRSVC,Trip Other
Trip Other,CREW TRANSPORTATION COOR-SPEC,Services,6CRTR,Trip Other
Trip Other,CREW TRANSPORTATION COOR-SPEC-CANCELLED SERVICES,Services,6CRTR,Trip Other
Trip Other,CREW TRANSPORTATION COORDINATION,Services,1GC,Trip Other
Trip Other,CREW TRANSPORTATION COORDINATION-.,Services,1GC,Trip Other
Trip Other,CREW TRANSPORTATION COORDINATION-SPECIAL,Services,1GC,Trip Other
Trip Other,CREW TRANSPORTATION COORDINATION-SPECIAL--,Services,1GC,Trip Other
Trip Other,CREW TRANSPORTATION COORDINATION-SPECIAL-.,Services,1GC,Trip Other
Trip Other,CREW TRANSPORTATION COORDINATION-SPECIAL-REVISION,Services,1CRTRCR,Trip Other
Trip Other,CREW TRANSPORTATION COORDINATION-SPECIAL-REVISION-.,Services,1CRTRCR,Trip Other
Trip Other,DEDICATED AIRPORT SUPERVISORY AGENT,Services,6SV,Trip Other
Trip Other,DEDICATED AIRPORT SUPERVISORY AGENT-BRAZIL,Services,6SV,Trip Other
Trip Other,DEDICATED AIRPORT SUPERVISORY AGENT-COLOMBIA,Services,6SV,Trip Other
Trip Other,DEDICATED AIRPORT SUPERVISORY AGENT-DOMINICAN REPUBLIC,Services,6SV,Trip Other
Trip Other,DEDICATED AIRPORT SUPERVISORY AGENT-OJAI,Services,6SV,Trip Other
Trip Other,DEDICATED AIRPORT SUPERVISORY AGENT-TAPACHULA,Services,6SV,Trip Other
Trip Other,DEDICATED AIRPORT SUPERVISORY AGENT-TOLUCA,Services,6SV,Trip Other
Trip Other,DEDICATED AIRPORT SUPERVISORY AGENT-URUGUAY,Services,6SV,Trip Other
Trip Other,DEDICATED AIRPORT SUPERVISORY AGENT-VENEZUELA,Services,6SV,Trip Other
Trip Other,DEDICATED AIRPORT SUPERVISORY AGENT-WIHH,Services,6SV,Trip Other
Trip Other,DEDICATED AIRPORT SUPERVISORY AGENT-WITT,Services,6SV,Trip Other
Trip Other,ETS,Services,6ETS,Trip Other
Trip Other,GENERAL DECLARATIONS - DEPARTURE,Services,6GD,Trip Other
Trip Other,GENERAL DECLARATIONS - DEPARTURE REV,Services,6GD,Trip Other
Trip Other,GENERAL DECLARATIONS-ARRIVAL,Services,6GD,Trip Other
Trip Other,GENERAL DECLARATIONS-ARRIVALS REV,Services,6GD,Trip Other
Trip Other,GENERAL DECLARATIONS-DEPARTURE,Services,6GD,Trip Other
Trip Other,GROUND TRANSPORTATION COORDINATION,Services,6GC,Trip Other
Trip Other,GROUND TRANSPORTATION COORDINATION-REVISION #2,Services,6GC,Trip Other
Trip Other,GST - GOODS AND SERVICES TAX,Services,TAX,Trip Other
Trip Other,INTERNATIONAL LEG PACKAGE 2-SOUTH AMERICA TO SOUTH AMERICA,Services,1ILP2,Trip Other
Trip Other,INTERNATIONAL LEG PACKAGE 2-SOUTH AMERICA TO SOUTH AMERICA,Services,1ILP2,Trip Other
Trip Other,INTL LEG PACKAGE - FLAT RATE $200,Services,1ILP1,Trip Other
Trip Other,INTL LEG PACKAGE - FLAT RATE $250,Services,1ILP1,Trip Other
Trip Other,INTL LEG PACKAGE - FLAT RATE $300,Services,1ILP1,Trip Other
Trip Other,INTL LEG PACKAGE - FLAT RATE $350,Services,1ILP1,Trip Other
Trip Other,INTL LEG PACKAGE - FLAT RATE $400,Services,1ILP1,Trip Other
Trip Other,INTL LEG PACKAGE - FLAT RATE 200,Services,1ILP1,Trip Other
Trip Other,INTL LEG PACKAGE - FLAT RATE 250,Services,1ILP1,Trip Other
Trip Other,INTL LEG PACKAGE - FLAT RATE 300,Services,1ILP1,Trip Other
Trip Other,INTL LEG PACKAGE - FLAT RATE 350,Services,1ILP1,Trip Other
Trip Other,INTL LEG PACKAGE - FLAT RATE 400,Services,1ILP1,Trip Other
Trip Other,INTL LEG PACKAGE - REGIONAL,Services,1ILP2,Trip Other
Trip Other,INTL LEG PACKAGE - REGIONAL-CARIBBEAN TO CARIBBEAN,Services,1ILP2,Trip Other
Trip Other,INTL LEG PACKAGE - REGIONAL-CARIBBEAN TO EUROPE,Services,1ILP2,Trip Other
Trip Other,INTL LEG PACKAGE - REGIONAL-CARIBBEAN TO NORTH AMERICA,Services,1ILP2,Trip Other
Trip Other,INTL LEG PACKAGE - REGIONAL-CARIBBEAN TO NORTH AMERICA,Services,1ILP2,Trip Other
Trip Other,INTL LEG PACKAGE - REGIONAL-CARIBBEAN TO TURKS AND CAICOS,Services,1ILP2,Trip Other
Trip Other,INTL LEG PACKAGE - REGIONAL-CENTRAL AMERICA TO U.S,Services,1ILP2,Trip Other
Trip Other,INTL LEG PACKAGE - REGIONAL-EUROPE  TO EUROPE,Services,1ILP2,Trip Other
Trip Other,INTL LEG PACKAGE - REGIONAL-EUROPE TO CARIBBEAN,Services,1ILP2,Trip Other
Trip Other,INTL LEG PACKAGE - REGIONAL-EUROPE TO EUROPE,Services,1ILP2,Trip Other
Trip Other,INTL LEG PACKAGE - REGIONAL-EUROPE TO EUROPE,Services,1ILP2,Trip Other
Trip Other,INTL LEG PACKAGE - REGIONAL-EUROPE TO MEXICO,Services,1ILP2,Trip Other
Trip Other,INTL LEG PACKAGE - REGIONAL-EUROPE TO MIDDLE EAST,Services,1ILP2,Trip Other
Trip Other,INTL LEG PACKAGE - REGIONAL-EUROPE TO NORTH AMERICA,Services,1ILP2,Trip Other
Trip Other,INTL LEG PACKAGE - REGIONAL-EUROPE TO U.S.,Services,1ILP2,Trip Other
Trip Other,INTL LEG PACKAGE - REGIONAL-EUROPE TO U.S.,Services,1ILP2,Trip Other
Trip Other,INTL LEG PACKAGE - REGIONAL-EUROPE TO U.S. & CANADA,Services,1ILP2,Trip Other
Trip Other,INTL LEG PACKAGE - REGIONAL-JAMAICA TO TRINIDAD,Services,1ILP2,Trip Other
Trip Other,INTL LEG PACKAGE - REGIONAL-MEXICO & CARIBBEAN TO EUROPE,Services,1ILP2,Trip Other
Trip Other,INTL LEG PACKAGE - REGIONAL-MEXICO & CARIBBEAN TO MEXICO & CARIBBEAN,Services,1ILP2,Trip Other
Trip Other,INTL LEG PACKAGE - REGIONAL-MEXICO & CARIBBEAN TO MEXICO & CARIBBEAN,Services,1ILP2,Trip Other
Trip Other,INTL LEG PACKAGE - REGIONAL-MEXICO & CARIBBEAN TO MEXICO & CARIBBEN,Services,1ILP2,Trip Other
Trip Other,INTL LEG PACKAGE - REGIONAL-MEXICO TO CARIBBEAN,Services,1ILP2,Trip Other
Trip Other,INTL LEG PACKAGE - REGIONAL-MEXICO TO EUROPE,Services,1ILP2,Trip Other
Trip Other,INTL LEG PACKAGE - REGIONAL-MEXICO TO MEXICO,Services,1ILP2,Trip Other
Trip Other,INTL LEG PACKAGE - REGIONAL-MEXICO TO NORTH AMERICA,Services,1ILP2,Trip Other
Trip Other,INTL LEG PACKAGE - REGIONAL-MEXICO TO U.S,Services,1ILP2,Trip Other
Trip Other,INTL LEG PACKAGE - REGIONAL-MEXICO TO U.S.A,Services,1ILP2,Trip Other
Trip Other,INTL LEG PACKAGE - REGIONAL-MEXICO&CARIBBEAN TO NORTH AMERICA,Services,1ILP2,Trip Other
Trip Other,INTL LEG PACKAGE - REGIONAL-MEXICO&CARIBBEAN TO U.S.&CANADA,Services,1ILP2,Trip Other
Trip Other,INTL LEG PACKAGE - REGIONAL-MEXICO&CARIBBEAN TO U.S.&CANADA,Services,1ILP2,Trip Other
Trip Other,INTL LEG PACKAGE - REGIONAL-MIDDLE EAST TO EUROPE,Services,1ILP2,Trip Other
Trip Other,INTL LEG PACKAGE - REGIONAL-MIDDLE EAST TO MIDDLE EAST,Services,1ILP2,Trip Other
Trip Other,INTL LEG PACKAGE - REGIONAL-NORTH AMERICA TO CARIBBEAN,Services,1ILP2,Trip Other
Trip Other,INTL LEG PACKAGE - REGIONAL-NORTH AMERICA TO CARIBBEAN,Services,1ILP2,Trip Other
Trip Other,INTL LEG PACKAGE - REGIONAL-NORTH AMERICA TO EUROPE,Services,1ILP2,Trip Other
Trip Other,INTL LEG PACKAGE - REGIONAL-NORTH AMERICA TO MEXICO,Services,1ILP2,Trip Other
Trip Other,INTL LEG PACKAGE - REGIONAL-NORTH AMERICA TO MEXICO & CARIBBEAN,Services,1ILP2,Trip Other
Trip Other,INTL LEG PACKAGE - REGIONAL-NORTH AMERICA TO MEXICO& CARIBBEAN,Services,1ILP2,Trip Other
Trip Other,INTL LEG PACKAGE - REGIONAL-NORTH AMERICA TO MEXICO&CARIBBEAN,Services,1ILP2,Trip Other
Trip Other,INTL LEG PACKAGE - REGIONAL-NORTH AMERICA TO NORTH AMERICA,Services,1ILP2,Trip Other
Trip Other,INTL LEG PACKAGE - REGIONAL-NORTH AMERICA TO NORTH AMERICA,Services,1ILP2,Trip Other
Trip Other,INTL LEG PACKAGE - REGIONAL-TRINIDAD TO JAMAICA,Services,1ILP2,Trip Other
Trip Other,INTL LEG PACKAGE - REGIONAL-U.S & CANADA TO U.S. & CANADA,Services,1ILP2,Trip Other
Trip Other,INTL LEG PACKAGE - REGIONAL-U.S. & CANADA TO MEXICO & CARIBBEAN,Services,1ILP2,Trip Other
Trip Other,INTL LEG PACKAGE - REGIONAL-U.S. TO CENTRAL AMERICA,Services,1ILP2,Trip Other
Trip Other,INTL LEG PACKAGE - REGIONAL-U.S. TO EUROPE,Services,1ILP2,Trip Other
Trip Other,INTL LEG PACKAGE - REGIONAL-U.S. TO EUROPE,Services,1ILP2,Trip Other
Trip Other,INTL LEG PACKAGE - REGIONAL-U.S. TO MEXICO,Services,1ILP2,Trip Other
Trip Other,INTL LEG PACKAGE - REGIONAL-U.S.&CANADA TO MEXICO&CARIBBEAN,Services,1ILP2,Trip Other
Trip Other,INTL LEG PACKAGE - REGIONAL-U.S.&CANADA TO U.S.&CANADA,Services,1ILP2,Trip Other
Trip Other,INTL LEG PACKAGE - REGIONAL-U.S.A TO MEXICO,Services,1ILP2,Trip Other
Trip Other,INTL LEG PACKAGE - REGIONAL-U.S.A. TO MEXICO,Services,1ILP2,Trip Other
Trip Other,INTL LEG PACKAGE - REGIONAL-U.S.A. TO U.S.A.,Services,1ILP2,Trip Other
Trip Other,INTL LEG PACKAGE - REGIONAL-UNITED STATES TO UNITED STATES,Services,1ILP2,Trip Other
Trip Other,INTL LEG PACKAGE - REGIONAL-USA TO EUROPE,Services,1ILP2,Trip Other
Trip Other,LANDING COORDINATION-MEXICO-CHARTER-REVISION-MEXICO,Services,1LPR,Trip Other
Trip Other,MONTHLY MANAGEMENT FEE,Services,1MM,Trip Other
Trip Other,"MONTHLY MANAGEMENT FEE-20,705 GALLONS",Services,1MM,Trip Other
Trip Other,"MONTHLY MANAGEMENT FEE-21,890 GALLONS",Services,1MM,Trip Other
Trip Other,"MONTHLY MANAGEMENT FEE-34,611 GALLONS",Services,1MM,Trip Other
Trip Other,"MONTHLY MANAGEMENT FEE-34,744 GALLONS",Services,1MM,Trip Other
Trip Other,"MONTHLY MANAGEMENT FEE-43,483 GALLONS",Services,1MM,Trip Other
Trip Other,"MONTHLY MANAGEMENT FEE-44,345 GALLONS",Services,1MM,Trip Other
Trip Other,"MONTHLY MANAGEMENT FEE-45,051 GALLONS",Services,1MM,Trip Other
Trip Other,"MONTHLY MANAGEMENT FEE-46,106 GALLONS",Services,1MM,Trip Other
Trip Other,"MONTHLY MANAGEMENT FEE-49,001 GALLONS",Services,1MM,Trip Other
Trip Other,"MONTHLY MANAGEMENT FEE-51,286 GALLONS",Services,1MM,Trip Other
Trip Other,"MONTHLY MANAGEMENT FEE-53,241 GALLONS",Services,1MM,Trip Other
Trip Other,"MONTHLY MANAGEMENT FEE-53,339 GALLONS",Services,1MM,Trip Other
Trip Other,"MONTHLY MANAGEMENT FEE-55,389 GALLONS",Services,1MM,Trip Other
Trip Other,"MONTHLY MANAGEMENT FEE-GALLONS 28,471",Services,1MM,Trip Other
Trip Other,"MONTHLY MANAGEMENT FEE-GALLONS 28,856 ",Services,1MM,Trip Other
Trip Other,"MONTHLY MANAGEMENT FEE-GALLONS 31,499",Services,1MM,Trip Other
Trip Other,"MONTHLY MANAGEMENT FEE-GALLONS 40,705",Services,1MM,Trip Other
Trip Other,"MONTHLY MANAGEMENT FEE-GALLONS 54,166",Services,1MM,Trip Other
Trip Other,OVERTIME FEE,Services,2OVR,Trip Other
Trip Other,PASSENGER TRANSPORTATION COORDINATION,Services,1PXTR,Trip Other
Trip Other,PASSENGER TRANSPORTATION COORDINATION-.,Services,1PXTR,Trip Other
Trip Other,PASSENGER TRANSPORTATION COORDINATION-PO# 4501805630,Services,1PXTR,Trip Other
Trip Other,PASSENGER TRANSPORTION COORDINATION-REVISION,Services,1PXTR,Trip Other
Trip Other,PPR-JAPAN,Services,6PPR,Trip Other
Trip Other,PPR-POLAND,Services,6PPR,Trip Other
Trip Other,PROFESSIONAL SERVICES-18 HOURS,Services,6PROSVC,Trip Other
Trip Other,RESEARCH AND CONSULTING,Services,1RE,Trip Other
Trip Other,RUNWAY ANALYSIS,Services,1RUAN,Trip Other
Trip Other,SALES TAX - INFORMATION SERVICES,Services,TAX,Trip Other
Trip Other,SECURITY OPERATION BRIEF,Services,1SOBR,Trip Other
Trip Other,THIRD PARTY CHARGES-10%,Services,TAXADJ-928B,Trip Other
Trip Other,THIRD PARTY CHARGES-12%,Services,TAXADJ-928B,Trip Other
Trip Other,THIRD PARTY CHARGES-17%,Services,TAXADJ-928B,Trip Other
Trip Other,THIRD PARTY CHARGES-18%,Services,TAXADJ-928B,Trip Other
Trip Other,THIRD PARTY CHARGES-18%,Services,TAXADJ-928B,Trip Other
Trip Other,THIRD PARTY CHARGES-18% GST,Services,TAXADJ-928B,Trip Other
Trip Other,THIRD PARTY CHARGES-BAVP 1.5%,Services,TAXADJ-928B,Trip Other
Trip Other,THIRD PARTY CHARGES-BAZV 3.0%,Services,TAXADJ-928B,Trip Other
Trip Other,THIRD PARTY CHARGES-BBO 1.5%,Services,TAXADJ-928B,Trip Other
Trip Other,THIRD PARTY CHARGES-BUSINESS TAX,Services,TAXADJ-928B,Trip Other
Trip Other,THIRD PARTY CHARGES-CITY  TAX,Services,TAXADJ-928B,Trip Other
Trip Other,THIRD PARTY CHARGES-CITY TAX,Services,TAXADJ-928B,Trip Other
Trip Other,THIRD PARTY CHARGES-CONSUMPTION TAX,Services,TAXADJ-928B,Trip Other
Trip Other,THIRD PARTY CHARGES-GOVERNMENT TAX,Services,TAXADJ-928B,Trip Other
Trip Other,THIRD PARTY CHARGES-HST,Services,TAXADJ-928B,Trip Other
Trip Other,THIRD PARTY CHARGES-IAA TAX,Services,TAXADJ-928B,Trip Other
Trip Other,THIRD PARTY CHARGES-IVA / 16%,Services,TAXADJ-928B,Trip Other
Trip Other,THIRD PARTY CHARGES-M. ABDULLA / ACCOMODATION TAX,Services,TAXADJ-928B,Trip Other
Trip Other,THIRD PARTY CHARGES-MUNICIPAL TAXES,Services,TAXADJ-928B,Trip Other
Trip Other,THIRD PARTY CHARGES-SALES TAX,Services,TAXADJ-928B,Trip Other
Trip Other,THIRD PARTY CHARGES-SAUDI ARABIA,Services,TAXADJ-928B,Trip Other
Trip Other,THIRD PARTY CHARGES-TAX,Services,TAXADJ-928B,Trip Other
Trip Other,THIRD PARTY CHARGES-TGCA TAX,Services,TAXADJ-928B,Trip Other
Trip Other,THIRD PARTY CHARGES-THAILAND,Services,TAXADJ-928B,Trip Other
Trip Other,THIRD PARTY CHARGES-TVA 19%,Services,TAXADJ-928B,Trip Other
Trip Other,THIRD PARTY CHARGES-VAT,Services,TAXADJ-928B,Trip Other
Trip Other,THIRD PARTY CHARGES-VAT,Services,TAXADJ-928B,Trip Other
Trip Other,THIRD PARTY CHARGES-VAT 12%,Services,TAXADJ-928B,Trip Other
Trip Other,THIRD PARTY CHARGES-VAT 17%,Services,TAXADJ-928B,Trip Other
Trip Other,THIRD PARTY CHARGES-VAT 19%,Services,TAXADJ-928B,Trip Other
Trip Other,THIRD PARTY CHARGES-VAT 5%,Services,TAXADJ-928B,Trip Other
Trip Other,TRANSPORTATION COORDINATION -CREW -SPECIAL,Services,1GC,Trip Other
Trip Other,TRANSPORTATION COORDINATION -PASSENGER,Services,1PXTR,Trip Other
Trip Other,TRANSPORTATION COORDINATION-CREW-SPECIAL-REV,Services,1GC,Trip Other
Trip Other,TRIP KIT - LONG HAUL,Services,6TKLH,Trip Other
Trip Other,TRIP KIT - SHORT HAUL,Services,6TKSH,Trip Other
Trip Other,TRIP KIT -LONG HAUL,Services,6TKLH,Trip Other
Trip Other,TRIP KIT -SHORT HAUL,Services,6TKSH,Trip Other
Trip Other,TRIP KIT-LONG HAUL,Services,6TKLH,Trip Other
Trip Other,TRIP KIT-SHORT HAUL,Services,6TKLH,Trip Other
Trip Other,TSA WAIVER -FLEET -REVISION-UNITED STATES,Services,1TSA,Trip Other
Trip Other,TSA WAIVER-FLEET-REVISION,Services,1TSA,Trip Other
Trip Other,TSA WAIVER-FLEET-REVISION-CANADA,Services,1TSA,Trip Other
Trip Other,TSA WAIVER-INITIAL/RENEWAL,Services,1TSA,Trip Other
Trip Other,TSA WAIVER-INITIAL/RENEWAL-CANADA,Services,1TSA,Trip Other
Trip Other,TSA WAIVER-INITIAL/RENEWAL-NORWAY,Services,1TSA,Trip Other
Trip Other,TSA WAIVER-INITIAL/RENEWAL-UNITED STATES,Services,1TSA,Trip Other
Trip Other,TSA WAIVER-UNITED STATES,Services,6TSA,Trip Other
Trip Other,TSA WAIVER-UNITED STATES-REVISION,Services,6TSA,Trip Other
Trip Other,VISA COORDINATION,Services,1VISACO,Trip Other
Trip Other,WEIGHT & BALANCE,Services,1RUAN,Trip Other
Trip Other,*CONCESSION FEE,Services,2CON,
Trip Other,DISCOUNT,Retail,2DISC,
Trip Other,*OVERTIME FEE,Services,2OVR,
Trip Other,*OVERTIME FEE-NIGHT CHARGE,Services,2OVR,
Trip Other,*TRANSPORTATION,Services,2TR,
Trip Other,*TRANSPORTATION-BOOKING: RH0ZQW/1,Services,,
Trip Other,*TRANSPORTATION-BOOKING: RH0ZQW/2,Services,,
Trip Other,*CREW TRANSPORT,Services,,
Trip Other,*TRANSPORTATION-TAXI HIRE,Services,,
Weather,WEATHER BRIEFING,Retail,2WX,
Weather,WEATHER BRIEFING -FULL,Services,1FTWU,
Weather,*WEATHER SERVICES-DWD-METEO,Services,2WX,
Weather,*WEATHER SERVICES-METEO,Services,2WX,
Weather,*WEATHER SERVICES-METEOINFORMATION,Services,2WX,
Weather,*WEATHER SERVICES-METEOROLOGY,Services,7WX,
Weather,*WEATHER SERVICES-NOTAM,Services,2WX,
Weather,*WEATHER SERVICES-OMAN,Services,2WX,
Weather,*WEATHER SERVICES-SNOW FEE,Services,2WX,
Weather,*WEATHER SERVICES-SNOW FEE,Services,2WX,
Weather,*WEATHER SERVICES-SOUTH AFRICA,Services,2WX,
Weather,*WEATHER SERVICES-WEATHER SERVICE,Services,2WX,
Weather,WEATHER BRIEF-FULL,Services,1FTWU,
Weather,WEATHER BRIEF-FULL--,Services,1FTWU,
Weather,WEATHER BRIEF-FULL-.,Services,1FTWU,
Weather,WEATHER BRIEF-FULL-RC#339680,Services,1FTWU,
Weather,WEATHER BRIEFING -PRELIMINARY,Services,1PREWPB,
Weather,WEATHER BRIEFING HARDCOPY,Services,6WD,
Weather,WEATHER BRIEFING HARDCOPY - REV,Services,6WD,
Weather,WEATHER BRIEFING-FULL-REVISION,Services,1FTWU,
Weather,WEATHER BRIEFING-PRELIMINARY,Services,1PREWPB,
Maintenance,PARTS,Retail,2PRT,
Trip Other,LABOR,Retail,2LAB,
Passenger Handling,RENTAL CAR,Retail,2RC,
Trip Other,DEDICATED AIRPORT SUPERVISORY AGENTMEXICO,Services,6SV,Trip Other
Trip Other,VIP LOUNGE,Retail,2VIP,Trip Other
Flight Plans,AGENT DISBURSEMENTSPEAK SEASON,Services,2AD,
Facility Fee,INFRASTRUCTURE,Services,2INFR,
Handling,SPECIAL EVENT FEE,Contract,8317,
Jet Fuel,TVA Adjustment INV 2191869921101,Contract,TAX,
Jet Fuel,SUPPLIER SURCHARGE,Contract,8596,
Jet Fuel,ADDITIONAL FREIGHT CHARGE,Contract,81050,
Jet Fuel,FEDERAL FUEL CHARGE  NEWFOUNDLAND,Contract,TAX,
Jet Fuel,WORLD CRISIS PREMIUM,Contract,81052,
Jet Fuel,SUPPLIER SURCHARGE,Contract,8596,
Jet Fuel,ADDITIONAL FREIGHT CHARGE,Contract,81050,
Jet Fuel,ADDITIONAL FREIGHT CHARGE,Contract,81050,
Jet Fuel,ADDITIONAL FREIGHT CHARGE,Contract,81050,
Jet Fuel,ADDITIONAL FREIGHT CHARGE,Contract,81050,
Jet Fuel,ADDITIONAL FREIGHT CHARGE,Contract,81050,
Jet Fuel,WORLD CRISIS PREMIUM,Contract,81052,
Jet Fuel,FUEL DIFFERENTIAL,Contract,SS8965,
Jet Fuel,SUPPLIER SURCHARGE,Contract,8596,
Jet Fuel,SUPPLIER SURCHARGE,Contract,8596,
Jet Fuel,ADDITIONAL FREIGHT CHARGE,Contract,81050,
Jet Fuel,ADDITIONAL FREIGHT CHARGE,Contract,81050,
Jet Fuel,ADDITIONAL FREIGHT CHARGE,Contract,81050,
Jet Fuel,ADDITIONAL FREIGHT CHARGE,Contract,81050,
Jet Fuel,SUPPLIER SURCHARGE,Contract,8596,
Jet Fuel,SUPPLIER SURCHARGE,Contract,8596,
Jet Fuel,REIMBURSEMENT FOR CT GROSS EARNINGS TAX,Contract,TAX,
Admin Fees,Cons 5608019 and Ref 2139091721101 Received 497379 on 08MAY23 for Receipt No 28007590378 We charged your account for 19 days  18  per Annum prorated daily,Contract,INT-INV-AVIATION,
Admin Fees,Cons 5794050 and Ref 2161452921101 Received 154928 on 12JUN23 for Receipt No 63026812183 We charged your account for 12 days  18  per Annum prorated daily,Contract,INT-INV-AVIATION,
Admin Fees,Cons 5794050 and Ref 2161453121101 Received 147131 on 12JUN23 for Receipt No 63026812183 We charged your account for 12 days  18  per Annum prorated daily,Contract,INT-INV-AVIATION,
Admin Fees,Cons 5794050 and Ref 2162134121101 Received 15792 on 12JUN23 for Receipt No 63026812183 We charged your account for 12 days  18  per Annum prorated daily,Contract,INT-INV-AVIATION,
Admin Fees,Cons 5849047 and Ref 2169976621101 Received 807897 on 26JUN23 for Receipt No 74021808874 We charged your account for 12 days  18  per Annum prorated daily,Contract,INT-INV-AVIATION,
Admin Fees,Cons 5849047 and Ref 2170840921101 Received 398863 on 26JUN23 for Receipt No 74021808874 We charged your account for 12 days  18  per Annum prorated daily,Contract,INT-INV-AVIATION,
Admin Fees,Cons 5849047 and Ref 2170882021101 Received 631189 on 26JUN23 for Receipt No 74021808874 We charged your account for 12 days  18  per Annum prorated daily,Contract,INT-INV-AVIATION,
Admin Fees,Cons 4982089 and Ref 2073199721101 Received 357091 on 04JAN23 for Receipt No 11370558889688 We charged your account for 14 days  18  per Annum prorated daily,Contract,INT-INV-AVIATION,
